SignupID,Date,City,Province,Lat,Lon,BusinessType,DigitalIDCreated,CIPCRegistered,FundingRequested,Funded
1,2026-01-01,Durban,KwaZulu-Natal,-29.8587,31.0218,Hair Salon,True,True,True,True
2,2026-01-01,Gqeberha,Eastern Cape,-33.9608,25.6022,Hair Salon,True,False,False,False
3,2026-01-01,Durban,KwaZulu-Natal,-29.8587,31.0218,Spaza Shop,True,True,True,True
4,2026-01-01,Durban,KwaZulu-Natal,-29.8587,31.0218,Tech Services,True,False,False,False
5,2026-01-01,Pretoria,Gauteng,-25.7479,28.2293,Spaza Shop,True,True,False,False
6,2026-01-01,Bloemfontein,Free State,-29.0852,26.1596,Construction,True,True,True,True
7,2026-01-01,Mbombela,Mpumalanga,-25.4753,30.9694,Transport,True,True,True,True
8,2026-01-01,Durban,KwaZulu-Natal,-29.8587,31.0218,Food Stall,True,False,False,False
9,2026-01-01,Durban,KwaZulu-Natal,-29.8587,31.0218,Tech Services,True,False,False,False
10,2026-01-01,Johannesburg,Gauteng,-26.2041,28.0473,Transport,True,True,False,False
11,2026-01-01,Durban,KwaZulu-Natal,-29.8587,31.0218,Spaza Shop,True,False,False,False
12,2026-01-01,Durban,KwaZulu-Natal,-29.8587,31.0218,Hair Salon,True,False,False,False
13,2026-01-01,Polokwane,Limpopo,-23.9045,29.4689,Tech Services,True,False,False,False
14,2026-01-01,Pretoria,Gauteng,-25.7479,28.2293,Construction,True,True,True,True
15,2026-01-01,Gqeberha,Eastern Cape,-33.9608,25.6022,Hair Salon,True,False,False,False
16,2026-01-01,Durban,KwaZulu-Natal,-29.8587,31.0218,Catering,True,True,False,False
17,2026-01-01,Cape Town,Western Cape,-33.9249,18.4241,Construction,True,True,False,False
18,2026-01-01,Gqeberha,Eastern Cape,-33.9608,25.6022,Spaza Shop,True,False,False,False
19,2026-01-02,Pretoria,Gauteng,-25.7479,28.2293,Construction,True,True,True,True
20,2026-01-02,Mbombela,Mpumalanga,-25.4753,30.9694,Construction,True,True,False,False
21,2026-01-02,Durban,KwaZulu-Natal,-29.8587,31.0218,Food Stall,True,True,False,False
22,2026-01-02,Johannesburg,Gauteng,-26.2041,28.0473,Retail,True,True,False,False
23,2026-01-02,Bloemfontein,Free State,-29.0852,26.1596,Transport,True,True,False,False
24,2026-01-02,Pretoria,Gauteng,-25.7479,28.2293,Food Stall,True,False,False,False
25,2026-01-02,Johannesburg,Gauteng,-26.2041,28.0473,Tech Services,True,True,True,False
26,2026-01-02,Durban,KwaZulu-Natal,-29.8587,31.0218,Food Stall,True,True,False,False
27,2026-01-02,Durban,KwaZulu-Natal,-29.8587,31.0218,Spaza Shop,True,False,False,False
28,2026-01-02,Gqeberha,Eastern Cape,-33.9608,25.6022,Retail,True,True,False,False
29,2026-01-03,Bloemfontein,Free State,-29.0852,26.1596,Spaza Shop,True,True,True,True
30,2026-01-03,Mbombela,Mpumalanga,-25.4753,30.9694,Retail,True,False,False,False
31,2026-01-03,Kimberley,Northern Cape,-28.7282,24.7499,Hair Salon,True,False,False,False
32,2026-01-03,Polokwane,Limpopo,-23.9045,29.4689,Construction,True,True,False,False
33,2026-01-03,Johannesburg,Gauteng,-26.2041,28.0473,Spaza Shop,True,False,False,False
34,2026-01-03,Durban,KwaZulu-Natal,-29.8587,31.0218,Retail,True,True,True,False
35,2026-01-03,Pretoria,Gauteng,-25.7479,28.2293,Hair Salon,True,True,False,False
36,2026-01-03,Johannesburg,Gauteng,-26.2041,28.0473,Catering,True,True,True,False
37,2026-01-03,Johannesburg,Gauteng,-26.2041,28.0473,Retail,True,True,False,False
38,2026-01-03,Durban,KwaZulu-Natal,-29.8587,31.0218,Construction,True,True,False,False
39,2026-01-03,Gqeberha,Eastern Cape,-33.9608,25.6022,Transport,True,True,False,False
40,2026-01-03,Cape Town,Western Cape,-33.9249,18.4241,Transport,True,True,True,True
41,2026-01-03,Johannesburg,Gauteng,-26.2041,28.0473,Spaza Shop,True,True,False,False
42,2026-01-03,Johannesburg,Gauteng,-26.2041,28.0473,Transport,True,True,True,False
43,2026-01-03,Johannesburg,Gauteng,-26.2041,28.0473,Construction,True,True,False,False
44,2026-01-03,Durban,KwaZulu-Natal,-29.8587,31.0218,Food Stall,True,False,False,False
45,2026-01-04,Pretoria,Gauteng,-25.7479,28.2293,Tech Services,True,True,True,True
46,2026-01-04,Cape Town,Western Cape,-33.9249,18.4241,Spaza Shop,True,True,False,False
47,2026-01-04,Gqeberha,Eastern Cape,-33.9608,25.6022,Hair Salon,True,False,False,False
48,2026-01-04,Johannesburg,Gauteng,-26.2041,28.0473,Hair Salon,True,False,False,False
49,2026-01-04,Pretoria,Gauteng,-25.7479,28.2293,Retail,True,True,True,False
50,2026-01-04,Cape Town,Western Cape,-33.9249,18.4241,Hair Salon,True,False,False,False
51,2026-01-04,Cape Town,Western Cape,-33.9249,18.4241,Hair Salon,True,False,False,False
52,2026-01-04,Johannesburg,Gauteng,-26.2041,28.0473,Spaza Shop,True,False,False,False
53,2026-01-04,Kimberley,Northern Cape,-28.7282,24.7499,Construction,True,False,False,False
54,2026-01-04,Johannesburg,Gauteng,-26.2041,28.0473,Spaza Shop,True,True,True,False
55,2026-01-04,Johannesburg,Gauteng,-26.2041,28.0473,Food Stall,True,True,True,False
56,2026-01-04,Pretoria,Gauteng,-25.7479,28.2293,Food Stall,True,False,False,False
57,2026-01-04,Johannesburg,Gauteng,-26.2041,28.0473,Spaza Shop,True,True,False,False
58,2026-01-04,Bloemfontein,Free State,-29.0852,26.1596,Catering,True,True,False,False
59,2026-01-04,Johannesburg,Gauteng,-26.2041,28.0473,Hair Salon,True,True,False,False
60,2026-01-04,Durban,KwaZulu-Natal,-29.8587,31.0218,Construction,True,False,False,False
61,2026-01-04,Cape Town,Western Cape,-33.9249,18.4241,Construction,True,False,False,False
62,2026-01-04,Durban,KwaZulu-Natal,-29.8587,31.0218,Transport,True,True,True,False
63,2026-01-04,Mbombela,Mpumalanga,-25.4753,30.9694,Construction,True,True,False,False
64,2026-01-05,Pretoria,Gauteng,-25.7479,28.2293,Food Stall,True,True,False,False
65,2026-01-05,Pretoria,Gauteng,-25.7479,28.2293,Hair Salon,True,False,False,False
66,2026-01-05,Johannesburg,Gauteng,-26.2041,28.0473,Hair Salon,True,True,False,False
67,2026-01-05,Johannesburg,Gauteng,-26.2041,28.0473,Hair Salon,True,True,True,False
68,2026-01-05,Polokwane,Limpopo,-23.9045,29.4689,Retail,True,True,True,False
69,2026-01-05,Durban,KwaZulu-Natal,-29.8587,31.0218,Spaza Shop,True,False,False,False
70,2026-01-05,Gqeberha,Eastern Cape,-33.9608,25.6022,Hair Salon,True,True,False,False
71,2026-01-05,Mbombela,Mpumalanga,-25.4753,30.9694,Catering,True,True,True,True
72,2026-01-05,Pretoria,Gauteng,-25.7479,28.2293,Construction,True,True,False,False
73,2026-01-05,Gqeberha,Eastern Cape,-33.9608,25.6022,Food Stall,True,False,False,False
74,2026-01-05,Pretoria,Gauteng,-25.7479,28.2293,Spaza Shop,True,False,False,False
75,2026-01-06,Johannesburg,Gauteng,-26.2041,28.0473,Catering,True,True,True,True
76,2026-01-06,Durban,KwaZulu-Natal,-29.8587,31.0218,Tech Services,True,True,False,False
77,2026-01-06,Durban,KwaZulu-Natal,-29.8587,31.0218,Catering,True,True,False,False
78,2026-01-06,Durban,KwaZulu-Natal,-29.8587,31.0218,Catering,True,False,False,False
79,2026-01-06,Cape Town,Western Cape,-33.9249,18.4241,Spaza Shop,True,True,True,False
80,2026-01-06,Polokwane,Limpopo,-23.9045,29.4689,Tech Services,True,True,True,True
81,2026-01-06,Kimberley,Northern Cape,-28.7282,24.7499,Construction,True,False,False,False
82,2026-01-06,Polokwane,Limpopo,-23.9045,29.4689,Catering,True,False,False,False
83,2026-01-06,Polokwane,Limpopo,-23.9045,29.4689,Transport,True,True,False,False
84,2026-01-06,Bloemfontein,Free State,-29.0852,26.1596,Construction,True,True,False,False
85,2026-01-06,Pretoria,Gauteng,-25.7479,28.2293,Hair Salon,True,False,False,False
86,2026-01-06,Cape Town,Western Cape,-33.9249,18.4241,Food Stall,True,True,True,True
87,2026-01-06,Cape Town,Western Cape,-33.9249,18.4241,Construction,True,False,False,False
88,2026-01-07,Pretoria,Gauteng,-25.7479,28.2293,Hair Salon,True,True,True,True
89,2026-01-07,Kimberley,Northern Cape,-28.7282,24.7499,Tech Services,True,True,False,False
90,2026-01-07,Gqeberha,Eastern Cape,-33.9608,25.6022,Transport,True,False,False,False
91,2026-01-07,Mbombela,Mpumalanga,-25.4753,30.9694,Catering,True,True,False,False
92,2026-01-07,Durban,KwaZulu-Natal,-29.8587,31.0218,Spaza Shop,True,False,False,False
93,2026-01-07,Johannesburg,Gauteng,-26.2041,28.0473,Transport,True,True,False,False
94,2026-01-07,Cape Town,Western Cape,-33.9249,18.4241,Hair Salon,True,False,False,False
95,2026-01-07,Cape Town,Western Cape,-33.9249,18.4241,Spaza Shop,True,True,True,False
96,2026-01-07,Cape Town,Western Cape,-33.9249,18.4241,Construction,True,False,False,False
97,2026-01-07,Cape Town,Western Cape,-33.9249,18.4241,Transport,True,True,False,False
98,2026-01-07,Durban,KwaZulu-Natal,-29.8587,31.0218,Hair Salon,True,False,False,False
99,2026-01-07,Gqeberha,Eastern Cape,-33.9608,25.6022,Tech Services,True,True,True,False
100,2026-01-07,Gqeberha,Eastern Cape,-33.9608,25.6022,Tech Services,True,True,True,False
101,2026-01-07,Gqeberha,Eastern Cape,-33.9608,25.6022,Retail,True,False,False,False
102,2026-01-08,Cape Town,Western Cape,-33.9249,18.4241,Retail,True,False,False,False
103,2026-01-08,Pretoria,Gauteng,-25.7479,28.2293,Transport,True,True,False,False
104,2026-01-08,Cape Town,Western Cape,-33.9249,18.4241,Catering,True,True,True,False
105,2026-01-08,Durban,KwaZulu-Natal,-29.8587,31.0218,Transport,True,True,False,False
106,2026-01-08,Johannesburg,Gauteng,-26.2041,28.0473,Construction,True,False,False,False
107,2026-01-08,Gqeberha,Eastern Cape,-33.9608,25.6022,Construction,True,True,True,True
108,2026-01-08,Kimberley,Northern Cape,-28.7282,24.7499,Hair Salon,True,False,False,False
109,2026-01-08,Cape Town,Western Cape,-33.9249,18.4241,Construction,True,False,False,False
110,2026-01-08,Gqeberha,Eastern Cape,-33.9608,25.6022,Spaza Shop,True,True,True,True
111,2026-01-08,Polokwane,Limpopo,-23.9045,29.4689,Hair Salon,True,False,False,False
112,2026-01-08,Bloemfontein,Free State,-29.0852,26.1596,Food Stall,True,True,False,False
113,2026-01-08,Johannesburg,Gauteng,-26.2041,28.0473,Food Stall,True,True,False,False
114,2026-01-08,Johannesburg,Gauteng,-26.2041,28.0473,Transport,True,True,False,False
115,2026-01-08,Mbombela,Mpumalanga,-25.4753,30.9694,Tech Services,True,False,False,False
116,2026-01-08,East London,Eastern Cape,-33.0153,27.9116,Food Stall,True,True,False,False
117,2026-01-08,Cape Town,Western Cape,-33.9249,18.4241,Retail,True,False,False,False
118,2026-01-09,Bloemfontein,Free State,-29.0852,26.1596,Retail,True,True,False,False
119,2026-01-09,Cape Town,Western Cape,-33.9249,18.4241,Hair Salon,True,True,True,True
120,2026-01-09,Johannesburg,Gauteng,-26.2041,28.0473,Construction,True,True,False,False
121,2026-01-09,Johannesburg,Gauteng,-26.2041,28.0473,Tech Services,True,True,False,False
122,2026-01-09,Johannesburg,Gauteng,-26.2041,28.0473,Tech Services,True,False,False,False
123,2026-01-09,Polokwane,Limpopo,-23.9045,29.4689,Tech Services,True,True,False,False
124,2026-01-09,Cape Town,Western Cape,-33.9249,18.4241,Retail,True,False,False,False
125,2026-01-09,Bloemfontein,Free State,-29.0852,26.1596,Tech Services,True,False,False,False
126,2026-01-09,Durban,KwaZulu-Natal,-29.8587,31.0218,Construction,True,False,False,False
127,2026-01-09,Cape Town,Western Cape,-33.9249,18.4241,Tech Services,True,True,True,True
128,2026-01-09,Gqeberha,Eastern Cape,-33.9608,25.6022,Catering,True,False,False,False
129,2026-01-09,Kimberley,Northern Cape,-28.7282,24.7499,Spaza Shop,True,True,False,False
130,2026-01-10,Johannesburg,Gauteng,-26.2041,28.0473,Catering,True,True,False,False
131,2026-01-10,Johannesburg,Gauteng,-26.2041,28.0473,Tech Services,True,True,True,True
132,2026-01-10,Pretoria,Gauteng,-25.7479,28.2293,Tech Services,True,False,False,False
133,2026-01-10,Pretoria,Gauteng,-25.7479,28.2293,Transport,True,True,True,False
134,2026-01-10,Pretoria,Gauteng,-25.7479,28.2293,Spaza Shop,True,True,False,False
135,2026-01-10,Bloemfontein,Free State,-29.0852,26.1596,Construction,True,False,False,False
136,2026-01-10,East London,Eastern Cape,-33.0153,27.9116,Construction,True,False,False,False
137,2026-01-10,Johannesburg,Gauteng,-26.2041,28.0473,Construction,True,True,False,False
138,2026-01-10,Cape Town,Western Cape,-33.9249,18.4241,Hair Salon,True,True,True,False
139,2026-01-10,Bloemfontein,Free State,-29.0852,26.1596,Retail,True,True,True,False
140,2026-01-10,Durban,KwaZulu-Natal,-29.8587,31.0218,Tech Services,True,False,False,False
141,2026-01-10,Cape Town,Western Cape,-33.9249,18.4241,Construction,True,True,True,False
142,2026-01-10,Johannesburg,Gauteng,-26.2041,28.0473,Hair Salon,True,False,False,False
143,2026-01-10,East London,Eastern Cape,-33.0153,27.9116,Transport,True,True,True,False
144,2026-01-11,Johannesburg,Gauteng,-26.2041,28.0473,Food Stall,True,True,True,False
145,2026-01-11,Johannesburg,Gauteng,-26.2041,28.0473,Food Stall,True,False,False,False
146,2026-01-11,Gqeberha,Eastern Cape,-33.9608,25.6022,Retail,True,True,False,False
147,2026-01-11,Durban,KwaZulu-Natal,-29.8587,31.0218,Food Stall,True,False,False,False
148,2026-01-11,Cape Town,Western Cape,-33.9249,18.4241,Retail,True,False,False,False
149,2026-01-11,Pretoria,Gauteng,-25.7479,28.2293,Retail,True,True,False,False
150,2026-01-11,Polokwane,Limpopo,-23.9045,29.4689,Tech Services,True,True,False,False
151,2026-01-11,Pretoria,Gauteng,-25.7479,28.2293,Transport,True,True,True,False
152,2026-01-11,East London,Eastern Cape,-33.0153,27.9116,Retail,True,True,False,False
153,2026-01-11,Durban,KwaZulu-Natal,-29.8587,31.0218,Tech Services,True,True,True,True
154,2026-01-11,Cape Town,Western Cape,-33.9249,18.4241,Food Stall,True,False,False,False
155,2026-01-12,Durban,KwaZulu-Natal,-29.8587,31.0218,Hair Salon,True,True,False,False
156,2026-01-12,Pretoria,Gauteng,-25.7479,28.2293,Transport,True,True,True,False
157,2026-01-12,Cape Town,Western Cape,-33.9249,18.4241,Transport,True,True,True,False
158,2026-01-12,Cape Town,Western Cape,-33.9249,18.4241,Construction,True,True,True,True
159,2026-01-12,Pretoria,Gauteng,-25.7479,28.2293,Catering,True,False,False,False
160,2026-01-12,Johannesburg,Gauteng,-26.2041,28.0473,Retail,True,False,False,False
161,2026-01-12,Gqeberha,Eastern Cape,-33.9608,25.6022,Retail,True,False,False,False
162,2026-01-12,Kimberley,Northern Cape,-28.7282,24.7499,Retail,True,False,False,False
163,2026-01-12,Pretoria,Gauteng,-25.7479,28.2293,Retail,True,True,True,False
164,2026-01-12,Johannesburg,Gauteng,-26.2041,28.0473,Food Stall,True,True,True,False
165,2026-01-12,Johannesburg,Gauteng,-26.2041,28.0473,Transport,True,True,True,False
166,2026-01-12,Johannesburg,Gauteng,-26.2041,28.0473,Food Stall,True,True,False,False
167,2026-01-12,Johannesburg,Gauteng,-26.2041,28.0473,Spaza Shop,True,True,True,False
168,2026-01-12,Johannesburg,Gauteng,-26.2041,28.0473,Retail,True,False,False,False
169,2026-01-12,Johannesburg,Gauteng,-26.2041,28.0473,Tech Services,True,True,False,False
170,2026-01-12,Durban,KwaZulu-Natal,-29.8587,31.0218,Construction,True,False,False,False
171,2026-01-13,Bloemfontein,Free State,-29.0852,26.1596,Retail,True,True,False,False
172,2026-01-13,Polokwane,Limpopo,-23.9045,29.4689,Retail,True,False,False,False
173,2026-01-13,Durban,KwaZulu-Natal,-29.8587,31.0218,Hair Salon,True,True,False,False
174,2026-01-13,Mbombela,Mpumalanga,-25.4753,30.9694,Catering,True,True,True,False
175,2026-01-13,Pretoria,Gauteng,-25.7479,28.2293,Food Stall,True,True,True,False
176,2026-01-13,Pretoria,Gauteng,-25.7479,28.2293,Food Stall,True,True,False,False
177,2026-01-13,Johannesburg,Gauteng,-26.2041,28.0473,Construction,True,True,True,False
178,2026-01-13,Cape Town,Western Cape,-33.9249,18.4241,Retail,True,True,False,False
179,2026-01-13,East London,Eastern Cape,-33.0153,27.9116,Retail,True,True,True,False
180,2026-01-13,Cape Town,Western Cape,-33.9249,18.4241,Retail,True,True,True,True
181,2026-01-13,Cape Town,Western Cape,-33.9249,18.4241,Tech Services,True,True,True,True
182,2026-01-13,Gqeberha,Eastern Cape,-33.9608,25.6022,Spaza Shop,True,True,True,True
183,2026-01-13,Kimberley,Northern Cape,-28.7282,24.7499,Retail,True,False,False,False
184,2026-01-13,Durban,KwaZulu-Natal,-29.8587,31.0218,Catering,True,False,False,False
185,2026-01-13,Cape Town,Western Cape,-33.9249,18.4241,Catering,True,True,False,False
186,2026-01-13,Kimberley,Northern Cape,-28.7282,24.7499,Hair Salon,True,True,False,False
187,2026-01-14,Cape Town,Western Cape,-33.9249,18.4241,Catering,True,True,True,True
188,2026-01-14,Pretoria,Gauteng,-25.7479,28.2293,Retail,True,False,False,False
189,2026-01-14,Durban,KwaZulu-Natal,-29.8587,31.0218,Spaza Shop,True,True,False,False
190,2026-01-14,Cape Town,Western Cape,-33.9249,18.4241,Tech Services,True,True,True,False
191,2026-01-14,Polokwane,Limpopo,-23.9045,29.4689,Spaza Shop,True,False,False,False
192,2026-01-14,Durban,KwaZulu-Natal,-29.8587,31.0218,Transport,True,True,True,True
193,2026-01-14,Durban,KwaZulu-Natal,-29.8587,31.0218,Retail,True,True,True,True
194,2026-01-14,Durban,KwaZulu-Natal,-29.8587,31.0218,Food Stall,True,False,False,False
195,2026-01-14,Polokwane,Limpopo,-23.9045,29.4689,Construction,True,True,True,False
196,2026-01-14,Gqeberha,Eastern Cape,-33.9608,25.6022,Construction,True,True,True,False
197,2026-01-14,Kimberley,Northern Cape,-28.7282,24.7499,Food Stall,True,False,False,False
198,2026-01-14,Mbombela,Mpumalanga,-25.4753,30.9694,Catering,True,False,False,False
199,2026-01-14,Cape Town,Western Cape,-33.9249,18.4241,Food Stall,True,True,True,True
200,2026-01-15,Kimberley,Northern Cape,-28.7282,24.7499,Tech Services,True,True,False,False
201,2026-01-15,Johannesburg,Gauteng,-26.2041,28.0473,Catering,True,True,False,False
202,2026-01-15,Polokwane,Limpopo,-23.9045,29.4689,Tech Services,True,True,False,False
203,2026-01-15,Pretoria,Gauteng,-25.7479,28.2293,Retail,True,False,False,False
204,2026-01-15,East London,Eastern Cape,-33.0153,27.9116,Food Stall,True,True,True,False
205,2026-01-15,Polokwane,Limpopo,-23.9045,29.4689,Transport,True,True,False,False
206,2026-01-15,Durban,KwaZulu-Natal,-29.8587,31.0218,Transport,True,True,False,False
207,2026-01-15,Polokwane,Limpopo,-23.9045,29.4689,Construction,True,False,False,False
208,2026-01-15,Durban,KwaZulu-Natal,-29.8587,31.0218,Spaza Shop,True,True,False,False
209,2026-01-15,Pretoria,Gauteng,-25.7479,28.2293,Tech Services,True,True,False,False
210,2026-01-15,Cape Town,Western Cape,-33.9249,18.4241,Catering,True,True,False,False
211,2026-01-15,Cape Town,Western Cape,-33.9249,18.4241,Hair Salon,True,True,True,False
212,2026-01-15,Polokwane,Limpopo,-23.9045,29.4689,Food Stall,True,True,False,False
213,2026-01-15,Johannesburg,Gauteng,-26.2041,28.0473,Catering,True,True,False,False
214,2026-01-15,Johannesburg,Gauteng,-26.2041,28.0473,Retail,True,False,False,False
215,2026-01-15,Pretoria,Gauteng,-25.7479,28.2293,Hair Salon,True,False,False,False
216,2026-01-15,Polokwane,Limpopo,-23.9045,29.4689,Tech Services,True,False,False,False
217,2026-01-16,Mbombela,Mpumalanga,-25.4753,30.9694,Food Stall,True,False,False,False
218,2026-01-16,Polokwane,Limpopo,-23.9045,29.4689,Retail,True,True,True,False
219,2026-01-16,Kimberley,Northern Cape,-28.7282,24.7499,Tech Services,True,False,False,False
220,2026-01-16,Kimberley,Northern Cape,-28.7282,24.7499,Hair Salon,True,False,False,False
221,2026-01-16,Cape Town,Western Cape,-33.9249,18.4241,Spaza Shop,True,True,False,False
222,2026-01-16,Pretoria,Gauteng,-25.7479,28.2293,Construction,True,True,True,False
223,2026-01-16,Durban,KwaZulu-Natal,-29.8587,31.0218,Catering,True,True,False,False
224,2026-01-16,Johannesburg,Gauteng,-26.2041,28.0473,Food Stall,True,True,True,False
225,2026-01-16,Mbombela,Mpumalanga,-25.4753,30.9694,Retail,True,True,False,False
226,2026-01-16,Cape Town,Western Cape,-33.9249,18.4241,Food Stall,True,True,False,False
227,2026-01-17,Polokwane,Limpopo,-23.9045,29.4689,Catering,True,False,False,False
228,2026-01-17,Johannesburg,Gauteng,-26.2041,28.0473,Retail,True,False,False,False
229,2026-01-17,Durban,KwaZulu-Natal,-29.8587,31.0218,Construction,True,True,True,False
230,2026-01-17,Kimberley,Northern Cape,-28.7282,24.7499,Hair Salon,True,False,False,False
231,2026-01-17,Pretoria,Gauteng,-25.7479,28.2293,Retail,True,True,False,False
232,2026-01-17,Johannesburg,Gauteng,-26.2041,28.0473,Tech Services,True,False,False,False
233,2026-01-17,Pretoria,Gauteng,-25.7479,28.2293,Spaza Shop,True,True,False,False
234,2026-01-17,Mbombela,Mpumalanga,-25.4753,30.9694,Retail,True,False,False,False
235,2026-01-17,Bloemfontein,Free State,-29.0852,26.1596,Construction,True,True,False,False
236,2026-01-17,Durban,KwaZulu-Natal,-29.8587,31.0218,Catering,True,True,False,False
237,2026-01-17,Durban,KwaZulu-Natal,-29.8587,31.0218,Spaza Shop,True,False,False,False
238,2026-01-17,Pretoria,Gauteng,-25.7479,28.2293,Catering,True,True,False,False
239,2026-01-18,Johannesburg,Gauteng,-26.2041,28.0473,Catering,True,True,False,False
240,2026-01-18,Johannesburg,Gauteng,-26.2041,28.0473,Transport,True,False,False,False
241,2026-01-18,Durban,KwaZulu-Natal,-29.8587,31.0218,Catering,True,False,False,False
242,2026-01-18,Pretoria,Gauteng,-25.7479,28.2293,Food Stall,True,False,False,False
243,2026-01-18,Kimberley,Northern Cape,-28.7282,24.7499,Hair Salon,True,True,False,False
244,2026-01-18,Cape Town,Western Cape,-33.9249,18.4241,Construction,True,True,False,False
245,2026-01-18,Polokwane,Limpopo,-23.9045,29.4689,Tech Services,True,False,False,False
246,2026-01-18,Kimberley,Northern Cape,-28.7282,24.7499,Transport,True,False,False,False
247,2026-01-18,Johannesburg,Gauteng,-26.2041,28.0473,Transport,True,True,True,True
248,2026-01-18,Gqeberha,Eastern Cape,-33.9608,25.6022,Tech Services,True,False,False,False
249,2026-01-18,East London,Eastern Cape,-33.0153,27.9116,Hair Salon,True,False,False,False
250,2026-01-18,Gqeberha,Eastern Cape,-33.9608,25.6022,Transport,True,True,False,False
251,2026-01-18,Mbombela,Mpumalanga,-25.4753,30.9694,Retail,True,True,True,False
252,2026-01-19,Durban,KwaZulu-Natal,-29.8587,31.0218,Food Stall,True,True,True,True
253,2026-01-19,Johannesburg,Gauteng,-26.2041,28.0473,Tech Services,True,True,False,False
254,2026-01-19,Cape Town,Western Cape,-33.9249,18.4241,Tech Services,True,True,False,False
255,2026-01-19,Durban,KwaZulu-Natal,-29.8587,31.0218,Tech Services,True,False,False,False
256,2026-01-19,Durban,KwaZulu-Natal,-29.8587,31.0218,Tech Services,True,False,False,False
257,2026-01-19,Mbombela,Mpumalanga,-25.4753,30.9694,Construction,True,True,False,False
258,2026-01-19,Cape Town,Western Cape,-33.9249,18.4241,Transport,True,False,False,False
259,2026-01-19,Johannesburg,Gauteng,-26.2041,28.0473,Transport,True,True,False,False
260,2026-01-19,Johannesburg,Gauteng,-26.2041,28.0473,Food Stall,True,True,False,False
261,2026-01-19,Johannesburg,Gauteng,-26.2041,28.0473,Spaza Shop,True,True,False,False
262,2026-01-19,Johannesburg,Gauteng,-26.2041,28.0473,Construction,True,True,False,False
263,2026-01-19,Johannesburg,Gauteng,-26.2041,28.0473,Construction,True,False,False,False
264,2026-01-19,Durban,KwaZulu-Natal,-29.8587,31.0218,Construction,True,False,False,False
265,2026-01-19,Pretoria,Gauteng,-25.7479,28.2293,Spaza Shop,True,True,False,False
266,2026-01-19,Pretoria,Gauteng,-25.7479,28.2293,Catering,True,False,False,False
267,2026-01-20,Durban,KwaZulu-Natal,-29.8587,31.0218,Hair Salon,True,False,False,False
268,2026-01-20,Durban,KwaZulu-Natal,-29.8587,31.0218,Construction,True,True,True,False
269,2026-01-20,Durban,KwaZulu-Natal,-29.8587,31.0218,Tech Services,True,True,True,True
270,2026-01-20,Durban,KwaZulu-Natal,-29.8587,31.0218,Food Stall,True,False,False,False
271,2026-01-20,Cape Town,Western Cape,-33.9249,18.4241,Food Stall,True,True,False,False
272,2026-01-20,Cape Town,Western Cape,-33.9249,18.4241,Spaza Shop,True,False,False,False
273,2026-01-20,Gqeberha,Eastern Cape,-33.9608,25.6022,Retail,True,False,False,False
274,2026-01-20,Cape Town,Western Cape,-33.9249,18.4241,Spaza Shop,True,False,False,False
275,2026-01-20,Kimberley,Northern Cape,-28.7282,24.7499,Tech Services,True,False,False,False
276,2026-01-21,Gqeberha,Eastern Cape,-33.9608,25.6022,Hair Salon,True,True,False,False
277,2026-01-21,Polokwane,Limpopo,-23.9045,29.4689,Transport,True,True,True,True
278,2026-01-21,Cape Town,Western Cape,-33.9249,18.4241,Tech Services,True,True,True,False
279,2026-01-21,Johannesburg,Gauteng,-26.2041,28.0473,Construction,True,False,False,False
280,2026-01-21,Cape Town,Western Cape,-33.9249,18.4241,Tech Services,True,False,False,False
281,2026-01-21,Pretoria,Gauteng,-25.7479,28.2293,Tech Services,True,True,True,True
282,2026-01-22,Pretoria,Gauteng,-25.7479,28.2293,Food Stall,True,True,False,False
283,2026-01-22,Johannesburg,Gauteng,-26.2041,28.0473,Hair Salon,True,False,False,False
284,2026-01-22,Cape Town,Western Cape,-33.9249,18.4241,Transport,True,False,False,False
285,2026-01-22,East London,Eastern Cape,-33.0153,27.9116,Transport,True,True,False,False
286,2026-01-22,Gqeberha,Eastern Cape,-33.9608,25.6022,Tech Services,True,True,False,False
287,2026-01-22,Polokwane,Limpopo,-23.9045,29.4689,Retail,True,False,False,False
288,2026-01-22,Durban,KwaZulu-Natal,-29.8587,31.0218,Construction,True,True,False,False
289,2026-01-22,Johannesburg,Gauteng,-26.2041,28.0473,Transport,True,True,False,False
290,2026-01-22,Polokwane,Limpopo,-23.9045,29.4689,Construction,True,True,False,False
291,2026-01-22,East London,Eastern Cape,-33.0153,27.9116,Spaza Shop,True,False,False,False
292,2026-01-22,Durban,KwaZulu-Natal,-29.8587,31.0218,Retail,True,False,False,False
293,2026-01-22,Johannesburg,Gauteng,-26.2041,28.0473,Transport,True,True,False,False
294,2026-01-22,Cape Town,Western Cape,-33.9249,18.4241,Hair Salon,True,True,True,False
295,2026-01-22,Johannesburg,Gauteng,-26.2041,28.0473,Construction,True,True,True,False
296,2026-01-23,Cape Town,Western Cape,-33.9249,18.4241,Transport,True,True,True,True
297,2026-01-23,Bloemfontein,Free State,-29.0852,26.1596,Catering,True,True,True,True
298,2026-01-23,Bloemfontein,Free State,-29.0852,26.1596,Tech Services,True,True,True,False
299,2026-01-23,Cape Town,Western Cape,-33.9249,18.4241,Hair Salon,True,True,True,False
300,2026-01-23,Cape Town,Western Cape,-33.9249,18.4241,Food Stall,True,True,False,False
301,2026-01-23,Durban,KwaZulu-Natal,-29.8587,31.0218,Spaza Shop,True,True,True,False
302,2026-01-23,Johannesburg,Gauteng,-26.2041,28.0473,Retail,True,True,True,True
303,2026-01-23,Pretoria,Gauteng,-25.7479,28.2293,Tech Services,True,True,False,False
304,2026-01-23,Johannesburg,Gauteng,-26.2041,28.0473,Transport,True,True,False,False
305,2026-01-23,Johannesburg,Gauteng,-26.2041,28.0473,Spaza Shop,True,False,False,False
306,2026-01-23,Cape Town,Western Cape,-33.9249,18.4241,Tech Services,True,True,True,True
307,2026-01-23,Durban,KwaZulu-Natal,-29.8587,31.0218,Tech Services,True,False,False,False
308,2026-01-23,Pretoria,Gauteng,-25.7479,28.2293,Catering,True,True,False,False
309,2026-01-23,East London,Eastern Cape,-33.0153,27.9116,Transport,True,False,False,False
310,2026-01-23,Johannesburg,Gauteng,-26.2041,28.0473,Construction,True,False,False,False
311,2026-01-23,Cape Town,Western Cape,-33.9249,18.4241,Transport,True,True,True,False
312,2026-01-23,Pretoria,Gauteng,-25.7479,28.2293,Hair Salon,True,False,False,False
313,2026-01-23,Cape Town,Western Cape,-33.9249,18.4241,Transport,True,True,True,False
314,2026-01-23,Cape Town,Western Cape,-33.9249,18.4241,Catering,True,False,False,False
315,2026-01-23,Pretoria,Gauteng,-25.7479,28.2293,Hair Salon,True,True,True,False
316,2026-01-24,Johannesburg,Gauteng,-26.2041,28.0473,Food Stall,True,False,False,False
317,2026-01-24,Cape Town,Western Cape,-33.9249,18.4241,Transport,True,True,False,False
318,2026-01-24,Polokwane,Limpopo,-23.9045,29.4689,Catering,True,False,False,False
319,2026-01-24,Cape Town,Western Cape,-33.9249,18.4241,Retail,True,True,False,False
320,2026-01-24,Durban,KwaZulu-Natal,-29.8587,31.0218,Spaza Shop,True,True,True,False
321,2026-01-24,Johannesburg,Gauteng,-26.2041,28.0473,Hair Salon,True,False,False,False
322,2026-01-24,Durban,KwaZulu-Natal,-29.8587,31.0218,Hair Salon,True,False,False,False
323,2026-01-24,Durban,KwaZulu-Natal,-29.8587,31.0218,Spaza Shop,True,True,False,False
324,2026-01-24,Cape Town,Western Cape,-33.9249,18.4241,Construction,True,False,False,False
325,2026-01-24,Pretoria,Gauteng,-25.7479,28.2293,Hair Salon,True,True,True,True
326,2026-01-24,East London,Eastern Cape,-33.0153,27.9116,Hair Salon,True,False,False,False
327,2026-01-24,Cape Town,Western Cape,-33.9249,18.4241,Food Stall,True,True,True,False
328,2026-01-25,Durban,KwaZulu-Natal,-29.8587,31.0218,Tech Services,True,True,True,False
329,2026-01-25,Cape Town,Western Cape,-33.9249,18.4241,Transport,True,True,False,False
330,2026-01-25,Johannesburg,Gauteng,-26.2041,28.0473,Retail,True,True,False,False
331,2026-01-25,Pretoria,Gauteng,-25.7479,28.2293,Catering,True,False,False,False
332,2026-01-25,Pretoria,Gauteng,-25.7479,28.2293,Tech Services,True,True,True,True
333,2026-01-25,Johannesburg,Gauteng,-26.2041,28.0473,Hair Salon,True,False,False,False
334,2026-01-25,Pretoria,Gauteng,-25.7479,28.2293,Catering,True,True,False,False
335,2026-01-25,Gqeberha,Eastern Cape,-33.9608,25.6022,Hair Salon,True,False,False,False
336,2026-01-25,Durban,KwaZulu-Natal,-29.8587,31.0218,Catering,True,True,True,False
337,2026-01-25,Mbombela,Mpumalanga,-25.4753,30.9694,Construction,True,True,False,False
338,2026-01-26,Pretoria,Gauteng,-25.7479,28.2293,Hair Salon,True,True,True,False
339,2026-01-26,Cape Town,Western Cape,-33.9249,18.4241,Spaza Shop,True,True,False,False
340,2026-01-26,Durban,KwaZulu-Natal,-29.8587,31.0218,Catering,True,False,False,False
341,2026-01-26,Durban,KwaZulu-Natal,-29.8587,31.0218,Catering,True,True,True,False
342,2026-01-26,Gqeberha,Eastern Cape,-33.9608,25.6022,Food Stall,True,True,True,False
343,2026-01-26,Durban,KwaZulu-Natal,-29.8587,31.0218,Food Stall,True,False,False,False
344,2026-01-26,Pretoria,Gauteng,-25.7479,28.2293,Food Stall,True,True,False,False
345,2026-01-26,Polokwane,Limpopo,-23.9045,29.4689,Food Stall,True,True,False,False
346,2026-01-26,Cape Town,Western Cape,-33.9249,18.4241,Catering,True,True,True,False
347,2026-01-26,East London,Eastern Cape,-33.0153,27.9116,Catering,True,False,False,False
348,2026-01-26,Polokwane,Limpopo,-23.9045,29.4689,Transport,True,True,False,False
349,2026-01-26,Durban,KwaZulu-Natal,-29.8587,31.0218,Hair Salon,True,True,False,False
350,2026-01-26,Pretoria,Gauteng,-25.7479,28.2293,Retail,True,False,False,False
351,2026-01-26,Cape Town,Western Cape,-33.9249,18.4241,Hair Salon,True,True,False,False
352,2026-01-26,Mbombela,Mpumalanga,-25.4753,30.9694,Transport,True,True,False,False
353,2026-01-26,Mbombela,Mpumalanga,-25.4753,30.9694,Tech Services,True,True,True,False
354,2026-01-26,Kimberley,Northern Cape,-28.7282,24.7499,Transport,True,True,True,False
355,2026-01-26,Bloemfontein,Free State,-29.0852,26.1596,Catering,True,True,True,False
356,2026-01-26,Bloemfontein,Free State,-29.0852,26.1596,Hair Salon,True,True,False,False
357,2026-01-27,Johannesburg,Gauteng,-26.2041,28.0473,Tech Services,True,True,True,False
358,2026-01-27,Johannesburg,Gauteng,-26.2041,28.0473,Tech Services,True,True,True,True
359,2026-01-27,Durban,KwaZulu-Natal,-29.8587,31.0218,Food Stall,True,True,True,False
360,2026-01-27,Durban,KwaZulu-Natal,-29.8587,31.0218,Construction,True,True,False,False
361,2026-01-27,Gqeberha,Eastern Cape,-33.9608,25.6022,Tech Services,True,True,True,False
362,2026-01-27,Johannesburg,Gauteng,-26.2041,28.0473,Transport,True,True,False,False
363,2026-01-27,Johannesburg,Gauteng,-26.2041,28.0473,Spaza Shop,True,True,False,False
364,2026-01-27,Cape Town,Western Cape,-33.9249,18.4241,Transport,True,True,False,False
365,2026-01-27,Pretoria,Gauteng,-25.7479,28.2293,Transport,True,True,False,False
366,2026-01-27,Pretoria,Gauteng,-25.7479,28.2293,Transport,True,True,True,False
367,2026-01-27,Johannesburg,Gauteng,-26.2041,28.0473,Food Stall,True,True,True,False
368,2026-01-27,Kimberley,Northern Cape,-28.7282,24.7499,Food Stall,True,True,True,True
369,2026-01-27,Johannesburg,Gauteng,-26.2041,28.0473,Spaza Shop,True,True,False,False
370,2026-01-27,Pretoria,Gauteng,-25.7479,28.2293,Food Stall,True,True,True,False
371,2026-01-27,Pretoria,Gauteng,-25.7479,28.2293,Construction,True,False,False,False
372,2026-01-27,Pretoria,Gauteng,-25.7479,28.2293,Spaza Shop,True,False,False,False
373,2026-01-27,Polokwane,Limpopo,-23.9045,29.4689,Tech Services,True,True,True,False
374,2026-01-27,Bloemfontein,Free State,-29.0852,26.1596,Tech Services,True,False,False,False
375,2026-01-28,Pretoria,Gauteng,-25.7479,28.2293,Transport,True,True,False,False
376,2026-01-28,Mbombela,Mpumalanga,-25.4753,30.9694,Tech Services,True,True,False,False
377,2026-01-28,Johannesburg,Gauteng,-26.2041,28.0473,Retail,True,True,False,False
378,2026-01-28,Pretoria,Gauteng,-25.7479,28.2293,Retail,True,True,False,False
379,2026-01-28,Cape Town,Western Cape,-33.9249,18.4241,Food Stall,True,True,True,False
380,2026-01-28,Johannesburg,Gauteng,-26.2041,28.0473,Transport,True,False,False,False
381,2026-01-28,Durban,KwaZulu-Natal,-29.8587,31.0218,Spaza Shop,True,True,False,False
382,2026-01-28,Johannesburg,Gauteng,-26.2041,28.0473,Catering,True,True,True,False
383,2026-01-28,Mbombela,Mpumalanga,-25.4753,30.9694,Food Stall,True,True,False,False
384,2026-01-28,Johannesburg,Gauteng,-26.2041,28.0473,Transport,True,True,False,False
385,2026-01-28,Cape Town,Western Cape,-33.9249,18.4241,Spaza Shop,True,False,False,False
386,2026-01-28,Durban,KwaZulu-Natal,-29.8587,31.0218,Transport,True,False,False,False
387,2026-01-28,Cape Town,Western Cape,-33.9249,18.4241,Catering,True,False,False,False
388,2026-01-28,Durban,KwaZulu-Natal,-29.8587,31.0218,Construction,True,True,False,False
389,2026-01-28,Mbombela,Mpumalanga,-25.4753,30.9694,Hair Salon,True,True,True,False
390,2026-01-28,Pretoria,Gauteng,-25.7479,28.2293,Retail,True,True,True,False
391,2026-01-28,Gqeberha,Eastern Cape,-33.9608,25.6022,Construction,True,False,False,False
392,2026-01-28,Johannesburg,Gauteng,-26.2041,28.0473,Food Stall,True,False,False,False
393,2026-01-28,Johannesburg,Gauteng,-26.2041,28.0473,Hair Salon,True,False,False,False
394,2026-01-29,East London,Eastern Cape,-33.0153,27.9116,Transport,True,False,False,False
395,2026-01-29,Gqeberha,Eastern Cape,-33.9608,25.6022,Retail,True,False,False,False
396,2026-01-29,Polokwane,Limpopo,-23.9045,29.4689,Catering,True,False,False,False
397,2026-01-29,East London,Eastern Cape,-33.0153,27.9116,Catering,True,True,True,True
398,2026-01-29,Pretoria,Gauteng,-25.7479,28.2293,Food Stall,True,True,True,False
399,2026-01-29,East London,Eastern Cape,-33.0153,27.9116,Hair Salon,True,True,False,False
400,2026-01-29,Johannesburg,Gauteng,-26.2041,28.0473,Food Stall,True,True,False,False
401,2026-01-29,Durban,KwaZulu-Natal,-29.8587,31.0218,Hair Salon,True,False,False,False
402,2026-01-29,Johannesburg,Gauteng,-26.2041,28.0473,Transport,True,True,True,False
403,2026-01-29,Johannesburg,Gauteng,-26.2041,28.0473,Catering,True,False,False,False
404,2026-01-29,Bloemfontein,Free State,-29.0852,26.1596,Spaza Shop,True,True,False,False
405,2026-01-29,East London,Eastern Cape,-33.0153,27.9116,Construction,True,True,True,True
406,2026-01-29,Cape Town,Western Cape,-33.9249,18.4241,Retail,True,False,False,False
407,2026-01-29,Polokwane,Limpopo,-23.9045,29.4689,Retail,True,True,False,False
408,2026-01-30,Johannesburg,Gauteng,-26.2041,28.0473,Catering,True,True,False,False
409,2026-01-30,Durban,KwaZulu-Natal,-29.8587,31.0218,Transport,True,True,True,False
410,2026-01-30,East London,Eastern Cape,-33.0153,27.9116,Spaza Shop,True,True,False,False
411,2026-01-30,Johannesburg,Gauteng,-26.2041,28.0473,Retail,True,False,False,False
412,2026-01-30,Durban,KwaZulu-Natal,-29.8587,31.0218,Tech Services,True,False,False,False
413,2026-01-30,Durban,KwaZulu-Natal,-29.8587,31.0218,Retail,True,True,False,False
414,2026-01-30,Durban,KwaZulu-Natal,-29.8587,31.0218,Tech Services,True,True,True,False
415,2026-01-30,Pretoria,Gauteng,-25.7479,28.2293,Food Stall,True,True,True,False
416,2026-01-30,Cape Town,Western Cape,-33.9249,18.4241,Transport,True,True,True,False
417,2026-01-30,Gqeberha,Eastern Cape,-33.9608,25.6022,Tech Services,True,False,False,False
418,2026-01-30,Johannesburg,Gauteng,-26.2041,28.0473,Transport,True,True,False,False
419,2026-01-30,Pretoria,Gauteng,-25.7479,28.2293,Spaza Shop,True,True,True,True
420,2026-01-30,Pretoria,Gauteng,-25.7479,28.2293,Construction,True,True,False,False
421,2026-01-30,Mbombela,Mpumalanga,-25.4753,30.9694,Transport,True,False,False,False
422,2026-01-30,Mbombela,Mpumalanga,-25.4753,30.9694,Construction,True,False,False,False
423,2026-01-30,Bloemfontein,Free State,-29.0852,26.1596,Food Stall,True,True,False,False
424,2026-01-30,Polokwane,Limpopo,-23.9045,29.4689,Food Stall,True,True,True,False
425,2026-01-30,Kimberley,Northern Cape,-28.7282,24.7499,Spaza Shop,True,True,False,False
426,2026-01-30,Pretoria,Gauteng,-25.7479,28.2293,Food Stall,True,True,False,False
427,2026-01-30,Pretoria,Gauteng,-25.7479,28.2293,Retail,True,True,True,True
428,2026-01-30,Gqeberha,Eastern Cape,-33.9608,25.6022,Transport,True,False,False,False
429,2026-01-31,Johannesburg,Gauteng,-26.2041,28.0473,Transport,True,True,False,False
430,2026-01-31,Durban,KwaZulu-Natal,-29.8587,31.0218,Retail,True,True,False,False
431,2026-01-31,East London,Eastern Cape,-33.0153,27.9116,Hair Salon,True,False,False,False
432,2026-01-31,Johannesburg,Gauteng,-26.2041,28.0473,Transport,True,True,True,False
433,2026-01-31,Bloemfontein,Free State,-29.0852,26.1596,Spaza Shop,True,True,False,False
434,2026-01-31,Johannesburg,Gauteng,-26.2041,28.0473,Food Stall,True,True,True,False
435,2026-01-31,Johannesburg,Gauteng,-26.2041,28.0473,Catering,True,False,False,False
436,2026-01-31,Pretoria,Gauteng,-25.7479,28.2293,Retail,True,True,True,False
437,2026-01-31,Durban,KwaZulu-Natal,-29.8587,31.0218,Food Stall,True,True,False,False
438,2026-01-31,Gqeberha,Eastern Cape,-33.9608,25.6022,Transport,True,True,False,False
439,2026-01-31,Pretoria,Gauteng,-25.7479,28.2293,Spaza Shop,True,True,True,True
440,2026-01-31,Durban,KwaZulu-Natal,-29.8587,31.0218,Construction,True,True,False,False
441,2026-01-31,Gqeberha,Eastern Cape,-33.9608,25.6022,Tech Services,True,True,True,False
442,2026-01-31,Johannesburg,Gauteng,-26.2041,28.0473,Hair Salon,True,True,True,False
443,2026-02-01,Johannesburg,Gauteng,-26.2041,28.0473,Construction,True,True,True,False
444,2026-02-01,Cape Town,Western Cape,-33.9249,18.4241,Food Stall,True,False,False,False
445,2026-02-01,Polokwane,Limpopo,-23.9045,29.4689,Spaza Shop,True,False,False,False
446,2026-02-01,Gqeberha,Eastern Cape,-33.9608,25.6022,Food Stall,True,True,False,False
447,2026-02-01,Durban,KwaZulu-Natal,-29.8587,31.0218,Transport,True,True,True,False
448,2026-02-01,Durban,KwaZulu-Natal,-29.8587,31.0218,Retail,True,False,False,False
449,2026-02-01,Durban,KwaZulu-Natal,-29.8587,31.0218,Construction,True,True,True,False
450,2026-02-01,Mbombela,Mpumalanga,-25.4753,30.9694,Retail,True,False,False,False
451,2026-02-01,Gqeberha,Eastern Cape,-33.9608,25.6022,Food Stall,True,False,False,False
452,2026-02-01,Pretoria,Gauteng,-25.7479,28.2293,Retail,True,True,False,False
453,2026-02-01,Pretoria,Gauteng,-25.7479,28.2293,Tech Services,True,True,False,False
454,2026-02-01,East London,Eastern Cape,-33.0153,27.9116,Catering,True,False,False,False
455,2026-02-01,Pretoria,Gauteng,-25.7479,28.2293,Transport,True,True,False,False
456,2026-02-01,Mbombela,Mpumalanga,-25.4753,30.9694,Food Stall,True,False,False,False
457,2026-02-02,Johannesburg,Gauteng,-26.2041,28.0473,Retail,True,False,False,False
458,2026-02-02,Mbombela,Mpumalanga,-25.4753,30.9694,Catering,True,False,False,False
459,2026-02-02,Johannesburg,Gauteng,-26.2041,28.0473,Construction,True,False,False,False
460,2026-02-02,Pretoria,Gauteng,-25.7479,28.2293,Construction,True,True,False,False
461,2026-02-02,Johannesburg,Gauteng,-26.2041,28.0473,Hair Salon,True,True,False,False
462,2026-02-02,Gqeberha,Eastern Cape,-33.9608,25.6022,Catering,True,True,False,False
463,2026-02-02,Cape Town,Western Cape,-33.9249,18.4241,Food Stall,True,False,False,False
464,2026-02-02,Cape Town,Western Cape,-33.9249,18.4241,Transport,True,True,False,False
465,2026-02-02,Pretoria,Gauteng,-25.7479,28.2293,Construction,True,True,False,False
466,2026-02-02,Durban,KwaZulu-Natal,-29.8587,31.0218,Spaza Shop,True,False,False,False
467,2026-02-02,Mbombela,Mpumalanga,-25.4753,30.9694,Catering,True,True,False,False
468,2026-02-02,Mbombela,Mpumalanga,-25.4753,30.9694,Food Stall,True,True,False,False
469,2026-02-02,Johannesburg,Gauteng,-26.2041,28.0473,Retail,True,False,False,False
470,2026-02-02,Polokwane,Limpopo,-23.9045,29.4689,Hair Salon,True,True,False,False
471,2026-02-02,Mbombela,Mpumalanga,-25.4753,30.9694,Food Stall,True,True,False,False
472,2026-02-02,Polokwane,Limpopo,-23.9045,29.4689,Retail,True,True,False,False
473,2026-02-02,Johannesburg,Gauteng,-26.2041,28.0473,Retail,True,True,True,False
474,2026-02-02,Gqeberha,Eastern Cape,-33.9608,25.6022,Construction,True,True,True,True
475,2026-02-02,Johannesburg,Gauteng,-26.2041,28.0473,Tech Services,True,False,False,False
476,2026-02-03,East London,Eastern Cape,-33.0153,27.9116,Catering,True,True,True,False
477,2026-02-03,Kimberley,Northern Cape,-28.7282,24.7499,Spaza Shop,True,True,False,False
478,2026-02-03,Pretoria,Gauteng,-25.7479,28.2293,Transport,True,True,False,False
479,2026-02-03,Pretoria,Gauteng,-25.7479,28.2293,Spaza Shop,True,False,False,False
480,2026-02-03,Pretoria,Gauteng,-25.7479,28.2293,Food Stall,True,True,True,False
481,2026-02-03,Pretoria,Gauteng,-25.7479,28.2293,Retail,True,True,False,False
482,2026-02-03,Gqeberha,Eastern Cape,-33.9608,25.6022,Retail,True,False,False,False
483,2026-02-03,Cape Town,Western Cape,-33.9249,18.4241,Food Stall,True,True,False,False
484,2026-02-03,Johannesburg,Gauteng,-26.2041,28.0473,Transport,True,False,False,False
485,2026-02-03,Cape Town,Western Cape,-33.9249,18.4241,Construction,True,True,True,False
486,2026-02-03,Bloemfontein,Free State,-29.0852,26.1596,Hair Salon,True,False,False,False
487,2026-02-03,Durban,KwaZulu-Natal,-29.8587,31.0218,Hair Salon,True,True,True,False
488,2026-02-03,Johannesburg,Gauteng,-26.2041,28.0473,Catering,True,True,False,False
489,2026-02-03,Johannesburg,Gauteng,-26.2041,28.0473,Food Stall,True,False,False,False
490,2026-02-03,Johannesburg,Gauteng,-26.2041,28.0473,Hair Salon,True,True,False,False
491,2026-02-03,Polokwane,Limpopo,-23.9045,29.4689,Tech Services,True,True,True,True
492,2026-02-03,Cape Town,Western Cape,-33.9249,18.4241,Spaza Shop,True,True,True,False
493,2026-02-03,Cape Town,Western Cape,-33.9249,18.4241,Construction,True,False,False,False
494,2026-02-03,Durban,KwaZulu-Natal,-29.8587,31.0218,Spaza Shop,True,True,True,True
495,2026-02-03,Mbombela,Mpumalanga,-25.4753,30.9694,Spaza Shop,True,True,False,False
496,2026-02-03,Pretoria,Gauteng,-25.7479,28.2293,Tech Services,True,True,True,False
497,2026-02-03,Cape Town,Western Cape,-33.9249,18.4241,Food Stall,True,False,False,False
498,2026-02-03,Polokwane,Limpopo,-23.9045,29.4689,Tech Services,True,False,False,False
499,2026-02-04,Johannesburg,Gauteng,-26.2041,28.0473,Catering,True,False,False,False
500,2026-02-04,Durban,KwaZulu-Natal,-29.8587,31.0218,Catering,True,True,True,False
501,2026-02-04,Gqeberha,Eastern Cape,-33.9608,25.6022,Retail,True,True,True,True
502,2026-02-04,Cape Town,Western Cape,-33.9249,18.4241,Construction,True,True,True,True
503,2026-02-04,Pretoria,Gauteng,-25.7479,28.2293,Hair Salon,True,True,True,False
504,2026-02-04,Johannesburg,Gauteng,-26.2041,28.0473,Spaza Shop,True,True,False,False
505,2026-02-04,Pretoria,Gauteng,-25.7479,28.2293,Food Stall,True,True,False,False
506,2026-02-04,Durban,KwaZulu-Natal,-29.8587,31.0218,Spaza Shop,True,False,False,False
507,2026-02-04,Pretoria,Gauteng,-25.7479,28.2293,Spaza Shop,True,True,True,False
508,2026-02-04,Johannesburg,Gauteng,-26.2041,28.0473,Construction,True,False,False,False
509,2026-02-04,East London,Eastern Cape,-33.0153,27.9116,Transport,True,False,False,False
510,2026-02-05,Durban,KwaZulu-Natal,-29.8587,31.0218,Transport,True,False,False,False
511,2026-02-05,Pretoria,Gauteng,-25.7479,28.2293,Construction,True,False,False,False
512,2026-02-05,Cape Town,Western Cape,-33.9249,18.4241,Catering,True,True,False,False
513,2026-02-05,Durban,KwaZulu-Natal,-29.8587,31.0218,Transport,True,True,False,False
514,2026-02-05,Mbombela,Mpumalanga,-25.4753,30.9694,Transport,True,False,False,False
515,2026-02-05,Gqeberha,Eastern Cape,-33.9608,25.6022,Food Stall,True,True,True,True
516,2026-02-05,Pretoria,Gauteng,-25.7479,28.2293,Catering,True,True,False,False
517,2026-02-05,East London,Eastern Cape,-33.0153,27.9116,Tech Services,True,False,False,False
518,2026-02-05,Kimberley,Northern Cape,-28.7282,24.7499,Catering,True,False,False,False
519,2026-02-05,Cape Town,Western Cape,-33.9249,18.4241,Food Stall,True,True,True,True
520,2026-02-05,Polokwane,Limpopo,-23.9045,29.4689,Construction,True,True,False,False
521,2026-02-05,Johannesburg,Gauteng,-26.2041,28.0473,Spaza Shop,True,True,False,False
522,2026-02-05,Polokwane,Limpopo,-23.9045,29.4689,Construction,True,True,False,False
523,2026-02-05,Cape Town,Western Cape,-33.9249,18.4241,Transport,True,False,False,False
524,2026-02-05,Pretoria,Gauteng,-25.7479,28.2293,Construction,True,False,False,False
525,2026-02-05,Mbombela,Mpumalanga,-25.4753,30.9694,Hair Salon,True,False,False,False
526,2026-02-05,Bloemfontein,Free State,-29.0852,26.1596,Construction,True,False,False,False
527,2026-02-05,Gqeberha,Eastern Cape,-33.9608,25.6022,Tech Services,True,False,False,False
528,2026-02-05,Mbombela,Mpumalanga,-25.4753,30.9694,Tech Services,True,True,False,False
529,2026-02-06,Cape Town,Western Cape,-33.9249,18.4241,Food Stall,True,True,True,True
530,2026-02-06,Cape Town,Western Cape,-33.9249,18.4241,Food Stall,True,False,False,False
531,2026-02-06,Bloemfontein,Free State,-29.0852,26.1596,Spaza Shop,True,True,True,True
532,2026-02-06,Durban,KwaZulu-Natal,-29.8587,31.0218,Tech Services,True,True,True,True
533,2026-02-06,Pretoria,Gauteng,-25.7479,28.2293,Construction,True,True,True,False
534,2026-02-06,Cape Town,Western Cape,-33.9249,18.4241,Retail,True,True,False,False
535,2026-02-06,Bloemfontein,Free State,-29.0852,26.1596,Food Stall,True,True,False,False
536,2026-02-06,Cape Town,Western Cape,-33.9249,18.4241,Transport,True,False,False,False
537,2026-02-06,Johannesburg,Gauteng,-26.2041,28.0473,Food Stall,True,False,False,False
538,2026-02-06,Johannesburg,Gauteng,-26.2041,28.0473,Spaza Shop,True,False,False,False
539,2026-02-06,Durban,KwaZulu-Natal,-29.8587,31.0218,Hair Salon,True,False,False,False
540,2026-02-06,Mbombela,Mpumalanga,-25.4753,30.9694,Spaza Shop,True,False,False,False
541,2026-02-06,Cape Town,Western Cape,-33.9249,18.4241,Construction,True,False,False,False
542,2026-02-06,Johannesburg,Gauteng,-26.2041,28.0473,Spaza Shop,True,True,True,False
543,2026-02-06,Durban,KwaZulu-Natal,-29.8587,31.0218,Food Stall,True,False,False,False
544,2026-02-06,Durban,KwaZulu-Natal,-29.8587,31.0218,Tech Services,True,True,False,False
545,2026-02-06,Johannesburg,Gauteng,-26.2041,28.0473,Spaza Shop,True,True,True,False
546,2026-02-06,Cape Town,Western Cape,-33.9249,18.4241,Catering,True,True,True,False
547,2026-02-06,Johannesburg,Gauteng,-26.2041,28.0473,Retail,True,True,True,True
548,2026-02-07,East London,Eastern Cape,-33.0153,27.9116,Transport,True,True,False,False
549,2026-02-07,Mbombela,Mpumalanga,-25.4753,30.9694,Retail,True,True,True,False
550,2026-02-07,Gqeberha,Eastern Cape,-33.9608,25.6022,Spaza Shop,True,False,False,False
551,2026-02-07,Johannesburg,Gauteng,-26.2041,28.0473,Spaza Shop,True,True,False,False
552,2026-02-07,Durban,KwaZulu-Natal,-29.8587,31.0218,Hair Salon,True,False,False,False
553,2026-02-07,Cape Town,Western Cape,-33.9249,18.4241,Hair Salon,True,True,False,False
554,2026-02-07,Polokwane,Limpopo,-23.9045,29.4689,Construction,True,False,False,False
555,2026-02-07,Johannesburg,Gauteng,-26.2041,28.0473,Food Stall,True,False,False,False
556,2026-02-07,Pretoria,Gauteng,-25.7479,28.2293,Retail,True,False,False,False
557,2026-02-07,Polokwane,Limpopo,-23.9045,29.4689,Transport,True,True,True,False
558,2026-02-07,Johannesburg,Gauteng,-26.2041,28.0473,Tech Services,True,True,True,False
559,2026-02-07,Mbombela,Mpumalanga,-25.4753,30.9694,Tech Services,True,True,False,False
560,2026-02-07,Gqeberha,Eastern Cape,-33.9608,25.6022,Hair Salon,True,True,True,False
561,2026-02-07,Cape Town,Western Cape,-33.9249,18.4241,Spaza Shop,True,False,False,False
562,2026-02-07,Johannesburg,Gauteng,-26.2041,28.0473,Tech Services,True,True,True,False
563,2026-02-07,Kimberley,Northern Cape,-28.7282,24.7499,Food Stall,True,True,False,False
564,2026-02-08,Cape Town,Western Cape,-33.9249,18.4241,Tech Services,True,True,False,False
565,2026-02-08,Johannesburg,Gauteng,-26.2041,28.0473,Retail,True,True,True,False
566,2026-02-08,East London,Eastern Cape,-33.0153,27.9116,Hair Salon,True,False,False,False
567,2026-02-08,Pretoria,Gauteng,-25.7479,28.2293,Catering,True,True,False,False
568,2026-02-08,Bloemfontein,Free State,-29.0852,26.1596,Retail,True,True,True,True
569,2026-02-08,Cape Town,Western Cape,-33.9249,18.4241,Hair Salon,True,False,False,False
570,2026-02-08,Johannesburg,Gauteng,-26.2041,28.0473,Tech Services,True,True,True,False
571,2026-02-08,Johannesburg,Gauteng,-26.2041,28.0473,Transport,True,True,False,False
572,2026-02-08,Polokwane,Limpopo,-23.9045,29.4689,Hair Salon,True,True,False,False
573,2026-02-08,Gqeberha,Eastern Cape,-33.9608,25.6022,Construction,True,True,False,False
574,2026-02-08,Durban,KwaZulu-Natal,-29.8587,31.0218,Retail,True,True,True,True
575,2026-02-08,Pretoria,Gauteng,-25.7479,28.2293,Retail,True,True,True,True
576,2026-02-08,Cape Town,Western Cape,-33.9249,18.4241,Food Stall,True,True,True,True
577,2026-02-08,Durban,KwaZulu-Natal,-29.8587,31.0218,Tech Services,True,True,True,True
578,2026-02-09,Pretoria,Gauteng,-25.7479,28.2293,Transport,True,True,False,False
579,2026-02-09,Cape Town,Western Cape,-33.9249,18.4241,Catering,True,True,False,False
580,2026-02-09,Pretoria,Gauteng,-25.7479,28.2293,Food Stall,True,True,False,False
581,2026-02-09,Pretoria,Gauteng,-25.7479,28.2293,Transport,True,False,False,False
582,2026-02-09,Pretoria,Gauteng,-25.7479,28.2293,Food Stall,True,False,False,False
583,2026-02-09,Kimberley,Northern Cape,-28.7282,24.7499,Transport,True,False,False,False
584,2026-02-09,Cape Town,Western Cape,-33.9249,18.4241,Tech Services,True,False,False,False
585,2026-02-09,Cape Town,Western Cape,-33.9249,18.4241,Construction,True,False,False,False
586,2026-02-09,Durban,KwaZulu-Natal,-29.8587,31.0218,Spaza Shop,True,True,False,False
587,2026-02-09,Mbombela,Mpumalanga,-25.4753,30.9694,Food Stall,True,True,False,False
588,2026-02-09,East London,Eastern Cape,-33.0153,27.9116,Hair Salon,True,False,False,False
589,2026-02-09,East London,Eastern Cape,-33.0153,27.9116,Tech Services,True,False,False,False
590,2026-02-09,Gqeberha,Eastern Cape,-33.9608,25.6022,Catering,True,True,True,True
591,2026-02-09,Gqeberha,Eastern Cape,-33.9608,25.6022,Hair Salon,True,False,False,False
592,2026-02-09,Cape Town,Western Cape,-33.9249,18.4241,Tech Services,True,True,False,False
593,2026-02-09,Durban,KwaZulu-Natal,-29.8587,31.0218,Transport,True,False,False,False
594,2026-02-09,Gqeberha,Eastern Cape,-33.9608,25.6022,Hair Salon,True,False,False,False
595,2026-02-09,Johannesburg,Gauteng,-26.2041,28.0473,Catering,True,True,False,False
596,2026-02-09,Durban,KwaZulu-Natal,-29.8587,31.0218,Tech Services,True,True,False,False
597,2026-02-09,Kimberley,Northern Cape,-28.7282,24.7499,Hair Salon,True,True,False,False
598,2026-02-09,Johannesburg,Gauteng,-26.2041,28.0473,Construction,True,True,False,False
599,2026-02-09,Cape Town,Western Cape,-33.9249,18.4241,Catering,True,True,False,False
600,2026-02-09,Cape Town,Western Cape,-33.9249,18.4241,Hair Salon,True,True,True,True
601,2026-02-10,Johannesburg,Gauteng,-26.2041,28.0473,Catering,True,False,False,False
602,2026-02-10,Cape Town,Western Cape,-33.9249,18.4241,Food Stall,True,True,False,False
603,2026-02-10,Cape Town,Western Cape,-33.9249,18.4241,Food Stall,True,True,False,False
604,2026-02-10,Pretoria,Gauteng,-25.7479,28.2293,Hair Salon,True,True,False,False
605,2026-02-10,Johannesburg,Gauteng,-26.2041,28.0473,Construction,True,True,True,False
606,2026-02-10,Cape Town,Western Cape,-33.9249,18.4241,Food Stall,True,True,True,True
607,2026-02-10,Pretoria,Gauteng,-25.7479,28.2293,Tech Services,True,True,True,False
608,2026-02-10,Cape Town,Western Cape,-33.9249,18.4241,Construction,True,False,False,False
609,2026-02-10,Cape Town,Western Cape,-33.9249,18.4241,Retail,True,True,True,True
610,2026-02-10,Bloemfontein,Free State,-29.0852,26.1596,Hair Salon,True,False,False,False
611,2026-02-10,Durban,KwaZulu-Natal,-29.8587,31.0218,Catering,True,False,False,False
612,2026-02-10,Cape Town,Western Cape,-33.9249,18.4241,Food Stall,True,True,True,False
613,2026-02-10,Durban,KwaZulu-Natal,-29.8587,31.0218,Tech Services,True,True,False,False
614,2026-02-10,Durban,KwaZulu-Natal,-29.8587,31.0218,Catering,True,True,False,False
615,2026-02-10,East London,Eastern Cape,-33.0153,27.9116,Retail,True,False,False,False
616,2026-02-11,Mbombela,Mpumalanga,-25.4753,30.9694,Transport,True,True,False,False
617,2026-02-11,Johannesburg,Gauteng,-26.2041,28.0473,Tech Services,True,True,True,False
618,2026-02-11,Cape Town,Western Cape,-33.9249,18.4241,Catering,True,True,True,True
619,2026-02-11,Durban,KwaZulu-Natal,-29.8587,31.0218,Food Stall,True,True,True,True
620,2026-02-11,Durban,KwaZulu-Natal,-29.8587,31.0218,Spaza Shop,True,False,False,False
621,2026-02-11,Cape Town,Western Cape,-33.9249,18.4241,Food Stall,True,True,True,False
622,2026-02-11,Cape Town,Western Cape,-33.9249,18.4241,Food Stall,True,True,False,False
623,2026-02-11,Cape Town,Western Cape,-33.9249,18.4241,Retail,True,True,True,False
624,2026-02-11,Johannesburg,Gauteng,-26.2041,28.0473,Food Stall,True,True,True,False
625,2026-02-11,Durban,KwaZulu-Natal,-29.8587,31.0218,Transport,True,True,True,False
626,2026-02-11,Durban,KwaZulu-Natal,-29.8587,31.0218,Food Stall,True,False,False,False
627,2026-02-11,Durban,KwaZulu-Natal,-29.8587,31.0218,Hair Salon,True,False,False,False
628,2026-02-11,Bloemfontein,Free State,-29.0852,26.1596,Construction,True,False,False,False
629,2026-02-12,Pretoria,Gauteng,-25.7479,28.2293,Food Stall,True,False,False,False
630,2026-02-12,Pretoria,Gauteng,-25.7479,28.2293,Hair Salon,True,False,False,False
631,2026-02-12,Cape Town,Western Cape,-33.9249,18.4241,Construction,True,False,False,False
632,2026-02-12,Johannesburg,Gauteng,-26.2041,28.0473,Transport,True,False,False,False
633,2026-02-12,Polokwane,Limpopo,-23.9045,29.4689,Tech Services,True,False,False,False
634,2026-02-12,Johannesburg,Gauteng,-26.2041,28.0473,Spaza Shop,True,True,True,True
635,2026-02-12,Durban,KwaZulu-Natal,-29.8587,31.0218,Catering,True,True,False,False
636,2026-02-12,Pretoria,Gauteng,-25.7479,28.2293,Retail,True,False,False,False
637,2026-02-12,Durban,KwaZulu-Natal,-29.8587,31.0218,Hair Salon,True,False,False,False
638,2026-02-12,Johannesburg,Gauteng,-26.2041,28.0473,Tech Services,True,False,False,False
639,2026-02-12,Mbombela,Mpumalanga,-25.4753,30.9694,Catering,True,False,False,False
640,2026-02-12,Gqeberha,Eastern Cape,-33.9608,25.6022,Construction,True,True,True,False
641,2026-02-12,Bloemfontein,Free State,-29.0852,26.1596,Food Stall,True,False,False,False
642,2026-02-13,Johannesburg,Gauteng,-26.2041,28.0473,Tech Services,True,True,False,False
643,2026-02-13,Cape Town,Western Cape,-33.9249,18.4241,Hair Salon,True,True,False,False
644,2026-02-13,Cape Town,Western Cape,-33.9249,18.4241,Transport,True,False,False,False
645,2026-02-13,Cape Town,Western Cape,-33.9249,18.4241,Hair Salon,True,True,False,False
646,2026-02-13,Gqeberha,Eastern Cape,-33.9608,25.6022,Transport,True,True,False,False
647,2026-02-13,Polokwane,Limpopo,-23.9045,29.4689,Tech Services,True,False,False,False
648,2026-02-13,Pretoria,Gauteng,-25.7479,28.2293,Retail,True,True,True,True
649,2026-02-13,Pretoria,Gauteng,-25.7479,28.2293,Food Stall,True,True,False,False
650,2026-02-13,Bloemfontein,Free State,-29.0852,26.1596,Spaza Shop,True,False,False,False
651,2026-02-13,Johannesburg,Gauteng,-26.2041,28.0473,Spaza Shop,True,True,False,False
652,2026-02-13,Johannesburg,Gauteng,-26.2041,28.0473,Food Stall,True,False,False,False
653,2026-02-13,Cape Town,Western Cape,-33.9249,18.4241,Tech Services,True,False,False,False
654,2026-02-13,Johannesburg,Gauteng,-26.2041,28.0473,Catering,True,True,True,False
655,2026-02-13,Polokwane,Limpopo,-23.9045,29.4689,Hair Salon,True,False,False,False
656,2026-02-13,Durban,KwaZulu-Natal,-29.8587,31.0218,Catering,True,True,True,False
657,2026-02-13,Johannesburg,Gauteng,-26.2041,28.0473,Construction,True,True,False,False
658,2026-02-13,Cape Town,Western Cape,-33.9249,18.4241,Hair Salon,True,True,True,True
659,2026-02-13,Johannesburg,Gauteng,-26.2041,28.0473,Spaza Shop,True,True,False,False
660,2026-02-13,Johannesburg,Gauteng,-26.2041,28.0473,Catering,True,True,True,False
661,2026-02-13,Cape Town,Western Cape,-33.9249,18.4241,Hair Salon,True,True,True,False
662,2026-02-13,Pretoria,Gauteng,-25.7479,28.2293,Catering,True,False,False,False
663,2026-02-13,Cape Town,Western Cape,-33.9249,18.4241,Catering,True,False,False,False
664,2026-02-13,Durban,KwaZulu-Natal,-29.8587,31.0218,Hair Salon,True,False,False,False
665,2026-02-13,Durban,KwaZulu-Natal,-29.8587,31.0218,Food Stall,True,True,False,False
666,2026-02-14,Cape Town,Western Cape,-33.9249,18.4241,Tech Services,True,True,False,False
667,2026-02-14,Durban,KwaZulu-Natal,-29.8587,31.0218,Catering,True,True,True,False
668,2026-02-14,Bloemfontein,Free State,-29.0852,26.1596,Transport,True,True,True,False
669,2026-02-14,Bloemfontein,Free State,-29.0852,26.1596,Construction,True,True,False,False
670,2026-02-14,Durban,KwaZulu-Natal,-29.8587,31.0218,Spaza Shop,True,True,False,False
671,2026-02-14,Polokwane,Limpopo,-23.9045,29.4689,Retail,True,False,False,False
672,2026-02-14,Johannesburg,Gauteng,-26.2041,28.0473,Spaza Shop,True,True,True,True
673,2026-02-14,Bloemfontein,Free State,-29.0852,26.1596,Construction,True,False,False,False
674,2026-02-14,Cape Town,Western Cape,-33.9249,18.4241,Spaza Shop,True,True,True,False
675,2026-02-14,Kimberley,Northern Cape,-28.7282,24.7499,Catering,True,False,False,False
676,2026-02-14,Cape Town,Western Cape,-33.9249,18.4241,Tech Services,True,False,False,False
677,2026-02-14,Cape Town,Western Cape,-33.9249,18.4241,Hair Salon,True,True,False,False
678,2026-02-14,Johannesburg,Gauteng,-26.2041,28.0473,Spaza Shop,True,True,True,True
679,2026-02-14,Mbombela,Mpumalanga,-25.4753,30.9694,Tech Services,True,True,True,False
680,2026-02-14,Cape Town,Western Cape,-33.9249,18.4241,Catering,True,True,False,False
681,2026-02-14,Pretoria,Gauteng,-25.7479,28.2293,Construction,True,True,False,False
682,2026-02-14,Kimberley,Northern Cape,-28.7282,24.7499,Hair Salon,True,True,True,False
683,2026-02-14,Pretoria,Gauteng,-25.7479,28.2293,Construction,True,True,False,False
684,2026-02-14,Johannesburg,Gauteng,-26.2041,28.0473,Spaza Shop,True,True,True,False
685,2026-02-14,Pretoria,Gauteng,-25.7479,28.2293,Catering,True,False,False,False
686,2026-02-14,Johannesburg,Gauteng,-26.2041,28.0473,Spaza Shop,True,False,False,False
687,2026-02-15,Johannesburg,Gauteng,-26.2041,28.0473,Retail,True,False,False,False
688,2026-02-15,Johannesburg,Gauteng,-26.2041,28.0473,Retail,True,True,False,False
689,2026-02-15,Gqeberha,Eastern Cape,-33.9608,25.6022,Transport,True,True,False,False
690,2026-02-15,East London,Eastern Cape,-33.0153,27.9116,Hair Salon,True,True,True,False
691,2026-02-15,Cape Town,Western Cape,-33.9249,18.4241,Catering,True,True,True,False
692,2026-02-15,Cape Town,Western Cape,-33.9249,18.4241,Hair Salon,True,True,True,False
693,2026-02-15,Pretoria,Gauteng,-25.7479,28.2293,Construction,True,True,True,False
694,2026-02-15,Johannesburg,Gauteng,-26.2041,28.0473,Catering,True,True,False,False
695,2026-02-15,Mbombela,Mpumalanga,-25.4753,30.9694,Tech Services,True,False,False,False
696,2026-02-15,Pretoria,Gauteng,-25.7479,28.2293,Transport,True,True,False,False
697,2026-02-15,Pretoria,Gauteng,-25.7479,28.2293,Spaza Shop,True,True,True,False
698,2026-02-15,Johannesburg,Gauteng,-26.2041,28.0473,Spaza Shop,True,False,False,False
699,2026-02-15,Mbombela,Mpumalanga,-25.4753,30.9694,Retail,True,True,False,False
700,2026-02-15,Bloemfontein,Free State,-29.0852,26.1596,Transport,True,True,True,False
701,2026-02-15,Johannesburg,Gauteng,-26.2041,28.0473,Food Stall,True,True,True,False
702,2026-02-15,Cape Town,Western Cape,-33.9249,18.4241,Construction,True,False,False,False
703,2026-02-15,Gqeberha,Eastern Cape,-33.9608,25.6022,Catering,True,True,False,False
704,2026-02-15,Johannesburg,Gauteng,-26.2041,28.0473,Spaza Shop,True,True,True,True
705,2026-02-15,Mbombela,Mpumalanga,-25.4753,30.9694,Retail,True,True,False,False
706,2026-02-15,Johannesburg,Gauteng,-26.2041,28.0473,Spaza Shop,True,True,True,False
707,2026-02-15,Kimberley,Northern Cape,-28.7282,24.7499,Construction,True,True,True,True
708,2026-02-15,Polokwane,Limpopo,-23.9045,29.4689,Transport,True,True,False,False
709,2026-02-15,Cape Town,Western Cape,-33.9249,18.4241,Hair Salon,True,False,False,False
710,2026-02-16,Cape Town,Western Cape,-33.9249,18.4241,Spaza Shop,True,True,True,False
711,2026-02-16,Cape Town,Western Cape,-33.9249,18.4241,Construction,True,False,False,False
712,2026-02-16,Pretoria,Gauteng,-25.7479,28.2293,Tech Services,True,False,False,False
713,2026-02-16,Gqeberha,Eastern Cape,-33.9608,25.6022,Transport,True,False,False,False
714,2026-02-16,Cape Town,Western Cape,-33.9249,18.4241,Catering,True,True,False,False
715,2026-02-16,Bloemfontein,Free State,-29.0852,26.1596,Food Stall,True,True,True,True
716,2026-02-16,Pretoria,Gauteng,-25.7479,28.2293,Food Stall,True,True,True,False
717,2026-02-16,Pretoria,Gauteng,-25.7479,28.2293,Retail,True,True,True,True
718,2026-02-16,East London,Eastern Cape,-33.0153,27.9116,Spaza Shop,True,False,False,False
719,2026-02-16,Pretoria,Gauteng,-25.7479,28.2293,Catering,True,False,False,False
720,2026-02-16,Johannesburg,Gauteng,-26.2041,28.0473,Retail,True,True,True,False
721,2026-02-16,Pretoria,Gauteng,-25.7479,28.2293,Spaza Shop,True,False,False,False
722,2026-02-16,Mbombela,Mpumalanga,-25.4753,30.9694,Construction,True,False,False,False
723,2026-02-16,Johannesburg,Gauteng,-26.2041,28.0473,Hair Salon,True,True,False,False
724,2026-02-17,Johannesburg,Gauteng,-26.2041,28.0473,Construction,True,False,False,False
725,2026-02-17,Johannesburg,Gauteng,-26.2041,28.0473,Transport,True,False,False,False
726,2026-02-17,Gqeberha,Eastern Cape,-33.9608,25.6022,Hair Salon,True,False,False,False
727,2026-02-17,Durban,KwaZulu-Natal,-29.8587,31.0218,Spaza Shop,True,True,False,False
728,2026-02-17,Kimberley,Northern Cape,-28.7282,24.7499,Catering,True,True,False,False
729,2026-02-17,Johannesburg,Gauteng,-26.2041,28.0473,Transport,True,False,False,False
730,2026-02-17,Johannesburg,Gauteng,-26.2041,28.0473,Spaza Shop,True,False,False,False
731,2026-02-17,Johannesburg,Gauteng,-26.2041,28.0473,Tech Services,True,True,False,False
732,2026-02-17,Cape Town,Western Cape,-33.9249,18.4241,Catering,True,True,True,True
733,2026-02-17,Pretoria,Gauteng,-25.7479,28.2293,Construction,True,True,True,False
734,2026-02-17,Durban,KwaZulu-Natal,-29.8587,31.0218,Food Stall,True,True,False,False
735,2026-02-17,Johannesburg,Gauteng,-26.2041,28.0473,Construction,True,True,True,True
736,2026-02-17,Durban,KwaZulu-Natal,-29.8587,31.0218,Spaza Shop,True,False,False,False
737,2026-02-18,Kimberley,Northern Cape,-28.7282,24.7499,Transport,True,False,False,False
738,2026-02-18,Cape Town,Western Cape,-33.9249,18.4241,Transport,True,False,False,False
739,2026-02-18,Mbombela,Mpumalanga,-25.4753,30.9694,Transport,True,True,True,True
740,2026-02-18,Durban,KwaZulu-Natal,-29.8587,31.0218,Retail,True,True,False,False
741,2026-02-18,Johannesburg,Gauteng,-26.2041,28.0473,Transport,True,False,False,False
742,2026-02-18,Bloemfontein,Free State,-29.0852,26.1596,Catering,True,False,False,False
743,2026-02-18,Johannesburg,Gauteng,-26.2041,28.0473,Spaza Shop,True,True,True,False
744,2026-02-18,Bloemfontein,Free State,-29.0852,26.1596,Tech Services,True,False,False,False
745,2026-02-18,Cape Town,Western Cape,-33.9249,18.4241,Catering,True,False,False,False
746,2026-02-18,Johannesburg,Gauteng,-26.2041,28.0473,Transport,True,True,False,False
747,2026-02-18,Mbombela,Mpumalanga,-25.4753,30.9694,Catering,True,True,False,False
748,2026-02-18,Durban,KwaZulu-Natal,-29.8587,31.0218,Food Stall,True,True,False,False
749,2026-02-18,Durban,KwaZulu-Natal,-29.8587,31.0218,Construction,True,True,True,True
750,2026-02-18,Johannesburg,Gauteng,-26.2041,28.0473,Catering,True,True,True,False
751,2026-02-18,Pretoria,Gauteng,-25.7479,28.2293,Transport,True,True,False,False
752,2026-02-18,Johannesburg,Gauteng,-26.2041,28.0473,Catering,True,True,False,False
753,2026-02-19,Bloemfontein,Free State,-29.0852,26.1596,Transport,True,False,False,False
754,2026-02-19,Mbombela,Mpumalanga,-25.4753,30.9694,Tech Services,True,True,False,False
755,2026-02-19,Durban,KwaZulu-Natal,-29.8587,31.0218,Tech Services,True,True,True,False
756,2026-02-19,Bloemfontein,Free State,-29.0852,26.1596,Transport,True,False,False,False
757,2026-02-19,Johannesburg,Gauteng,-26.2041,28.0473,Transport,True,False,False,False
758,2026-02-19,Pretoria,Gauteng,-25.7479,28.2293,Retail,True,True,True,True
759,2026-02-19,Johannesburg,Gauteng,-26.2041,28.0473,Tech Services,True,False,False,False
760,2026-02-19,Polokwane,Limpopo,-23.9045,29.4689,Spaza Shop,True,False,False,False
761,2026-02-19,Johannesburg,Gauteng,-26.2041,28.0473,Construction,True,True,False,False
762,2026-02-19,Durban,KwaZulu-Natal,-29.8587,31.0218,Transport,True,True,False,False
763,2026-02-19,Bloemfontein,Free State,-29.0852,26.1596,Catering,True,True,False,False
764,2026-02-20,Durban,KwaZulu-Natal,-29.8587,31.0218,Transport,True,False,False,False
765,2026-02-20,Cape Town,Western Cape,-33.9249,18.4241,Retail,True,True,True,True
766,2026-02-20,Bloemfontein,Free State,-29.0852,26.1596,Spaza Shop,True,False,False,False
767,2026-02-20,Cape Town,Western Cape,-33.9249,18.4241,Catering,True,False,False,False
768,2026-02-20,Polokwane,Limpopo,-23.9045,29.4689,Hair Salon,True,True,True,False
769,2026-02-20,East London,Eastern Cape,-33.0153,27.9116,Construction,True,False,False,False
770,2026-02-20,Johannesburg,Gauteng,-26.2041,28.0473,Retail,True,True,False,False
771,2026-02-20,Johannesburg,Gauteng,-26.2041,28.0473,Tech Services,True,True,True,True
772,2026-02-20,Johannesburg,Gauteng,-26.2041,28.0473,Hair Salon,True,True,False,False
773,2026-02-20,Pretoria,Gauteng,-25.7479,28.2293,Food Stall,True,False,False,False
774,2026-02-20,Gqeberha,Eastern Cape,-33.9608,25.6022,Tech Services,True,True,False,False
775,2026-02-20,Johannesburg,Gauteng,-26.2041,28.0473,Retail,True,True,True,True
776,2026-02-20,Durban,KwaZulu-Natal,-29.8587,31.0218,Food Stall,True,True,True,False
777,2026-02-20,Johannesburg,Gauteng,-26.2041,28.0473,Food Stall,True,True,True,True
778,2026-02-20,Johannesburg,Gauteng,-26.2041,28.0473,Hair Salon,True,True,True,True
779,2026-02-20,Cape Town,Western Cape,-33.9249,18.4241,Food Stall,True,True,False,False
780,2026-02-20,Cape Town,Western Cape,-33.9249,18.4241,Catering,True,True,True,False
781,2026-02-20,Cape Town,Western Cape,-33.9249,18.4241,Food Stall,True,True,True,True
782,2026-02-20,Cape Town,Western Cape,-33.9249,18.4241,Hair Salon,True,True,True,True
783,2026-02-20,Johannesburg,Gauteng,-26.2041,28.0473,Construction,True,True,False,False
784,2026-02-20,Durban,KwaZulu-Natal,-29.8587,31.0218,Tech Services,True,False,False,False
785,2026-02-20,Kimberley,Northern Cape,-28.7282,24.7499,Food Stall,True,False,False,False
786,2026-02-20,Durban,KwaZulu-Natal,-29.8587,31.0218,Spaza Shop,True,True,True,False
787,2026-02-20,Cape Town,Western Cape,-33.9249,18.4241,Catering,True,False,False,False
788,2026-02-20,Johannesburg,Gauteng,-26.2041,28.0473,Catering,True,False,False,False
789,2026-02-20,Mbombela,Mpumalanga,-25.4753,30.9694,Spaza Shop,True,True,True,True
790,2026-02-21,Cape Town,Western Cape,-33.9249,18.4241,Tech Services,True,False,False,False
791,2026-02-21,Johannesburg,Gauteng,-26.2041,28.0473,Catering,True,False,False,False
792,2026-02-21,East London,Eastern Cape,-33.0153,27.9116,Hair Salon,True,True,False,False
793,2026-02-21,Johannesburg,Gauteng,-26.2041,28.0473,Retail,True,True,False,False
794,2026-02-21,Cape Town,Western Cape,-33.9249,18.4241,Spaza Shop,True,False,False,False
795,2026-02-21,Bloemfontein,Free State,-29.0852,26.1596,Tech Services,True,True,False,False
796,2026-02-21,Johannesburg,Gauteng,-26.2041,28.0473,Hair Salon,True,True,False,False
797,2026-02-21,Mbombela,Mpumalanga,-25.4753,30.9694,Transport,True,True,True,True
798,2026-02-21,Polokwane,Limpopo,-23.9045,29.4689,Food Stall,True,True,False,False
799,2026-02-21,Johannesburg,Gauteng,-26.2041,28.0473,Tech Services,True,True,True,False
800,2026-02-21,Johannesburg,Gauteng,-26.2041,28.0473,Transport,True,False,False,False
801,2026-02-21,Gqeberha,Eastern Cape,-33.9608,25.6022,Retail,True,True,False,False
802,2026-02-21,Polokwane,Limpopo,-23.9045,29.4689,Retail,True,True,False,False
803,2026-02-21,Pretoria,Gauteng,-25.7479,28.2293,Hair Salon,True,False,False,False
804,2026-02-21,Kimberley,Northern Cape,-28.7282,24.7499,Transport,True,True,True,False
805,2026-02-21,Pretoria,Gauteng,-25.7479,28.2293,Construction,True,True,False,False
806,2026-02-21,Cape Town,Western Cape,-33.9249,18.4241,Tech Services,True,False,False,False
807,2026-02-22,Bloemfontein,Free State,-29.0852,26.1596,Transport,True,False,False,False
808,2026-02-22,East London,Eastern Cape,-33.0153,27.9116,Tech Services,True,True,True,False
809,2026-02-22,Johannesburg,Gauteng,-26.2041,28.0473,Spaza Shop,True,False,False,False
810,2026-02-22,Johannesburg,Gauteng,-26.2041,28.0473,Construction,True,False,False,False
811,2026-02-22,East London,Eastern Cape,-33.0153,27.9116,Transport,True,True,False,False
812,2026-02-22,Gqeberha,Eastern Cape,-33.9608,25.6022,Tech Services,True,True,False,False
813,2026-02-22,Durban,KwaZulu-Natal,-29.8587,31.0218,Food Stall,True,True,True,False
814,2026-02-22,Johannesburg,Gauteng,-26.2041,28.0473,Transport,True,False,False,False
815,2026-02-22,Cape Town,Western Cape,-33.9249,18.4241,Retail,True,False,False,False
816,2026-02-22,Bloemfontein,Free State,-29.0852,26.1596,Retail,True,False,False,False
817,2026-02-22,Johannesburg,Gauteng,-26.2041,28.0473,Construction,True,True,False,False
818,2026-02-22,Polokwane,Limpopo,-23.9045,29.4689,Construction,True,False,False,False
819,2026-02-22,Pretoria,Gauteng,-25.7479,28.2293,Spaza Shop,True,True,True,False
820,2026-02-22,Cape Town,Western Cape,-33.9249,18.4241,Construction,True,True,True,False
821,2026-02-22,Pretoria,Gauteng,-25.7479,28.2293,Retail,True,False,False,False
822,2026-02-22,Gqeberha,Eastern Cape,-33.9608,25.6022,Retail,True,False,False,False
823,2026-02-22,Cape Town,Western Cape,-33.9249,18.4241,Food Stall,True,True,True,True
824,2026-02-22,Pretoria,Gauteng,-25.7479,28.2293,Hair Salon,True,True,False,False
825,2026-02-22,Johannesburg,Gauteng,-26.2041,28.0473,Transport,True,False,False,False
826,2026-02-22,Durban,KwaZulu-Natal,-29.8587,31.0218,Food Stall,True,True,True,False
827,2026-02-22,Johannesburg,Gauteng,-26.2041,28.0473,Transport,True,False,False,False
828,2026-02-22,Polokwane,Limpopo,-23.9045,29.4689,Retail,True,True,False,False
829,2026-02-22,Johannesburg,Gauteng,-26.2041,28.0473,Tech Services,True,True,True,True
830,2026-02-22,Durban,KwaZulu-Natal,-29.8587,31.0218,Spaza Shop,True,False,False,False
831,2026-02-22,Durban,KwaZulu-Natal,-29.8587,31.0218,Retail,True,False,False,False
832,2026-02-22,Polokwane,Limpopo,-23.9045,29.4689,Construction,True,True,False,False
833,2026-02-22,Cape Town,Western Cape,-33.9249,18.4241,Food Stall,True,True,False,False
834,2026-02-22,Polokwane,Limpopo,-23.9045,29.4689,Retail,True,False,False,False
835,2026-02-23,Polokwane,Limpopo,-23.9045,29.4689,Catering,True,False,False,False
836,2026-02-23,Pretoria,Gauteng,-25.7479,28.2293,Catering,True,True,False,False
837,2026-02-23,Mbombela,Mpumalanga,-25.4753,30.9694,Hair Salon,True,False,False,False
838,2026-02-23,Pretoria,Gauteng,-25.7479,28.2293,Tech Services,True,True,False,False
839,2026-02-23,Bloemfontein,Free State,-29.0852,26.1596,Hair Salon,True,True,True,True
840,2026-02-23,Cape Town,Western Cape,-33.9249,18.4241,Hair Salon,True,False,False,False
841,2026-02-23,Cape Town,Western Cape,-33.9249,18.4241,Retail,True,True,True,False
842,2026-02-23,Cape Town,Western Cape,-33.9249,18.4241,Catering,True,False,False,False
843,2026-02-23,Johannesburg,Gauteng,-26.2041,28.0473,Food Stall,True,True,True,False
844,2026-02-23,Johannesburg,Gauteng,-26.2041,28.0473,Catering,True,False,False,False
845,2026-02-23,Bloemfontein,Free State,-29.0852,26.1596,Catering,True,True,False,False
846,2026-02-23,Pretoria,Gauteng,-25.7479,28.2293,Catering,True,True,True,True
847,2026-02-23,Durban,KwaZulu-Natal,-29.8587,31.0218,Hair Salon,True,True,False,False
848,2026-02-23,Johannesburg,Gauteng,-26.2041,28.0473,Food Stall,True,True,True,False
849,2026-02-23,Cape Town,Western Cape,-33.9249,18.4241,Spaza Shop,True,True,True,True
850,2026-02-23,Polokwane,Limpopo,-23.9045,29.4689,Construction,True,False,False,False
851,2026-02-23,Johannesburg,Gauteng,-26.2041,28.0473,Construction,True,True,False,False
852,2026-02-24,Gqeberha,Eastern Cape,-33.9608,25.6022,Retail,True,True,True,False
853,2026-02-24,Johannesburg,Gauteng,-26.2041,28.0473,Retail,True,False,False,False
854,2026-02-24,Mbombela,Mpumalanga,-25.4753,30.9694,Transport,True,True,False,False
855,2026-02-24,Cape Town,Western Cape,-33.9249,18.4241,Food Stall,True,True,True,False
856,2026-02-24,Cape Town,Western Cape,-33.9249,18.4241,Tech Services,True,True,False,False
857,2026-02-24,Johannesburg,Gauteng,-26.2041,28.0473,Construction,True,True,False,False
858,2026-02-24,Gqeberha,Eastern Cape,-33.9608,25.6022,Spaza Shop,True,True,True,False
859,2026-02-24,Cape Town,Western Cape,-33.9249,18.4241,Spaza Shop,True,True,False,False
860,2026-02-24,Durban,KwaZulu-Natal,-29.8587,31.0218,Spaza Shop,True,True,True,False
861,2026-02-24,Gqeberha,Eastern Cape,-33.9608,25.6022,Food Stall,True,True,True,False
862,2026-02-24,Gqeberha,Eastern Cape,-33.9608,25.6022,Spaza Shop,True,True,False,False
863,2026-02-24,Pretoria,Gauteng,-25.7479,28.2293,Retail,True,True,False,False
864,2026-02-24,Durban,KwaZulu-Natal,-29.8587,31.0218,Tech Services,True,False,False,False
865,2026-02-25,East London,Eastern Cape,-33.0153,27.9116,Hair Salon,True,True,False,False
866,2026-02-25,Pretoria,Gauteng,-25.7479,28.2293,Food Stall,True,False,False,False
867,2026-02-25,Johannesburg,Gauteng,-26.2041,28.0473,Construction,True,True,True,False
868,2026-02-25,Cape Town,Western Cape,-33.9249,18.4241,Construction,True,True,True,False
869,2026-02-25,Gqeberha,Eastern Cape,-33.9608,25.6022,Hair Salon,True,True,True,True
870,2026-02-25,Polokwane,Limpopo,-23.9045,29.4689,Food Stall,True,False,False,False
871,2026-02-25,Johannesburg,Gauteng,-26.2041,28.0473,Hair Salon,True,True,False,False
872,2026-02-25,Polokwane,Limpopo,-23.9045,29.4689,Food Stall,True,False,False,False
873,2026-02-25,Kimberley,Northern Cape,-28.7282,24.7499,Hair Salon,True,True,False,False
874,2026-02-25,East London,Eastern Cape,-33.0153,27.9116,Retail,True,False,False,False
875,2026-02-25,Cape Town,Western Cape,-33.9249,18.4241,Spaza Shop,True,True,True,True
876,2026-02-25,Johannesburg,Gauteng,-26.2041,28.0473,Transport,True,True,False,False
877,2026-02-25,Cape Town,Western Cape,-33.9249,18.4241,Hair Salon,True,True,False,False
878,2026-02-25,Cape Town,Western Cape,-33.9249,18.4241,Food Stall,True,True,True,True
879,2026-02-25,Pretoria,Gauteng,-25.7479,28.2293,Tech Services,True,True,False,False
880,2026-02-25,Durban,KwaZulu-Natal,-29.8587,31.0218,Hair Salon,True,False,False,False
881,2026-02-25,Johannesburg,Gauteng,-26.2041,28.0473,Catering,True,False,False,False
882,2026-02-25,Johannesburg,Gauteng,-26.2041,28.0473,Food Stall,True,False,False,False
883,2026-02-26,East London,Eastern Cape,-33.0153,27.9116,Catering,True,False,False,False
884,2026-02-26,Durban,KwaZulu-Natal,-29.8587,31.0218,Spaza Shop,True,False,False,False
885,2026-02-26,Polokwane,Limpopo,-23.9045,29.4689,Catering,True,False,False,False
886,2026-02-26,Cape Town,Western Cape,-33.9249,18.4241,Food Stall,True,True,False,False
887,2026-02-26,Johannesburg,Gauteng,-26.2041,28.0473,Construction,True,True,True,False
888,2026-02-26,Kimberley,Northern Cape,-28.7282,24.7499,Transport,True,False,False,False
889,2026-02-26,Cape Town,Western Cape,-33.9249,18.4241,Tech Services,True,True,False,False
890,2026-02-26,Durban,KwaZulu-Natal,-29.8587,31.0218,Tech Services,True,True,True,False
891,2026-02-27,Johannesburg,Gauteng,-26.2041,28.0473,Spaza Shop,True,False,False,False
892,2026-02-27,Johannesburg,Gauteng,-26.2041,28.0473,Food Stall,True,False,False,False
893,2026-02-27,Polokwane,Limpopo,-23.9045,29.4689,Hair Salon,True,False,False,False
894,2026-02-27,Bloemfontein,Free State,-29.0852,26.1596,Construction,True,True,True,True
895,2026-02-27,Durban,KwaZulu-Natal,-29.8587,31.0218,Hair Salon,True,True,False,False
896,2026-02-27,Cape Town,Western Cape,-33.9249,18.4241,Food Stall,True,False,False,False
897,2026-02-27,Johannesburg,Gauteng,-26.2041,28.0473,Spaza Shop,True,True,True,False
898,2026-02-27,Johannesburg,Gauteng,-26.2041,28.0473,Spaza Shop,True,True,False,False
899,2026-02-27,East London,Eastern Cape,-33.0153,27.9116,Retail,True,False,False,False
900,2026-02-27,Polokwane,Limpopo,-23.9045,29.4689,Food Stall,True,True,False,False
901,2026-02-27,Mbombela,Mpumalanga,-25.4753,30.9694,Food Stall,True,True,True,True
902,2026-02-27,Pretoria,Gauteng,-25.7479,28.2293,Food Stall,True,False,False,False
903,2026-02-27,Gqeberha,Eastern Cape,-33.9608,25.6022,Hair Salon,True,True,False,False
904,2026-02-27,Bloemfontein,Free State,-29.0852,26.1596,Retail,True,True,True,False
905,2026-02-27,Durban,KwaZulu-Natal,-29.8587,31.0218,Food Stall,True,True,True,False
906,2026-02-27,Johannesburg,Gauteng,-26.2041,28.0473,Tech Services,True,False,False,False
907,2026-02-27,Johannesburg,Gauteng,-26.2041,28.0473,Tech Services,True,True,True,False
908,2026-02-27,Pretoria,Gauteng,-25.7479,28.2293,Construction,True,False,False,False
909,2026-02-27,Gqeberha,Eastern Cape,-33.9608,25.6022,Hair Salon,True,True,False,False
910,2026-02-27,Bloemfontein,Free State,-29.0852,26.1596,Catering,True,True,False,False
911,2026-02-27,Mbombela,Mpumalanga,-25.4753,30.9694,Tech Services,True,True,False,False
912,2026-02-27,East London,Eastern Cape,-33.0153,27.9116,Catering,True,True,False,False
913,2026-02-27,Gqeberha,Eastern Cape,-33.9608,25.6022,Hair Salon,True,True,False,False
914,2026-02-27,Cape Town,Western Cape,-33.9249,18.4241,Tech Services,True,True,False,False
915,2026-02-28,Cape Town,Western Cape,-33.9249,18.4241,Construction,True,True,False,False
916,2026-02-28,Pretoria,Gauteng,-25.7479,28.2293,Retail,True,False,False,False
917,2026-02-28,Cape Town,Western Cape,-33.9249,18.4241,Retail,True,True,True,False
918,2026-02-28,Polokwane,Limpopo,-23.9045,29.4689,Construction,True,True,True,False
919,2026-02-28,Johannesburg,Gauteng,-26.2041,28.0473,Catering,True,True,True,True
920,2026-02-28,Kimberley,Northern Cape,-28.7282,24.7499,Catering,True,False,False,False
921,2026-02-28,Cape Town,Western Cape,-33.9249,18.4241,Transport,True,True,True,True
922,2026-02-28,Durban,KwaZulu-Natal,-29.8587,31.0218,Tech Services,True,True,False,False
923,2026-02-28,Gqeberha,Eastern Cape,-33.9608,25.6022,Retail,True,False,False,False
924,2026-02-28,Polokwane,Limpopo,-23.9045,29.4689,Tech Services,True,True,True,True
925,2026-02-28,Johannesburg,Gauteng,-26.2041,28.0473,Catering,True,True,True,False
926,2026-03-01,Kimberley,Northern Cape,-28.7282,24.7499,Catering,True,False,False,False
927,2026-03-01,East London,Eastern Cape,-33.0153,27.9116,Retail,True,False,False,False
928,2026-03-01,Johannesburg,Gauteng,-26.2041,28.0473,Construction,True,True,True,False
929,2026-03-01,Bloemfontein,Free State,-29.0852,26.1596,Retail,True,True,True,False
930,2026-03-01,Gqeberha,Eastern Cape,-33.9608,25.6022,Transport,True,True,True,False
931,2026-03-01,Kimberley,Northern Cape,-28.7282,24.7499,Construction,True,True,False,False
932,2026-03-01,Durban,KwaZulu-Natal,-29.8587,31.0218,Food Stall,True,False,False,False
933,2026-03-01,East London,Eastern Cape,-33.0153,27.9116,Transport,True,False,False,False
934,2026-03-01,Bloemfontein,Free State,-29.0852,26.1596,Construction,True,True,False,False
935,2026-03-01,Pretoria,Gauteng,-25.7479,28.2293,Catering,True,True,False,False
936,2026-03-01,Mbombela,Mpumalanga,-25.4753,30.9694,Hair Salon,True,False,False,False
937,2026-03-01,Cape Town,Western Cape,-33.9249,18.4241,Catering,True,True,False,False
938,2026-03-01,Johannesburg,Gauteng,-26.2041,28.0473,Spaza Shop,True,False,False,False
939,2026-03-01,Pretoria,Gauteng,-25.7479,28.2293,Catering,True,False,False,False
940,2026-03-01,Johannesburg,Gauteng,-26.2041,28.0473,Spaza Shop,True,False,False,False
941,2026-03-01,Bloemfontein,Free State,-29.0852,26.1596,Retail,True,True,False,False
942,2026-03-01,Cape Town,Western Cape,-33.9249,18.4241,Transport,True,True,True,False
943,2026-03-01,Durban,KwaZulu-Natal,-29.8587,31.0218,Hair Salon,True,False,False,False
944,2026-03-01,Bloemfontein,Free State,-29.0852,26.1596,Tech Services,True,True,False,False
945,2026-03-01,Johannesburg,Gauteng,-26.2041,28.0473,Transport,True,True,True,True
946,2026-03-02,Pretoria,Gauteng,-25.7479,28.2293,Food Stall,True,False,False,False
947,2026-03-02,Kimberley,Northern Cape,-28.7282,24.7499,Spaza Shop,True,False,False,False
948,2026-03-02,Johannesburg,Gauteng,-26.2041,28.0473,Construction,True,True,True,False
949,2026-03-02,Mbombela,Mpumalanga,-25.4753,30.9694,Transport,True,False,False,False
950,2026-03-02,Cape Town,Western Cape,-33.9249,18.4241,Hair Salon,True,False,False,False
951,2026-03-02,Cape Town,Western Cape,-33.9249,18.4241,Transport,True,True,True,False
952,2026-03-02,Cape Town,Western Cape,-33.9249,18.4241,Construction,True,True,True,True
953,2026-03-02,Pretoria,Gauteng,-25.7479,28.2293,Spaza Shop,True,True,True,False
954,2026-03-02,Durban,KwaZulu-Natal,-29.8587,31.0218,Construction,True,True,False,False
955,2026-03-02,Polokwane,Limpopo,-23.9045,29.4689,Tech Services,True,True,True,False
956,2026-03-02,Durban,KwaZulu-Natal,-29.8587,31.0218,Catering,True,False,False,False
957,2026-03-02,Johannesburg,Gauteng,-26.2041,28.0473,Spaza Shop,True,False,False,False
958,2026-03-02,Johannesburg,Gauteng,-26.2041,28.0473,Hair Salon,True,True,False,False
959,2026-03-02,Durban,KwaZulu-Natal,-29.8587,31.0218,Tech Services,True,True,True,False
960,2026-03-03,Cape Town,Western Cape,-33.9249,18.4241,Spaza Shop,True,True,False,False
961,2026-03-03,Durban,KwaZulu-Natal,-29.8587,31.0218,Spaza Shop,True,True,False,False
962,2026-03-03,Gqeberha,Eastern Cape,-33.9608,25.6022,Hair Salon,True,True,False,False
963,2026-03-03,Pretoria,Gauteng,-25.7479,28.2293,Hair Salon,True,False,False,False
964,2026-03-03,Pretoria,Gauteng,-25.7479,28.2293,Tech Services,True,False,False,False
965,2026-03-03,Cape Town,Western Cape,-33.9249,18.4241,Catering,True,True,True,False
966,2026-03-03,Bloemfontein,Free State,-29.0852,26.1596,Retail,True,False,False,False
967,2026-03-03,Mbombela,Mpumalanga,-25.4753,30.9694,Transport,True,True,False,False
968,2026-03-03,Mbombela,Mpumalanga,-25.4753,30.9694,Catering,True,True,False,False
969,2026-03-03,Johannesburg,Gauteng,-26.2041,28.0473,Hair Salon,True,True,False,False
970,2026-03-03,Pretoria,Gauteng,-25.7479,28.2293,Transport,True,False,False,False
971,2026-03-03,Johannesburg,Gauteng,-26.2041,28.0473,Catering,True,False,False,False
972,2026-03-03,Johannesburg,Gauteng,-26.2041,28.0473,Construction,True,True,False,False
973,2026-03-03,Johannesburg,Gauteng,-26.2041,28.0473,Spaza Shop,True,True,False,False
974,2026-03-03,Polokwane,Limpopo,-23.9045,29.4689,Food Stall,True,False,False,False
975,2026-03-04,Durban,KwaZulu-Natal,-29.8587,31.0218,Retail,True,True,False,False
976,2026-03-04,Johannesburg,Gauteng,-26.2041,28.0473,Food Stall,True,False,False,False
977,2026-03-04,Mbombela,Mpumalanga,-25.4753,30.9694,Construction,True,True,False,False
978,2026-03-04,Johannesburg,Gauteng,-26.2041,28.0473,Transport,True,True,False,False
979,2026-03-04,Cape Town,Western Cape,-33.9249,18.4241,Catering,True,True,False,False
980,2026-03-04,Durban,KwaZulu-Natal,-29.8587,31.0218,Spaza Shop,True,True,True,False
981,2026-03-04,Pretoria,Gauteng,-25.7479,28.2293,Tech Services,True,False,False,False
982,2026-03-04,Pretoria,Gauteng,-25.7479,28.2293,Transport,True,True,False,False
983,2026-03-04,Polokwane,Limpopo,-23.9045,29.4689,Hair Salon,True,True,True,False
984,2026-03-04,Johannesburg,Gauteng,-26.2041,28.0473,Catering,True,True,False,False
985,2026-03-04,Polokwane,Limpopo,-23.9045,29.4689,Hair Salon,True,True,False,False
986,2026-03-04,Gqeberha,Eastern Cape,-33.9608,25.6022,Spaza Shop,True,False,False,False
987,2026-03-04,East London,Eastern Cape,-33.0153,27.9116,Construction,True,False,False,False
988,2026-03-04,Polokwane,Limpopo,-23.9045,29.4689,Food Stall,True,True,False,False
989,2026-03-04,Durban,KwaZulu-Natal,-29.8587,31.0218,Retail,True,True,True,False
990,2026-03-04,Johannesburg,Gauteng,-26.2041,28.0473,Spaza Shop,True,True,True,True
991,2026-03-04,Durban,KwaZulu-Natal,-29.8587,31.0218,Catering,True,False,False,False
992,2026-03-04,Bloemfontein,Free State,-29.0852,26.1596,Catering,True,True,True,False
993,2026-03-04,Bloemfontein,Free State,-29.0852,26.1596,Food Stall,True,True,True,True
994,2026-03-04,Pretoria,Gauteng,-25.7479,28.2293,Transport,True,True,True,False
995,2026-03-05,Cape Town,Western Cape,-33.9249,18.4241,Spaza Shop,True,False,False,False
996,2026-03-05,Johannesburg,Gauteng,-26.2041,28.0473,Retail,True,True,True,False
997,2026-03-05,East London,Eastern Cape,-33.0153,27.9116,Catering,True,True,False,False
998,2026-03-05,Cape Town,Western Cape,-33.9249,18.4241,Hair Salon,True,True,False,False
999,2026-03-05,Cape Town,Western Cape,-33.9249,18.4241,Tech Services,True,True,False,False
1000,2026-03-05,Cape Town,Western Cape,-33.9249,18.4241,Food Stall,True,False,False,False
1001,2026-03-05,Bloemfontein,Free State,-29.0852,26.1596,Spaza Shop,True,False,False,False
1002,2026-03-05,Cape Town,Western Cape,-33.9249,18.4241,Retail,True,True,True,True
1003,2026-03-05,Johannesburg,Gauteng,-26.2041,28.0473,Hair Salon,True,True,True,False
1004,2026-03-05,Durban,KwaZulu-Natal,-29.8587,31.0218,Food Stall,True,True,True,True
1005,2026-03-06,Cape Town,Western Cape,-33.9249,18.4241,Tech Services,True,True,False,False
1006,2026-03-06,Johannesburg,Gauteng,-26.2041,28.0473,Catering,True,True,False,False
1007,2026-03-06,Johannesburg,Gauteng,-26.2041,28.0473,Catering,True,True,False,False
1008,2026-03-06,Johannesburg,Gauteng,-26.2041,28.0473,Spaza Shop,True,True,True,False
1009,2026-03-06,Polokwane,Limpopo,-23.9045,29.4689,Retail,True,False,False,False
1010,2026-03-06,Mbombela,Mpumalanga,-25.4753,30.9694,Food Stall,True,True,False,False
1011,2026-03-06,Polokwane,Limpopo,-23.9045,29.4689,Catering,True,True,False,False
1012,2026-03-06,East London,Eastern Cape,-33.0153,27.9116,Catering,True,False,False,False
1013,2026-03-06,Durban,KwaZulu-Natal,-29.8587,31.0218,Food Stall,True,True,True,False
1014,2026-03-06,Durban,KwaZulu-Natal,-29.8587,31.0218,Spaza Shop,True,True,True,True
1015,2026-03-06,Johannesburg,Gauteng,-26.2041,28.0473,Tech Services,True,False,False,False
1016,2026-03-06,East London,Eastern Cape,-33.0153,27.9116,Catering,True,False,False,False
1017,2026-03-06,Cape Town,Western Cape,-33.9249,18.4241,Hair Salon,True,True,True,False
1018,2026-03-06,Johannesburg,Gauteng,-26.2041,28.0473,Spaza Shop,True,True,False,False
1019,2026-03-06,Polokwane,Limpopo,-23.9045,29.4689,Tech Services,True,False,False,False
1020,2026-03-07,Durban,KwaZulu-Natal,-29.8587,31.0218,Construction,True,True,True,False
1021,2026-03-07,Mbombela,Mpumalanga,-25.4753,30.9694,Transport,True,True,False,False
1022,2026-03-07,Durban,KwaZulu-Natal,-29.8587,31.0218,Hair Salon,True,False,False,False
1023,2026-03-07,Cape Town,Western Cape,-33.9249,18.4241,Hair Salon,True,True,False,False
1024,2026-03-07,Pretoria,Gauteng,-25.7479,28.2293,Tech Services,True,False,False,False
1025,2026-03-07,Pretoria,Gauteng,-25.7479,28.2293,Spaza Shop,True,True,False,False
1026,2026-03-07,Durban,KwaZulu-Natal,-29.8587,31.0218,Transport,True,True,True,False
1027,2026-03-07,Cape Town,Western Cape,-33.9249,18.4241,Retail,True,True,True,False
1028,2026-03-07,Polokwane,Limpopo,-23.9045,29.4689,Tech Services,True,True,True,True
1029,2026-03-07,Bloemfontein,Free State,-29.0852,26.1596,Food Stall,True,True,False,False
1030,2026-03-07,Johannesburg,Gauteng,-26.2041,28.0473,Transport,True,True,True,False
1031,2026-03-07,Bloemfontein,Free State,-29.0852,26.1596,Hair Salon,True,True,True,False
1032,2026-03-07,Bloemfontein,Free State,-29.0852,26.1596,Catering,True,True,False,False
1033,2026-03-07,Johannesburg,Gauteng,-26.2041,28.0473,Spaza Shop,True,True,False,False
1034,2026-03-07,Johannesburg,Gauteng,-26.2041,28.0473,Spaza Shop,True,False,False,False
1035,2026-03-07,East London,Eastern Cape,-33.0153,27.9116,Food Stall,True,False,False,False
1036,2026-03-07,Mbombela,Mpumalanga,-25.4753,30.9694,Hair Salon,True,True,True,True
1037,2026-03-07,Durban,KwaZulu-Natal,-29.8587,31.0218,Tech Services,True,False,False,False
1038,2026-03-07,Durban,KwaZulu-Natal,-29.8587,31.0218,Spaza Shop,True,True,False,False
1039,2026-03-07,Mbombela,Mpumalanga,-25.4753,30.9694,Food Stall,True,False,False,False
1040,2026-03-08,Cape Town,Western Cape,-33.9249,18.4241,Retail,True,True,False,False
1041,2026-03-08,Johannesburg,Gauteng,-26.2041,28.0473,Construction,True,False,False,False
1042,2026-03-08,Durban,KwaZulu-Natal,-29.8587,31.0218,Transport,True,False,False,False
1043,2026-03-08,Pretoria,Gauteng,-25.7479,28.2293,Tech Services,True,True,True,False
1044,2026-03-08,Cape Town,Western Cape,-33.9249,18.4241,Spaza Shop,True,True,False,False
1045,2026-03-08,Bloemfontein,Free State,-29.0852,26.1596,Transport,True,True,True,True
1046,2026-03-08,Cape Town,Western Cape,-33.9249,18.4241,Construction,True,False,False,False
1047,2026-03-08,Durban,KwaZulu-Natal,-29.8587,31.0218,Spaza Shop,True,True,False,False
1048,2026-03-08,Pretoria,Gauteng,-25.7479,28.2293,Retail,True,True,True,True
1049,2026-03-08,Pretoria,Gauteng,-25.7479,28.2293,Retail,True,True,False,False
1050,2026-03-08,Polokwane,Limpopo,-23.9045,29.4689,Retail,True,False,False,False
1051,2026-03-08,Gqeberha,Eastern Cape,-33.9608,25.6022,Food Stall,True,False,False,False
1052,2026-03-08,Bloemfontein,Free State,-29.0852,26.1596,Food Stall,True,False,False,False
1053,2026-03-08,Gqeberha,Eastern Cape,-33.9608,25.6022,Spaza Shop,True,False,False,False
1054,2026-03-08,Cape Town,Western Cape,-33.9249,18.4241,Construction,True,True,True,False
1055,2026-03-08,Gqeberha,Eastern Cape,-33.9608,25.6022,Spaza Shop,True,True,True,False
1056,2026-03-08,Gqeberha,Eastern Cape,-33.9608,25.6022,Transport,True,True,True,False
1057,2026-03-08,Johannesburg,Gauteng,-26.2041,28.0473,Food Stall,True,False,False,False
1058,2026-03-09,Pretoria,Gauteng,-25.7479,28.2293,Catering,True,True,False,False
1059,2026-03-09,Mbombela,Mpumalanga,-25.4753,30.9694,Construction,True,False,False,False
1060,2026-03-09,Cape Town,Western Cape,-33.9249,18.4241,Retail,True,True,False,False
1061,2026-03-09,Johannesburg,Gauteng,-26.2041,28.0473,Catering,True,True,True,False
1062,2026-03-09,Bloemfontein,Free State,-29.0852,26.1596,Food Stall,True,True,True,False
1063,2026-03-09,Durban,KwaZulu-Natal,-29.8587,31.0218,Spaza Shop,True,False,False,False
1064,2026-03-09,Polokwane,Limpopo,-23.9045,29.4689,Retail,True,True,True,False
1065,2026-03-09,Cape Town,Western Cape,-33.9249,18.4241,Retail,True,False,False,False
1066,2026-03-09,Cape Town,Western Cape,-33.9249,18.4241,Catering,True,False,False,False
1067,2026-03-09,Johannesburg,Gauteng,-26.2041,28.0473,Food Stall,True,False,False,False
1068,2026-03-09,Mbombela,Mpumalanga,-25.4753,30.9694,Catering,True,True,True,False
1069,2026-03-09,Cape Town,Western Cape,-33.9249,18.4241,Spaza Shop,True,True,True,True
1070,2026-03-09,Johannesburg,Gauteng,-26.2041,28.0473,Transport,True,True,False,False
1071,2026-03-09,Cape Town,Western Cape,-33.9249,18.4241,Catering,True,False,False,False
1072,2026-03-09,Durban,KwaZulu-Natal,-29.8587,31.0218,Transport,True,True,False,False
1073,2026-03-09,Cape Town,Western Cape,-33.9249,18.4241,Transport,True,True,True,False
1074,2026-03-09,Cape Town,Western Cape,-33.9249,18.4241,Construction,True,True,True,False
1075,2026-03-09,East London,Eastern Cape,-33.0153,27.9116,Construction,True,False,False,False
1076,2026-03-09,Durban,KwaZulu-Natal,-29.8587,31.0218,Construction,True,False,False,False
1077,2026-03-09,Johannesburg,Gauteng,-26.2041,28.0473,Catering,True,False,False,False
1078,2026-03-10,Cape Town,Western Cape,-33.9249,18.4241,Transport,True,True,True,True
1079,2026-03-10,Bloemfontein,Free State,-29.0852,26.1596,Spaza Shop,True,True,False,False
1080,2026-03-10,Cape Town,Western Cape,-33.9249,18.4241,Food Stall,True,True,True,False
1081,2026-03-10,East London,Eastern Cape,-33.0153,27.9116,Retail,True,True,False,False
1082,2026-03-10,Cape Town,Western Cape,-33.9249,18.4241,Retail,True,True,False,False
1083,2026-03-10,Cape Town,Western Cape,-33.9249,18.4241,Construction,True,True,True,False
1084,2026-03-10,Durban,KwaZulu-Natal,-29.8587,31.0218,Retail,True,True,False,False
1085,2026-03-10,Cape Town,Western Cape,-33.9249,18.4241,Hair Salon,True,True,True,False
1086,2026-03-10,Cape Town,Western Cape,-33.9249,18.4241,Catering,True,True,False,False
1087,2026-03-10,Polokwane,Limpopo,-23.9045,29.4689,Transport,True,False,False,False
1088,2026-03-10,Cape Town,Western Cape,-33.9249,18.4241,Hair Salon,True,True,True,False
1089,2026-03-10,Johannesburg,Gauteng,-26.2041,28.0473,Retail,True,True,True,True
1090,2026-03-10,Durban,KwaZulu-Natal,-29.8587,31.0218,Transport,True,True,False,False
1091,2026-03-10,Bloemfontein,Free State,-29.0852,26.1596,Catering,True,True,False,False
1092,2026-03-10,Johannesburg,Gauteng,-26.2041,28.0473,Retail,True,True,False,False
1093,2026-03-10,Mbombela,Mpumalanga,-25.4753,30.9694,Hair Salon,True,False,False,False
1094,2026-03-10,Johannesburg,Gauteng,-26.2041,28.0473,Food Stall,True,True,True,False
1095,2026-03-10,Durban,KwaZulu-Natal,-29.8587,31.0218,Hair Salon,True,True,True,False
1096,2026-03-10,Johannesburg,Gauteng,-26.2041,28.0473,Tech Services,True,True,True,False
1097,2026-03-10,Pretoria,Gauteng,-25.7479,28.2293,Catering,True,True,True,False
1098,2026-03-11,Durban,KwaZulu-Natal,-29.8587,31.0218,Transport,True,True,True,False
1099,2026-03-11,Polokwane,Limpopo,-23.9045,29.4689,Retail,True,True,False,False
1100,2026-03-11,Durban,KwaZulu-Natal,-29.8587,31.0218,Catering,True,True,False,False
1101,2026-03-11,Durban,KwaZulu-Natal,-29.8587,31.0218,Tech Services,True,True,False,False
1102,2026-03-11,Durban,KwaZulu-Natal,-29.8587,31.0218,Construction,True,True,True,True
1103,2026-03-11,East London,Eastern Cape,-33.0153,27.9116,Retail,True,True,True,True
1104,2026-03-11,Johannesburg,Gauteng,-26.2041,28.0473,Catering,True,True,False,False
1105,2026-03-11,Cape Town,Western Cape,-33.9249,18.4241,Food Stall,True,True,True,False
1106,2026-03-11,Pretoria,Gauteng,-25.7479,28.2293,Retail,True,False,False,False
1107,2026-03-11,Durban,KwaZulu-Natal,-29.8587,31.0218,Transport,True,False,False,False
1108,2026-03-11,Johannesburg,Gauteng,-26.2041,28.0473,Tech Services,True,False,False,False
1109,2026-03-11,Cape Town,Western Cape,-33.9249,18.4241,Tech Services,True,True,False,False
1110,2026-03-11,East London,Eastern Cape,-33.0153,27.9116,Retail,True,True,True,False
1111,2026-03-11,Pretoria,Gauteng,-25.7479,28.2293,Retail,True,False,False,False
1112,2026-03-11,Cape Town,Western Cape,-33.9249,18.4241,Catering,True,False,False,False
1113,2026-03-11,Johannesburg,Gauteng,-26.2041,28.0473,Food Stall,True,True,True,False
1114,2026-03-11,Johannesburg,Gauteng,-26.2041,28.0473,Catering,True,True,True,False
1115,2026-03-11,Kimberley,Northern Cape,-28.7282,24.7499,Spaza Shop,True,True,True,False
1116,2026-03-11,Pretoria,Gauteng,-25.7479,28.2293,Transport,True,True,False,False
1117,2026-03-11,Cape Town,Western Cape,-33.9249,18.4241,Food Stall,True,False,False,False
1118,2026-03-11,Kimberley,Northern Cape,-28.7282,24.7499,Transport,True,True,False,False
1119,2026-03-11,Johannesburg,Gauteng,-26.2041,28.0473,Catering,True,False,False,False
1120,2026-03-11,Johannesburg,Gauteng,-26.2041,28.0473,Hair Salon,True,False,False,False
1121,2026-03-11,Durban,KwaZulu-Natal,-29.8587,31.0218,Retail,True,True,False,False
1122,2026-03-11,East London,Eastern Cape,-33.0153,27.9116,Hair Salon,True,False,False,False
1123,2026-03-11,Kimberley,Northern Cape,-28.7282,24.7499,Tech Services,True,False,False,False
1124,2026-03-12,Bloemfontein,Free State,-29.0852,26.1596,Spaza Shop,True,True,False,False
1125,2026-03-12,Johannesburg,Gauteng,-26.2041,28.0473,Hair Salon,True,False,False,False
1126,2026-03-12,Cape Town,Western Cape,-33.9249,18.4241,Food Stall,True,False,False,False
1127,2026-03-12,Cape Town,Western Cape,-33.9249,18.4241,Transport,True,False,False,False
1128,2026-03-12,Johannesburg,Gauteng,-26.2041,28.0473,Hair Salon,True,False,False,False
1129,2026-03-12,Pretoria,Gauteng,-25.7479,28.2293,Construction,True,True,True,False
1130,2026-03-12,Kimberley,Northern Cape,-28.7282,24.7499,Spaza Shop,True,True,False,False
1131,2026-03-12,Johannesburg,Gauteng,-26.2041,28.0473,Spaza Shop,True,True,True,False
1132,2026-03-12,Kimberley,Northern Cape,-28.7282,24.7499,Food Stall,True,False,False,False
1133,2026-03-12,Gqeberha,Eastern Cape,-33.9608,25.6022,Construction,True,True,False,False
1134,2026-03-12,Johannesburg,Gauteng,-26.2041,28.0473,Spaza Shop,True,True,False,False
1135,2026-03-12,Johannesburg,Gauteng,-26.2041,28.0473,Hair Salon,True,True,False,False
1136,2026-03-12,Johannesburg,Gauteng,-26.2041,28.0473,Transport,True,True,False,False
1137,2026-03-12,East London,Eastern Cape,-33.0153,27.9116,Transport,True,True,True,False
1138,2026-03-12,Gqeberha,Eastern Cape,-33.9608,25.6022,Retail,True,True,True,False
1139,2026-03-13,Durban,KwaZulu-Natal,-29.8587,31.0218,Transport,True,True,False,False
1140,2026-03-13,Pretoria,Gauteng,-25.7479,28.2293,Catering,True,True,False,False
1141,2026-03-13,Johannesburg,Gauteng,-26.2041,28.0473,Transport,True,True,True,True
1142,2026-03-13,Cape Town,Western Cape,-33.9249,18.4241,Tech Services,True,False,False,False
1143,2026-03-13,Gqeberha,Eastern Cape,-33.9608,25.6022,Transport,True,False,False,False
1144,2026-03-13,Bloemfontein,Free State,-29.0852,26.1596,Tech Services,True,True,False,False
1145,2026-03-13,Johannesburg,Gauteng,-26.2041,28.0473,Catering,True,True,False,False
1146,2026-03-13,Durban,KwaZulu-Natal,-29.8587,31.0218,Hair Salon,True,True,False,False
1147,2026-03-13,Johannesburg,Gauteng,-26.2041,28.0473,Catering,True,True,True,False
1148,2026-03-13,Polokwane,Limpopo,-23.9045,29.4689,Hair Salon,True,True,False,False
1149,2026-03-13,Johannesburg,Gauteng,-26.2041,28.0473,Retail,True,True,True,False
1150,2026-03-13,Johannesburg,Gauteng,-26.2041,28.0473,Spaza Shop,True,True,False,False
1151,2026-03-13,Mbombela,Mpumalanga,-25.4753,30.9694,Hair Salon,True,True,False,False
1152,2026-03-13,Cape Town,Western Cape,-33.9249,18.4241,Tech Services,True,True,True,False
1153,2026-03-14,East London,Eastern Cape,-33.0153,27.9116,Spaza Shop,True,False,False,False
1154,2026-03-14,East London,Eastern Cape,-33.0153,27.9116,Retail,True,True,True,True
1155,2026-03-14,Johannesburg,Gauteng,-26.2041,28.0473,Hair Salon,True,True,False,False
1156,2026-03-14,Gqeberha,Eastern Cape,-33.9608,25.6022,Construction,True,True,True,False
1157,2026-03-14,Durban,KwaZulu-Natal,-29.8587,31.0218,Tech Services,True,False,False,False
1158,2026-03-14,Bloemfontein,Free State,-29.0852,26.1596,Transport,True,False,False,False
1159,2026-03-14,Gqeberha,Eastern Cape,-33.9608,25.6022,Tech Services,True,False,False,False
1160,2026-03-14,Polokwane,Limpopo,-23.9045,29.4689,Transport,True,True,True,False
1161,2026-03-14,Durban,KwaZulu-Natal,-29.8587,31.0218,Transport,True,True,False,False
1162,2026-03-14,Polokwane,Limpopo,-23.9045,29.4689,Transport,True,True,False,False
1163,2026-03-14,Cape Town,Western Cape,-33.9249,18.4241,Transport,True,True,False,False
1164,2026-03-14,Durban,KwaZulu-Natal,-29.8587,31.0218,Retail,True,True,True,False
1165,2026-03-14,Cape Town,Western Cape,-33.9249,18.4241,Spaza Shop,True,True,False,False
1166,2026-03-14,Gqeberha,Eastern Cape,-33.9608,25.6022,Spaza Shop,True,False,False,False
1167,2026-03-14,Cape Town,Western Cape,-33.9249,18.4241,Retail,True,False,False,False
1168,2026-03-14,Johannesburg,Gauteng,-26.2041,28.0473,Construction,True,False,False,False
1169,2026-03-14,Polokwane,Limpopo,-23.9045,29.4689,Retail,True,True,False,False
1170,2026-03-14,Mbombela,Mpumalanga,-25.4753,30.9694,Catering,True,True,False,False
1171,2026-03-14,Johannesburg,Gauteng,-26.2041,28.0473,Construction,True,True,True,True
1172,2026-03-14,Pretoria,Gauteng,-25.7479,28.2293,Hair Salon,True,False,False,False
1173,2026-03-14,Durban,KwaZulu-Natal,-29.8587,31.0218,Transport,True,True,True,True
1174,2026-03-14,East London,Eastern Cape,-33.0153,27.9116,Hair Salon,True,True,False,False
1175,2026-03-14,Durban,KwaZulu-Natal,-29.8587,31.0218,Tech Services,True,True,False,False
1176,2026-03-15,Johannesburg,Gauteng,-26.2041,28.0473,Transport,True,True,False,False
1177,2026-03-15,Polokwane,Limpopo,-23.9045,29.4689,Hair Salon,True,True,False,False
1178,2026-03-15,Polokwane,Limpopo,-23.9045,29.4689,Spaza Shop,True,True,False,False
1179,2026-03-15,Durban,KwaZulu-Natal,-29.8587,31.0218,Transport,True,True,True,False
1180,2026-03-15,Durban,KwaZulu-Natal,-29.8587,31.0218,Construction,True,True,False,False
1181,2026-03-15,Johannesburg,Gauteng,-26.2041,28.0473,Food Stall,True,True,False,False
1182,2026-03-15,Bloemfontein,Free State,-29.0852,26.1596,Tech Services,True,True,True,False
1183,2026-03-15,Johannesburg,Gauteng,-26.2041,28.0473,Tech Services,True,True,True,False
1184,2026-03-15,Pretoria,Gauteng,-25.7479,28.2293,Catering,True,True,True,False
1185,2026-03-15,Cape Town,Western Cape,-33.9249,18.4241,Construction,True,True,True,False
1186,2026-03-15,Pretoria,Gauteng,-25.7479,28.2293,Hair Salon,True,True,True,False
1187,2026-03-15,Johannesburg,Gauteng,-26.2041,28.0473,Transport,True,True,True,True
1188,2026-03-15,Durban,KwaZulu-Natal,-29.8587,31.0218,Food Stall,True,True,True,False
1189,2026-03-15,Durban,KwaZulu-Natal,-29.8587,31.0218,Construction,True,True,False,False
1190,2026-03-15,Johannesburg,Gauteng,-26.2041,28.0473,Hair Salon,True,True,False,False
1191,2026-03-15,Johannesburg,Gauteng,-26.2041,28.0473,Catering,True,True,False,False
1192,2026-03-15,Polokwane,Limpopo,-23.9045,29.4689,Spaza Shop,True,False,False,False
1193,2026-03-15,Cape Town,Western Cape,-33.9249,18.4241,Retail,True,False,False,False
1194,2026-03-16,Cape Town,Western Cape,-33.9249,18.4241,Construction,True,True,True,False
1195,2026-03-16,Durban,KwaZulu-Natal,-29.8587,31.0218,Food Stall,True,False,False,False
1196,2026-03-16,Durban,KwaZulu-Natal,-29.8587,31.0218,Spaza Shop,True,False,False,False
1197,2026-03-16,Cape Town,Western Cape,-33.9249,18.4241,Spaza Shop,True,False,False,False
1198,2026-03-16,Pretoria,Gauteng,-25.7479,28.2293,Retail,True,True,True,False
1199,2026-03-16,Johannesburg,Gauteng,-26.2041,28.0473,Retail,True,True,True,True
1200,2026-03-16,Durban,KwaZulu-Natal,-29.8587,31.0218,Transport,True,False,False,False
1201,2026-03-16,Polokwane,Limpopo,-23.9045,29.4689,Tech Services,True,True,False,False
1202,2026-03-16,Pretoria,Gauteng,-25.7479,28.2293,Hair Salon,True,True,False,False
1203,2026-03-16,Polokwane,Limpopo,-23.9045,29.4689,Hair Salon,True,True,False,False
1204,2026-03-16,Johannesburg,Gauteng,-26.2041,28.0473,Spaza Shop,True,True,True,False
1205,2026-03-16,Johannesburg,Gauteng,-26.2041,28.0473,Retail,True,False,False,False
1206,2026-03-16,Pretoria,Gauteng,-25.7479,28.2293,Transport,True,True,True,True
1207,2026-03-16,Cape Town,Western Cape,-33.9249,18.4241,Retail,True,True,False,False
1208,2026-03-16,East London,Eastern Cape,-33.0153,27.9116,Tech Services,True,False,False,False
1209,2026-03-16,Polokwane,Limpopo,-23.9045,29.4689,Spaza Shop,True,False,False,False
1210,2026-03-16,Mbombela,Mpumalanga,-25.4753,30.9694,Construction,True,False,False,False
1211,2026-03-16,Johannesburg,Gauteng,-26.2041,28.0473,Catering,True,False,False,False
1212,2026-03-16,Johannesburg,Gauteng,-26.2041,28.0473,Construction,True,True,False,False
1213,2026-03-16,Cape Town,Western Cape,-33.9249,18.4241,Transport,True,True,True,True
1214,2026-03-16,Cape Town,Western Cape,-33.9249,18.4241,Construction,True,True,False,False
1215,2026-03-16,Polokwane,Limpopo,-23.9045,29.4689,Catering,True,True,False,False
1216,2026-03-16,Cape Town,Western Cape,-33.9249,18.4241,Catering,True,False,False,False
1217,2026-03-16,Durban,KwaZulu-Natal,-29.8587,31.0218,Hair Salon,True,True,True,True
1218,2026-03-16,Johannesburg,Gauteng,-26.2041,28.0473,Catering,True,False,False,False
1219,2026-03-17,Gqeberha,Eastern Cape,-33.9608,25.6022,Tech Services,True,False,False,False
1220,2026-03-17,Mbombela,Mpumalanga,-25.4753,30.9694,Retail,True,True,False,False
1221,2026-03-17,Johannesburg,Gauteng,-26.2041,28.0473,Retail,True,True,True,True
1222,2026-03-17,Durban,KwaZulu-Natal,-29.8587,31.0218,Construction,True,True,False,False
1223,2026-03-17,Gqeberha,Eastern Cape,-33.9608,25.6022,Food Stall,True,True,False,False
1224,2026-03-17,Johannesburg,Gauteng,-26.2041,28.0473,Food Stall,True,False,False,False
1225,2026-03-17,Gqeberha,Eastern Cape,-33.9608,25.6022,Food Stall,True,True,False,False
1226,2026-03-17,Cape Town,Western Cape,-33.9249,18.4241,Spaza Shop,True,True,True,True
1227,2026-03-17,Mbombela,Mpumalanga,-25.4753,30.9694,Construction,True,False,False,False
1228,2026-03-17,Bloemfontein,Free State,-29.0852,26.1596,Construction,True,False,False,False
1229,2026-03-17,Johannesburg,Gauteng,-26.2041,28.0473,Food Stall,True,False,False,False
1230,2026-03-17,Polokwane,Limpopo,-23.9045,29.4689,Construction,True,True,True,False
1231,2026-03-17,Cape Town,Western Cape,-33.9249,18.4241,Tech Services,True,False,False,False
1232,2026-03-17,Gqeberha,Eastern Cape,-33.9608,25.6022,Spaza Shop,True,True,False,False
1233,2026-03-17,Cape Town,Western Cape,-33.9249,18.4241,Spaza Shop,True,True,False,False
1234,2026-03-18,Polokwane,Limpopo,-23.9045,29.4689,Spaza Shop,True,True,False,False
1235,2026-03-18,Durban,KwaZulu-Natal,-29.8587,31.0218,Spaza Shop,True,True,False,False
1236,2026-03-18,Johannesburg,Gauteng,-26.2041,28.0473,Retail,True,True,False,False
1237,2026-03-18,Cape Town,Western Cape,-33.9249,18.4241,Spaza Shop,True,True,False,False
1238,2026-03-18,Gqeberha,Eastern Cape,-33.9608,25.6022,Food Stall,True,False,False,False
1239,2026-03-18,East London,Eastern Cape,-33.0153,27.9116,Hair Salon,True,True,False,False
1240,2026-03-18,Johannesburg,Gauteng,-26.2041,28.0473,Catering,True,True,False,False
1241,2026-03-18,Cape Town,Western Cape,-33.9249,18.4241,Construction,True,True,True,False
1242,2026-03-18,Polokwane,Limpopo,-23.9045,29.4689,Catering,True,True,True,False
1243,2026-03-18,Gqeberha,Eastern Cape,-33.9608,25.6022,Transport,True,True,True,False
1244,2026-03-18,Johannesburg,Gauteng,-26.2041,28.0473,Catering,True,False,False,False
1245,2026-03-18,Cape Town,Western Cape,-33.9249,18.4241,Transport,True,True,False,False
1246,2026-03-18,Durban,KwaZulu-Natal,-29.8587,31.0218,Catering,True,False,False,False
1247,2026-03-18,Johannesburg,Gauteng,-26.2041,28.0473,Spaza Shop,True,True,False,False
1248,2026-03-18,Cape Town,Western Cape,-33.9249,18.4241,Food Stall,True,True,False,False
1249,2026-03-18,Pretoria,Gauteng,-25.7479,28.2293,Construction,True,True,False,False
1250,2026-03-18,Johannesburg,Gauteng,-26.2041,28.0473,Spaza Shop,True,False,False,False
1251,2026-03-18,Cape Town,Western Cape,-33.9249,18.4241,Spaza Shop,True,False,False,False
1252,2026-03-18,Durban,KwaZulu-Natal,-29.8587,31.0218,Food Stall,True,True,True,False
1253,2026-03-18,Cape Town,Western Cape,-33.9249,18.4241,Construction,True,True,False,False
1254,2026-03-19,Polokwane,Limpopo,-23.9045,29.4689,Construction,True,True,False,False
1255,2026-03-19,Johannesburg,Gauteng,-26.2041,28.0473,Spaza Shop,True,True,False,False
1256,2026-03-19,Johannesburg,Gauteng,-26.2041,28.0473,Retail,True,True,False,False
1257,2026-03-19,Pretoria,Gauteng,-25.7479,28.2293,Catering,True,True,True,False
1258,2026-03-19,Gqeberha,Eastern Cape,-33.9608,25.6022,Catering,True,False,False,False
1259,2026-03-19,Kimberley,Northern Cape,-28.7282,24.7499,Transport,True,False,False,False
1260,2026-03-19,Mbombela,Mpumalanga,-25.4753,30.9694,Tech Services,True,True,True,False
1261,2026-03-19,East London,Eastern Cape,-33.0153,27.9116,Hair Salon,True,False,False,False
1262,2026-03-19,Pretoria,Gauteng,-25.7479,28.2293,Retail,True,True,False,False
1263,2026-03-19,Pretoria,Gauteng,-25.7479,28.2293,Spaza Shop,True,True,True,True
1264,2026-03-19,Johannesburg,Gauteng,-26.2041,28.0473,Hair Salon,True,False,False,False
1265,2026-03-19,Cape Town,Western Cape,-33.9249,18.4241,Retail,True,True,False,False
1266,2026-03-19,Cape Town,Western Cape,-33.9249,18.4241,Retail,True,False,False,False
1267,2026-03-19,Durban,KwaZulu-Natal,-29.8587,31.0218,Transport,True,False,False,False
1268,2026-03-19,Mbombela,Mpumalanga,-25.4753,30.9694,Food Stall,True,True,False,False
1269,2026-03-19,Cape Town,Western Cape,-33.9249,18.4241,Retail,True,True,False,False
1270,2026-03-19,Kimberley,Northern Cape,-28.7282,24.7499,Hair Salon,True,True,True,False
1271,2026-03-19,Bloemfontein,Free State,-29.0852,26.1596,Tech Services,True,True,False,False
1272,2026-03-19,Cape Town,Western Cape,-33.9249,18.4241,Construction,True,True,False,False
1273,2026-03-20,Johannesburg,Gauteng,-26.2041,28.0473,Retail,True,True,True,False
1274,2026-03-20,Pretoria,Gauteng,-25.7479,28.2293,Hair Salon,True,True,False,False
1275,2026-03-20,Gqeberha,Eastern Cape,-33.9608,25.6022,Spaza Shop,True,True,False,False
1276,2026-03-20,East London,Eastern Cape,-33.0153,27.9116,Food Stall,True,True,False,False
1277,2026-03-20,Mbombela,Mpumalanga,-25.4753,30.9694,Catering,True,False,False,False
1278,2026-03-20,Cape Town,Western Cape,-33.9249,18.4241,Transport,True,True,False,False
1279,2026-03-20,Cape Town,Western Cape,-33.9249,18.4241,Spaza Shop,True,False,False,False
1280,2026-03-20,East London,Eastern Cape,-33.0153,27.9116,Transport,True,True,False,False
1281,2026-03-20,Durban,KwaZulu-Natal,-29.8587,31.0218,Transport,True,True,False,False
1282,2026-03-20,East London,Eastern Cape,-33.0153,27.9116,Transport,True,False,False,False
1283,2026-03-20,Johannesburg,Gauteng,-26.2041,28.0473,Transport,True,True,False,False
1284,2026-03-21,Kimberley,Northern Cape,-28.7282,24.7499,Catering,True,False,False,False
1285,2026-03-21,Durban,KwaZulu-Natal,-29.8587,31.0218,Retail,True,True,False,False
1286,2026-03-21,Gqeberha,Eastern Cape,-33.9608,25.6022,Food Stall,True,True,True,False
1287,2026-03-21,Polokwane,Limpopo,-23.9045,29.4689,Retail,True,True,False,False
1288,2026-03-21,Pretoria,Gauteng,-25.7479,28.2293,Construction,True,True,True,False
1289,2026-03-21,Mbombela,Mpumalanga,-25.4753,30.9694,Catering,True,True,True,False
1290,2026-03-21,Johannesburg,Gauteng,-26.2041,28.0473,Retail,True,False,False,False
1291,2026-03-21,Bloemfontein,Free State,-29.0852,26.1596,Catering,True,True,False,False
1292,2026-03-21,Johannesburg,Gauteng,-26.2041,28.0473,Hair Salon,True,True,True,False
1293,2026-03-21,Johannesburg,Gauteng,-26.2041,28.0473,Hair Salon,True,False,False,False
1294,2026-03-21,Pretoria,Gauteng,-25.7479,28.2293,Hair Salon,True,False,False,False
1295,2026-03-21,Cape Town,Western Cape,-33.9249,18.4241,Retail,True,True,True,False
1296,2026-03-21,Durban,KwaZulu-Natal,-29.8587,31.0218,Transport,True,True,True,True
1297,2026-03-21,Bloemfontein,Free State,-29.0852,26.1596,Retail,True,False,False,False
1298,2026-03-21,Johannesburg,Gauteng,-26.2041,28.0473,Hair Salon,True,True,True,False
1299,2026-03-21,Johannesburg,Gauteng,-26.2041,28.0473,Retail,True,True,True,True
1300,2026-03-21,Durban,KwaZulu-Natal,-29.8587,31.0218,Food Stall,True,True,True,False
1301,2026-03-21,Johannesburg,Gauteng,-26.2041,28.0473,Spaza Shop,True,True,False,False
1302,2026-03-22,Johannesburg,Gauteng,-26.2041,28.0473,Food Stall,True,True,True,True
1303,2026-03-22,Durban,KwaZulu-Natal,-29.8587,31.0218,Hair Salon,True,True,False,False
1304,2026-03-22,Kimberley,Northern Cape,-28.7282,24.7499,Food Stall,True,False,False,False
1305,2026-03-22,Durban,KwaZulu-Natal,-29.8587,31.0218,Food Stall,True,True,False,False
1306,2026-03-22,Johannesburg,Gauteng,-26.2041,28.0473,Food Stall,True,True,False,False
1307,2026-03-22,Cape Town,Western Cape,-33.9249,18.4241,Catering,True,False,False,False
1308,2026-03-22,Polokwane,Limpopo,-23.9045,29.4689,Transport,True,False,False,False
1309,2026-03-22,Cape Town,Western Cape,-33.9249,18.4241,Transport,True,True,False,False
1310,2026-03-22,Cape Town,Western Cape,-33.9249,18.4241,Food Stall,True,True,True,True
1311,2026-03-22,Polokwane,Limpopo,-23.9045,29.4689,Hair Salon,True,True,True,False
1312,2026-03-22,Cape Town,Western Cape,-33.9249,18.4241,Hair Salon,True,True,True,False
1313,2026-03-22,Bloemfontein,Free State,-29.0852,26.1596,Construction,True,True,True,False
1314,2026-03-22,Durban,KwaZulu-Natal,-29.8587,31.0218,Tech Services,True,False,False,False
1315,2026-03-22,Johannesburg,Gauteng,-26.2041,28.0473,Tech Services,True,True,False,False
1316,2026-03-22,Bloemfontein,Free State,-29.0852,26.1596,Construction,True,True,False,False
1317,2026-03-22,Johannesburg,Gauteng,-26.2041,28.0473,Food Stall,True,True,False,False
1318,2026-03-22,Johannesburg,Gauteng,-26.2041,28.0473,Food Stall,True,True,True,True
1319,2026-03-22,Johannesburg,Gauteng,-26.2041,28.0473,Hair Salon,True,False,False,False
1320,2026-03-22,Durban,KwaZulu-Natal,-29.8587,31.0218,Tech Services,True,False,False,False
1321,2026-03-22,Pretoria,Gauteng,-25.7479,28.2293,Catering,True,True,True,True
1322,2026-03-22,Polokwane,Limpopo,-23.9045,29.4689,Spaza Shop,True,False,False,False
1323,2026-03-23,Bloemfontein,Free State,-29.0852,26.1596,Food Stall,True,False,False,False
1324,2026-03-23,Durban,KwaZulu-Natal,-29.8587,31.0218,Construction,True,True,False,False
1325,2026-03-23,Johannesburg,Gauteng,-26.2041,28.0473,Retail,True,False,False,False
1326,2026-03-23,Durban,KwaZulu-Natal,-29.8587,31.0218,Retail,True,False,False,False
1327,2026-03-23,Mbombela,Mpumalanga,-25.4753,30.9694,Transport,True,False,False,False
1328,2026-03-23,Kimberley,Northern Cape,-28.7282,24.7499,Tech Services,True,False,False,False
1329,2026-03-23,Polokwane,Limpopo,-23.9045,29.4689,Spaza Shop,True,False,False,False
1330,2026-03-23,Cape Town,Western Cape,-33.9249,18.4241,Transport,True,True,True,False
1331,2026-03-23,Johannesburg,Gauteng,-26.2041,28.0473,Tech Services,True,True,True,False
1332,2026-03-23,Durban,KwaZulu-Natal,-29.8587,31.0218,Tech Services,True,False,False,False
1333,2026-03-23,Cape Town,Western Cape,-33.9249,18.4241,Food Stall,True,True,False,False
1334,2026-03-23,Johannesburg,Gauteng,-26.2041,28.0473,Transport,True,True,False,False
1335,2026-03-23,East London,Eastern Cape,-33.0153,27.9116,Catering,True,True,False,False
1336,2026-03-23,Johannesburg,Gauteng,-26.2041,28.0473,Food Stall,True,True,True,False
1337,2026-03-23,Durban,KwaZulu-Natal,-29.8587,31.0218,Catering,True,False,False,False
1338,2026-03-23,Johannesburg,Gauteng,-26.2041,28.0473,Tech Services,True,True,True,False
1339,2026-03-23,Durban,KwaZulu-Natal,-29.8587,31.0218,Tech Services,True,True,True,False
1340,2026-03-23,Cape Town,Western Cape,-33.9249,18.4241,Food Stall,True,True,False,False
1341,2026-03-23,Polokwane,Limpopo,-23.9045,29.4689,Tech Services,True,True,False,False
1342,2026-03-23,Mbombela,Mpumalanga,-25.4753,30.9694,Food Stall,True,True,True,True
1343,2026-03-23,Gqeberha,Eastern Cape,-33.9608,25.6022,Hair Salon,True,True,False,False
1344,2026-03-23,Johannesburg,Gauteng,-26.2041,28.0473,Retail,True,False,False,False
1345,2026-03-24,Cape Town,Western Cape,-33.9249,18.4241,Hair Salon,True,True,False,False
1346,2026-03-24,Pretoria,Gauteng,-25.7479,28.2293,Hair Salon,True,True,False,False
1347,2026-03-24,Gqeberha,Eastern Cape,-33.9608,25.6022,Spaza Shop,True,True,False,False
1348,2026-03-24,Polokwane,Limpopo,-23.9045,29.4689,Food Stall,True,True,True,False
1349,2026-03-24,Durban,KwaZulu-Natal,-29.8587,31.0218,Retail,True,True,True,False
1350,2026-03-24,Pretoria,Gauteng,-25.7479,28.2293,Retail,True,True,False,False
1351,2026-03-24,Gqeberha,Eastern Cape,-33.9608,25.6022,Catering,True,True,True,False
1352,2026-03-24,Durban,KwaZulu-Natal,-29.8587,31.0218,Retail,True,False,False,False
1353,2026-03-24,East London,Eastern Cape,-33.0153,27.9116,Retail,True,False,False,False
1354,2026-03-24,Cape Town,Western Cape,-33.9249,18.4241,Retail,True,True,True,False
1355,2026-03-24,Johannesburg,Gauteng,-26.2041,28.0473,Spaza Shop,True,True,False,False
1356,2026-03-24,Bloemfontein,Free State,-29.0852,26.1596,Catering,True,True,False,False
1357,2026-03-24,Durban,KwaZulu-Natal,-29.8587,31.0218,Construction,True,True,True,False
1358,2026-03-24,Cape Town,Western Cape,-33.9249,18.4241,Spaza Shop,True,False,False,False
1359,2026-03-24,Pretoria,Gauteng,-25.7479,28.2293,Catering,True,True,True,False
1360,2026-03-24,East London,Eastern Cape,-33.0153,27.9116,Tech Services,True,False,False,False
1361,2026-03-25,Bloemfontein,Free State,-29.0852,26.1596,Catering,True,True,False,False
1362,2026-03-25,Johannesburg,Gauteng,-26.2041,28.0473,Transport,True,False,False,False
1363,2026-03-25,Johannesburg,Gauteng,-26.2041,28.0473,Spaza Shop,True,True,False,False
1364,2026-03-25,Johannesburg,Gauteng,-26.2041,28.0473,Construction,True,True,True,False
1365,2026-03-25,Cape Town,Western Cape,-33.9249,18.4241,Tech Services,True,True,True,True
1366,2026-03-25,Johannesburg,Gauteng,-26.2041,28.0473,Food Stall,True,False,False,False
1367,2026-03-25,Cape Town,Western Cape,-33.9249,18.4241,Spaza Shop,True,True,False,False
1368,2026-03-25,Johannesburg,Gauteng,-26.2041,28.0473,Retail,True,True,True,False
1369,2026-03-25,Pretoria,Gauteng,-25.7479,28.2293,Tech Services,True,True,True,False
1370,2026-03-25,Cape Town,Western Cape,-33.9249,18.4241,Construction,True,True,True,False
1371,2026-03-25,Cape Town,Western Cape,-33.9249,18.4241,Transport,True,True,False,False
1372,2026-03-25,Durban,KwaZulu-Natal,-29.8587,31.0218,Hair Salon,True,False,False,False
1373,2026-03-25,Johannesburg,Gauteng,-26.2041,28.0473,Construction,True,True,True,False
1374,2026-03-25,Gqeberha,Eastern Cape,-33.9608,25.6022,Spaza Shop,True,True,True,False
1375,2026-03-25,Mbombela,Mpumalanga,-25.4753,30.9694,Construction,True,False,False,False
1376,2026-03-25,Mbombela,Mpumalanga,-25.4753,30.9694,Hair Salon,True,False,False,False
1377,2026-03-25,Johannesburg,Gauteng,-26.2041,28.0473,Catering,True,True,True,False
1378,2026-03-25,Polokwane,Limpopo,-23.9045,29.4689,Retail,True,False,False,False
1379,2026-03-25,Pretoria,Gauteng,-25.7479,28.2293,Retail,True,True,True,False
1380,2026-03-25,Bloemfontein,Free State,-29.0852,26.1596,Transport,True,False,False,False
1381,2026-03-25,Pretoria,Gauteng,-25.7479,28.2293,Retail,True,False,False,False
1382,2026-03-26,Bloemfontein,Free State,-29.0852,26.1596,Retail,True,True,True,True
1383,2026-03-26,Johannesburg,Gauteng,-26.2041,28.0473,Construction,True,True,False,False
1384,2026-03-26,Durban,KwaZulu-Natal,-29.8587,31.0218,Catering,True,True,False,False
1385,2026-03-26,Durban,KwaZulu-Natal,-29.8587,31.0218,Hair Salon,True,True,False,False
1386,2026-03-26,Mbombela,Mpumalanga,-25.4753,30.9694,Hair Salon,True,False,False,False
1387,2026-03-26,Johannesburg,Gauteng,-26.2041,28.0473,Food Stall,True,True,False,False
1388,2026-03-26,Johannesburg,Gauteng,-26.2041,28.0473,Spaza Shop,True,True,False,False
1389,2026-03-26,Mbombela,Mpumalanga,-25.4753,30.9694,Retail,True,False,False,False
1390,2026-03-26,Johannesburg,Gauteng,-26.2041,28.0473,Food Stall,True,True,True,True
1391,2026-03-26,Cape Town,Western Cape,-33.9249,18.4241,Hair Salon,True,True,False,False
1392,2026-03-26,Durban,KwaZulu-Natal,-29.8587,31.0218,Food Stall,True,True,False,False
1393,2026-03-27,Johannesburg,Gauteng,-26.2041,28.0473,Transport,True,True,False,False
1394,2026-03-27,Gqeberha,Eastern Cape,-33.9608,25.6022,Hair Salon,True,True,False,False
1395,2026-03-27,Cape Town,Western Cape,-33.9249,18.4241,Transport,True,False,False,False
1396,2026-03-27,Johannesburg,Gauteng,-26.2041,28.0473,Construction,True,True,False,False
1397,2026-03-27,Johannesburg,Gauteng,-26.2041,28.0473,Tech Services,True,True,True,True
1398,2026-03-27,Polokwane,Limpopo,-23.9045,29.4689,Transport,True,False,False,False
1399,2026-03-27,Cape Town,Western Cape,-33.9249,18.4241,Food Stall,True,False,False,False
1400,2026-03-27,Gqeberha,Eastern Cape,-33.9608,25.6022,Construction,True,True,True,False
1401,2026-03-27,Cape Town,Western Cape,-33.9249,18.4241,Retail,True,True,False,False
1402,2026-03-27,Cape Town,Western Cape,-33.9249,18.4241,Food Stall,True,False,False,False
1403,2026-03-27,Kimberley,Northern Cape,-28.7282,24.7499,Spaza Shop,True,True,True,False
1404,2026-03-27,Cape Town,Western Cape,-33.9249,18.4241,Food Stall,True,True,False,False
1405,2026-03-27,Mbombela,Mpumalanga,-25.4753,30.9694,Catering,True,False,False,False
1406,2026-03-27,Bloemfontein,Free State,-29.0852,26.1596,Food Stall,True,True,True,False
1407,2026-03-27,Durban,KwaZulu-Natal,-29.8587,31.0218,Spaza Shop,True,True,False,False
1408,2026-03-28,Pretoria,Gauteng,-25.7479,28.2293,Retail,True,True,True,False
1409,2026-03-28,East London,Eastern Cape,-33.0153,27.9116,Hair Salon,True,True,False,False
1410,2026-03-28,East London,Eastern Cape,-33.0153,27.9116,Construction,True,True,False,False
1411,2026-03-28,Johannesburg,Gauteng,-26.2041,28.0473,Tech Services,True,True,True,False
1412,2026-03-28,Pretoria,Gauteng,-25.7479,28.2293,Catering,True,False,False,False
1413,2026-03-28,Pretoria,Gauteng,-25.7479,28.2293,Construction,True,False,False,False
1414,2026-03-28,Bloemfontein,Free State,-29.0852,26.1596,Catering,True,True,True,True
1415,2026-03-28,Bloemfontein,Free State,-29.0852,26.1596,Construction,True,True,True,True
1416,2026-03-28,Mbombela,Mpumalanga,-25.4753,30.9694,Tech Services,True,True,True,False
1417,2026-03-28,Bloemfontein,Free State,-29.0852,26.1596,Spaza Shop,True,True,False,False
1418,2026-03-28,Johannesburg,Gauteng,-26.2041,28.0473,Retail,True,False,False,False
1419,2026-03-28,Cape Town,Western Cape,-33.9249,18.4241,Food Stall,True,False,False,False
1420,2026-03-28,Gqeberha,Eastern Cape,-33.9608,25.6022,Food Stall,True,True,False,False
1421,2026-03-28,Cape Town,Western Cape,-33.9249,18.4241,Spaza Shop,True,False,False,False
1422,2026-03-28,Durban,KwaZulu-Natal,-29.8587,31.0218,Hair Salon,True,False,False,False
1423,2026-03-28,Durban,KwaZulu-Natal,-29.8587,31.0218,Transport,True,False,False,False
1424,2026-03-28,Cape Town,Western Cape,-33.9249,18.4241,Hair Salon,True,True,True,False
1425,2026-03-28,Durban,KwaZulu-Natal,-29.8587,31.0218,Construction,True,False,False,False
1426,2026-03-28,Cape Town,Western Cape,-33.9249,18.4241,Hair Salon,True,True,True,True
1427,2026-03-28,East London,Eastern Cape,-33.0153,27.9116,Food Stall,True,False,False,False
1428,2026-03-28,Cape Town,Western Cape,-33.9249,18.4241,Spaza Shop,True,True,False,False
1429,2026-03-28,Durban,KwaZulu-Natal,-29.8587,31.0218,Food Stall,True,True,True,True
1430,2026-03-28,Johannesburg,Gauteng,-26.2041,28.0473,Catering,True,False,False,False
1431,2026-03-28,Johannesburg,Gauteng,-26.2041,28.0473,Hair Salon,True,True,False,False
1432,2026-03-28,Polokwane,Limpopo,-23.9045,29.4689,Transport,True,False,False,False
1433,2026-03-28,Cape Town,Western Cape,-33.9249,18.4241,Transport,True,False,False,False
1434,2026-03-29,Pretoria,Gauteng,-25.7479,28.2293,Tech Services,True,True,True,True
1435,2026-03-29,Polokwane,Limpopo,-23.9045,29.4689,Food Stall,True,True,True,False
1436,2026-03-29,Johannesburg,Gauteng,-26.2041,28.0473,Catering,True,True,True,False
1437,2026-03-29,Cape Town,Western Cape,-33.9249,18.4241,Transport,True,True,False,False
1438,2026-03-29,Kimberley,Northern Cape,-28.7282,24.7499,Spaza Shop,True,True,True,False
1439,2026-03-29,Pretoria,Gauteng,-25.7479,28.2293,Transport,True,True,True,False
1440,2026-03-29,Pretoria,Gauteng,-25.7479,28.2293,Catering,True,True,True,False
1441,2026-03-29,Durban,KwaZulu-Natal,-29.8587,31.0218,Food Stall,True,True,True,False
1442,2026-03-29,Polokwane,Limpopo,-23.9045,29.4689,Food Stall,True,True,False,False
1443,2026-03-29,Pretoria,Gauteng,-25.7479,28.2293,Construction,True,False,False,False
1444,2026-03-29,Pretoria,Gauteng,-25.7479,28.2293,Catering,True,True,True,False
1445,2026-03-29,Mbombela,Mpumalanga,-25.4753,30.9694,Tech Services,True,False,False,False
1446,2026-03-29,Kimberley,Northern Cape,-28.7282,24.7499,Spaza Shop,True,True,False,False
1447,2026-03-29,Cape Town,Western Cape,-33.9249,18.4241,Hair Salon,True,True,False,False
1448,2026-03-29,Cape Town,Western Cape,-33.9249,18.4241,Spaza Shop,True,True,False,False
1449,2026-03-29,Gqeberha,Eastern Cape,-33.9608,25.6022,Construction,True,True,True,False
1450,2026-03-29,Durban,KwaZulu-Natal,-29.8587,31.0218,Retail,True,True,False,False
1451,2026-03-29,Johannesburg,Gauteng,-26.2041,28.0473,Spaza Shop,True,True,False,False
1452,2026-03-29,Kimberley,Northern Cape,-28.7282,24.7499,Catering,True,True,True,False
1453,2026-03-29,Bloemfontein,Free State,-29.0852,26.1596,Spaza Shop,True,True,False,False
1454,2026-03-29,Polokwane,Limpopo,-23.9045,29.4689,Transport,True,True,False,False
1455,2026-03-29,Durban,KwaZulu-Natal,-29.8587,31.0218,Construction,True,True,False,False
1456,2026-03-29,Bloemfontein,Free State,-29.0852,26.1596,Spaza Shop,True,True,False,False
1457,2026-03-29,Cape Town,Western Cape,-33.9249,18.4241,Transport,True,False,False,False
1458,2026-03-30,Polokwane,Limpopo,-23.9045,29.4689,Transport,True,True,True,False
1459,2026-03-30,Cape Town,Western Cape,-33.9249,18.4241,Construction,True,True,False,False
1460,2026-03-30,Johannesburg,Gauteng,-26.2041,28.0473,Food Stall,True,True,False,False
1461,2026-03-30,Bloemfontein,Free State,-29.0852,26.1596,Construction,True,False,False,False
1462,2026-03-30,Bloemfontein,Free State,-29.0852,26.1596,Transport,True,False,False,False
1463,2026-03-30,Cape Town,Western Cape,-33.9249,18.4241,Retail,True,True,False,False
1464,2026-03-30,Johannesburg,Gauteng,-26.2041,28.0473,Hair Salon,True,True,True,False
1465,2026-03-30,Cape Town,Western Cape,-33.9249,18.4241,Retail,True,True,False,False
1466,2026-03-30,Cape Town,Western Cape,-33.9249,18.4241,Hair Salon,True,True,False,False
1467,2026-03-30,Johannesburg,Gauteng,-26.2041,28.0473,Hair Salon,True,False,False,False
1468,2026-03-30,Johannesburg,Gauteng,-26.2041,28.0473,Retail,True,False,False,False
1469,2026-03-30,Mbombela,Mpumalanga,-25.4753,30.9694,Catering,True,True,True,True
1470,2026-03-30,Cape Town,Western Cape,-33.9249,18.4241,Spaza Shop,True,False,False,False
1471,2026-03-30,Pretoria,Gauteng,-25.7479,28.2293,Catering,True,False,False,False
1472,2026-03-30,Cape Town,Western Cape,-33.9249,18.4241,Spaza Shop,True,True,False,False
1473,2026-03-30,Pretoria,Gauteng,-25.7479,28.2293,Construction,True,True,False,False
1474,2026-03-30,East London,Eastern Cape,-33.0153,27.9116,Transport,True,True,True,False
1475,2026-03-30,Cape Town,Western Cape,-33.9249,18.4241,Food Stall,True,True,False,False
1476,2026-03-30,Cape Town,Western Cape,-33.9249,18.4241,Retail,True,True,False,False
1477,2026-03-30,Johannesburg,Gauteng,-26.2041,28.0473,Spaza Shop,True,True,True,False
1478,2026-03-31,Johannesburg,Gauteng,-26.2041,28.0473,Catering,True,True,False,False
1479,2026-03-31,Gqeberha,Eastern Cape,-33.9608,25.6022,Catering,True,True,False,False
1480,2026-03-31,Johannesburg,Gauteng,-26.2041,28.0473,Catering,True,True,False,False
1481,2026-03-31,Cape Town,Western Cape,-33.9249,18.4241,Transport,True,True,True,False
1482,2026-03-31,Kimberley,Northern Cape,-28.7282,24.7499,Catering,True,True,False,False
1483,2026-03-31,Durban,KwaZulu-Natal,-29.8587,31.0218,Catering,True,True,True,False
1484,2026-03-31,Mbombela,Mpumalanga,-25.4753,30.9694,Catering,True,False,False,False
1485,2026-03-31,Johannesburg,Gauteng,-26.2041,28.0473,Transport,True,False,False,False
1486,2026-03-31,Durban,KwaZulu-Natal,-29.8587,31.0218,Catering,True,True,False,False
1487,2026-03-31,East London,Eastern Cape,-33.0153,27.9116,Food Stall,True,False,False,False
1488,2026-03-31,Pretoria,Gauteng,-25.7479,28.2293,Hair Salon,True,True,True,True
1489,2026-03-31,Pretoria,Gauteng,-25.7479,28.2293,Food Stall,True,True,False,False
1490,2026-03-31,Cape Town,Western Cape,-33.9249,18.4241,Construction,True,True,False,False
1491,2026-04-01,Durban,KwaZulu-Natal,-29.8587,31.0218,Retail,True,True,False,False
1492,2026-04-01,Johannesburg,Gauteng,-26.2041,28.0473,Hair Salon,True,True,False,False
1493,2026-04-01,Kimberley,Northern Cape,-28.7282,24.7499,Spaza Shop,True,True,False,False
1494,2026-04-01,Mbombela,Mpumalanga,-25.4753,30.9694,Transport,True,True,True,False
1495,2026-04-01,Cape Town,Western Cape,-33.9249,18.4241,Food Stall,True,True,True,True
1496,2026-04-01,Polokwane,Limpopo,-23.9045,29.4689,Food Stall,True,True,False,False
1497,2026-04-01,Bloemfontein,Free State,-29.0852,26.1596,Catering,True,True,False,False
1498,2026-04-01,East London,Eastern Cape,-33.0153,27.9116,Tech Services,True,False,False,False
1499,2026-04-01,Gqeberha,Eastern Cape,-33.9608,25.6022,Hair Salon,True,True,False,False
1500,2026-04-01,Johannesburg,Gauteng,-26.2041,28.0473,Transport,True,True,False,False
1501,2026-04-01,Johannesburg,Gauteng,-26.2041,28.0473,Tech Services,True,False,False,False
1502,2026-04-01,Johannesburg,Gauteng,-26.2041,28.0473,Tech Services,True,True,False,False
1503,2026-04-01,Johannesburg,Gauteng,-26.2041,28.0473,Catering,True,True,False,False
1504,2026-04-01,Johannesburg,Gauteng,-26.2041,28.0473,Retail,True,False,False,False
1505,2026-04-01,Durban,KwaZulu-Natal,-29.8587,31.0218,Retail,True,True,False,False
1506,2026-04-02,Cape Town,Western Cape,-33.9249,18.4241,Construction,True,False,False,False
1507,2026-04-02,Johannesburg,Gauteng,-26.2041,28.0473,Food Stall,True,True,True,False
1508,2026-04-02,Johannesburg,Gauteng,-26.2041,28.0473,Construction,True,True,True,True
1509,2026-04-02,Johannesburg,Gauteng,-26.2041,28.0473,Food Stall,True,False,False,False
1510,2026-04-02,Kimberley,Northern Cape,-28.7282,24.7499,Food Stall,True,True,False,False
1511,2026-04-02,Durban,KwaZulu-Natal,-29.8587,31.0218,Food Stall,True,False,False,False
1512,2026-04-02,Kimberley,Northern Cape,-28.7282,24.7499,Transport,True,False,False,False
1513,2026-04-02,Cape Town,Western Cape,-33.9249,18.4241,Catering,True,True,False,False
1514,2026-04-02,Durban,KwaZulu-Natal,-29.8587,31.0218,Catering,True,True,False,False
1515,2026-04-02,Cape Town,Western Cape,-33.9249,18.4241,Transport,True,True,True,False
1516,2026-04-02,Johannesburg,Gauteng,-26.2041,28.0473,Hair Salon,True,True,False,False
1517,2026-04-02,Cape Town,Western Cape,-33.9249,18.4241,Catering,True,False,False,False
1518,2026-04-02,Bloemfontein,Free State,-29.0852,26.1596,Transport,True,True,True,True
1519,2026-04-02,East London,Eastern Cape,-33.0153,27.9116,Retail,True,False,False,False
1520,2026-04-02,Pretoria,Gauteng,-25.7479,28.2293,Transport,True,False,False,False
1521,2026-04-02,Johannesburg,Gauteng,-26.2041,28.0473,Spaza Shop,True,True,False,False
1522,2026-04-02,Johannesburg,Gauteng,-26.2041,28.0473,Tech Services,True,True,False,False
1523,2026-04-02,Pretoria,Gauteng,-25.7479,28.2293,Hair Salon,True,False,False,False
1524,2026-04-02,Pretoria,Gauteng,-25.7479,28.2293,Hair Salon,True,True,False,False
1525,2026-04-02,Cape Town,Western Cape,-33.9249,18.4241,Hair Salon,True,False,False,False
1526,2026-04-02,East London,Eastern Cape,-33.0153,27.9116,Food Stall,True,False,False,False
1527,2026-04-03,Cape Town,Western Cape,-33.9249,18.4241,Transport,True,True,True,False
1528,2026-04-03,Johannesburg,Gauteng,-26.2041,28.0473,Hair Salon,True,True,False,False
1529,2026-04-03,Pretoria,Gauteng,-25.7479,28.2293,Catering,True,False,False,False
1530,2026-04-03,Gqeberha,Eastern Cape,-33.9608,25.6022,Tech Services,True,True,True,False
1531,2026-04-03,Gqeberha,Eastern Cape,-33.9608,25.6022,Hair Salon,True,False,False,False
1532,2026-04-03,Johannesburg,Gauteng,-26.2041,28.0473,Spaza Shop,True,True,True,True
1533,2026-04-03,East London,Eastern Cape,-33.0153,27.9116,Retail,True,True,True,True
1534,2026-04-03,Johannesburg,Gauteng,-26.2041,28.0473,Hair Salon,True,True,True,True
1535,2026-04-03,Mbombela,Mpumalanga,-25.4753,30.9694,Catering,True,True,False,False
1536,2026-04-03,Gqeberha,Eastern Cape,-33.9608,25.6022,Retail,True,True,True,False
1537,2026-04-03,Mbombela,Mpumalanga,-25.4753,30.9694,Construction,True,True,True,False
1538,2026-04-03,Cape Town,Western Cape,-33.9249,18.4241,Spaza Shop,True,True,False,False
1539,2026-04-03,Durban,KwaZulu-Natal,-29.8587,31.0218,Retail,True,False,False,False
1540,2026-04-03,Johannesburg,Gauteng,-26.2041,28.0473,Spaza Shop,True,False,False,False
1541,2026-04-03,Kimberley,Northern Cape,-28.7282,24.7499,Food Stall,True,True,True,False
1542,2026-04-03,Cape Town,Western Cape,-33.9249,18.4241,Catering,True,True,True,False
1543,2026-04-03,East London,Eastern Cape,-33.0153,27.9116,Tech Services,True,False,False,False
1544,2026-04-03,Johannesburg,Gauteng,-26.2041,28.0473,Hair Salon,True,True,True,False
1545,2026-04-03,Cape Town,Western Cape,-33.9249,18.4241,Retail,True,True,True,True
1546,2026-04-03,Durban,KwaZulu-Natal,-29.8587,31.0218,Retail,True,True,True,True
1547,2026-04-03,Cape Town,Western Cape,-33.9249,18.4241,Food Stall,True,False,False,False
1548,2026-04-03,Pretoria,Gauteng,-25.7479,28.2293,Tech Services,True,True,False,False
1549,2026-04-03,Johannesburg,Gauteng,-26.2041,28.0473,Food Stall,True,True,False,False
1550,2026-04-03,Mbombela,Mpumalanga,-25.4753,30.9694,Hair Salon,True,True,True,False
1551,2026-04-03,Cape Town,Western Cape,-33.9249,18.4241,Hair Salon,True,True,False,False
1552,2026-04-03,Johannesburg,Gauteng,-26.2041,28.0473,Hair Salon,True,True,False,False
1553,2026-04-04,Bloemfontein,Free State,-29.0852,26.1596,Catering,True,False,False,False
1554,2026-04-04,Johannesburg,Gauteng,-26.2041,28.0473,Transport,True,False,False,False
1555,2026-04-04,Johannesburg,Gauteng,-26.2041,28.0473,Tech Services,True,False,False,False
1556,2026-04-04,Johannesburg,Gauteng,-26.2041,28.0473,Food Stall,True,False,False,False
1557,2026-04-04,Pretoria,Gauteng,-25.7479,28.2293,Retail,True,False,False,False
1558,2026-04-04,Bloemfontein,Free State,-29.0852,26.1596,Tech Services,True,False,False,False
1559,2026-04-04,Cape Town,Western Cape,-33.9249,18.4241,Food Stall,True,True,False,False
1560,2026-04-04,Cape Town,Western Cape,-33.9249,18.4241,Food Stall,True,True,True,True
1561,2026-04-04,Cape Town,Western Cape,-33.9249,18.4241,Spaza Shop,True,True,True,True
1562,2026-04-04,East London,Eastern Cape,-33.0153,27.9116,Transport,True,True,True,True
1563,2026-04-04,Johannesburg,Gauteng,-26.2041,28.0473,Food Stall,True,True,True,True
1564,2026-04-04,Bloemfontein,Free State,-29.0852,26.1596,Food Stall,True,True,False,False
1565,2026-04-04,Cape Town,Western Cape,-33.9249,18.4241,Spaza Shop,True,True,False,False
1566,2026-04-04,Mbombela,Mpumalanga,-25.4753,30.9694,Hair Salon,True,True,False,False
1567,2026-04-04,Cape Town,Western Cape,-33.9249,18.4241,Spaza Shop,True,True,True,False
1568,2026-04-05,Johannesburg,Gauteng,-26.2041,28.0473,Catering,True,True,False,False
1569,2026-04-05,Cape Town,Western Cape,-33.9249,18.4241,Food Stall,True,True,False,False
1570,2026-04-05,Bloemfontein,Free State,-29.0852,26.1596,Food Stall,True,True,False,False
1571,2026-04-05,Cape Town,Western Cape,-33.9249,18.4241,Spaza Shop,True,False,False,False
1572,2026-04-05,Cape Town,Western Cape,-33.9249,18.4241,Transport,True,True,False,False
1573,2026-04-05,Bloemfontein,Free State,-29.0852,26.1596,Catering,True,True,True,False
1574,2026-04-05,East London,Eastern Cape,-33.0153,27.9116,Spaza Shop,True,True,False,False
1575,2026-04-05,Bloemfontein,Free State,-29.0852,26.1596,Transport,True,True,True,False
1576,2026-04-05,Cape Town,Western Cape,-33.9249,18.4241,Retail,True,True,True,True
1577,2026-04-05,Durban,KwaZulu-Natal,-29.8587,31.0218,Hair Salon,True,False,False,False
1578,2026-04-05,Polokwane,Limpopo,-23.9045,29.4689,Spaza Shop,True,True,True,False
1579,2026-04-05,Cape Town,Western Cape,-33.9249,18.4241,Tech Services,True,False,False,False
1580,2026-04-05,Pretoria,Gauteng,-25.7479,28.2293,Spaza Shop,True,False,False,False
1581,2026-04-05,Kimberley,Northern Cape,-28.7282,24.7499,Hair Salon,True,True,False,False
1582,2026-04-05,East London,Eastern Cape,-33.0153,27.9116,Transport,True,True,False,False
1583,2026-04-05,Cape Town,Western Cape,-33.9249,18.4241,Transport,True,False,False,False
1584,2026-04-05,Johannesburg,Gauteng,-26.2041,28.0473,Construction,True,True,False,False
1585,2026-04-05,Cape Town,Western Cape,-33.9249,18.4241,Hair Salon,True,False,False,False
1586,2026-04-05,East London,Eastern Cape,-33.0153,27.9116,Tech Services,True,True,True,True
1587,2026-04-05,East London,Eastern Cape,-33.0153,27.9116,Hair Salon,True,False,False,False
1588,2026-04-05,Gqeberha,Eastern Cape,-33.9608,25.6022,Retail,True,True,False,False
1589,2026-04-05,Johannesburg,Gauteng,-26.2041,28.0473,Food Stall,True,False,False,False
1590,2026-04-05,Cape Town,Western Cape,-33.9249,18.4241,Retail,True,True,True,False
1591,2026-04-05,Cape Town,Western Cape,-33.9249,18.4241,Food Stall,True,True,True,True
1592,2026-04-05,Gqeberha,Eastern Cape,-33.9608,25.6022,Catering,True,True,False,False
1593,2026-04-06,Durban,KwaZulu-Natal,-29.8587,31.0218,Food Stall,True,True,False,False
1594,2026-04-06,Pretoria,Gauteng,-25.7479,28.2293,Tech Services,True,True,False,False
1595,2026-04-06,Mbombela,Mpumalanga,-25.4753,30.9694,Spaza Shop,True,False,False,False
1596,2026-04-06,Durban,KwaZulu-Natal,-29.8587,31.0218,Retail,True,True,True,True
1597,2026-04-06,Polokwane,Limpopo,-23.9045,29.4689,Hair Salon,True,True,False,False
1598,2026-04-06,Durban,KwaZulu-Natal,-29.8587,31.0218,Retail,True,False,False,False
1599,2026-04-06,East London,Eastern Cape,-33.0153,27.9116,Retail,True,False,False,False
1600,2026-04-06,Gqeberha,Eastern Cape,-33.9608,25.6022,Spaza Shop,True,True,True,True
1601,2026-04-06,Pretoria,Gauteng,-25.7479,28.2293,Food Stall,True,False,False,False
1602,2026-04-06,Cape Town,Western Cape,-33.9249,18.4241,Tech Services,True,False,False,False
1603,2026-04-06,Durban,KwaZulu-Natal,-29.8587,31.0218,Retail,True,True,True,True
1604,2026-04-06,Bloemfontein,Free State,-29.0852,26.1596,Spaza Shop,True,True,False,False
1605,2026-04-06,Mbombela,Mpumalanga,-25.4753,30.9694,Hair Salon,True,True,True,False
1606,2026-04-06,Pretoria,Gauteng,-25.7479,28.2293,Transport,True,True,True,False
1607,2026-04-07,Gqeberha,Eastern Cape,-33.9608,25.6022,Tech Services,True,False,False,False
1608,2026-04-07,Mbombela,Mpumalanga,-25.4753,30.9694,Catering,True,False,False,False
1609,2026-04-07,Pretoria,Gauteng,-25.7479,28.2293,Hair Salon,True,True,False,False
1610,2026-04-07,Durban,KwaZulu-Natal,-29.8587,31.0218,Retail,True,False,False,False
1611,2026-04-07,Cape Town,Western Cape,-33.9249,18.4241,Transport,True,True,False,False
1612,2026-04-07,Pretoria,Gauteng,-25.7479,28.2293,Construction,True,True,True,False
1613,2026-04-07,Mbombela,Mpumalanga,-25.4753,30.9694,Retail,True,True,True,True
1614,2026-04-07,Cape Town,Western Cape,-33.9249,18.4241,Food Stall,True,True,False,False
1615,2026-04-07,Durban,KwaZulu-Natal,-29.8587,31.0218,Hair Salon,True,False,False,False
1616,2026-04-07,Pretoria,Gauteng,-25.7479,28.2293,Retail,True,True,False,False
1617,2026-04-07,Polokwane,Limpopo,-23.9045,29.4689,Transport,True,False,False,False
1618,2026-04-07,Cape Town,Western Cape,-33.9249,18.4241,Spaza Shop,True,True,True,False
1619,2026-04-07,East London,Eastern Cape,-33.0153,27.9116,Spaza Shop,True,False,False,False
1620,2026-04-07,Gqeberha,Eastern Cape,-33.9608,25.6022,Construction,True,False,False,False
1621,2026-04-07,Pretoria,Gauteng,-25.7479,28.2293,Transport,True,True,False,False
1622,2026-04-07,Polokwane,Limpopo,-23.9045,29.4689,Construction,True,False,False,False
1623,2026-04-07,Polokwane,Limpopo,-23.9045,29.4689,Tech Services,True,True,False,False
1624,2026-04-07,Mbombela,Mpumalanga,-25.4753,30.9694,Retail,True,False,False,False
1625,2026-04-07,Johannesburg,Gauteng,-26.2041,28.0473,Construction,True,False,False,False
1626,2026-04-07,Pretoria,Gauteng,-25.7479,28.2293,Catering,True,False,False,False
1627,2026-04-07,Mbombela,Mpumalanga,-25.4753,30.9694,Tech Services,True,False,False,False
1628,2026-04-07,Bloemfontein,Free State,-29.0852,26.1596,Food Stall,True,True,True,False
1629,2026-04-07,Cape Town,Western Cape,-33.9249,18.4241,Tech Services,True,True,False,False
1630,2026-04-07,Polokwane,Limpopo,-23.9045,29.4689,Catering,True,False,False,False
1631,2026-04-07,Gqeberha,Eastern Cape,-33.9608,25.6022,Transport,True,True,True,False
1632,2026-04-07,Cape Town,Western Cape,-33.9249,18.4241,Food Stall,True,True,True,False
1633,2026-04-07,Bloemfontein,Free State,-29.0852,26.1596,Transport,True,True,True,False
1634,2026-04-07,Durban,KwaZulu-Natal,-29.8587,31.0218,Catering,True,True,True,False
1635,2026-04-08,Polokwane,Limpopo,-23.9045,29.4689,Transport,True,False,False,False
1636,2026-04-08,Cape Town,Western Cape,-33.9249,18.4241,Catering,True,False,False,False
1637,2026-04-08,Pretoria,Gauteng,-25.7479,28.2293,Transport,True,False,False,False
1638,2026-04-08,East London,Eastern Cape,-33.0153,27.9116,Catering,True,True,False,False
1639,2026-04-08,Cape Town,Western Cape,-33.9249,18.4241,Construction,True,True,False,False
1640,2026-04-08,Johannesburg,Gauteng,-26.2041,28.0473,Construction,True,True,False,False
1641,2026-04-08,Polokwane,Limpopo,-23.9045,29.4689,Construction,True,False,False,False
1642,2026-04-08,Pretoria,Gauteng,-25.7479,28.2293,Spaza Shop,True,False,False,False
1643,2026-04-08,Cape Town,Western Cape,-33.9249,18.4241,Transport,True,True,True,True
1644,2026-04-08,Johannesburg,Gauteng,-26.2041,28.0473,Food Stall,True,True,True,False
1645,2026-04-08,East London,Eastern Cape,-33.0153,27.9116,Retail,True,True,True,True
1646,2026-04-08,Pretoria,Gauteng,-25.7479,28.2293,Construction,True,True,True,False
1647,2026-04-08,Kimberley,Northern Cape,-28.7282,24.7499,Tech Services,True,True,False,False
1648,2026-04-08,Johannesburg,Gauteng,-26.2041,28.0473,Spaza Shop,True,False,False,False
1649,2026-04-08,Pretoria,Gauteng,-25.7479,28.2293,Construction,True,True,False,False
1650,2026-04-08,Cape Town,Western Cape,-33.9249,18.4241,Catering,True,True,True,True
1651,2026-04-08,Polokwane,Limpopo,-23.9045,29.4689,Tech Services,True,False,False,False
1652,2026-04-08,Gqeberha,Eastern Cape,-33.9608,25.6022,Tech Services,True,False,False,False
1653,2026-04-08,Bloemfontein,Free State,-29.0852,26.1596,Transport,True,True,True,True
1654,2026-04-08,Mbombela,Mpumalanga,-25.4753,30.9694,Spaza Shop,True,True,True,False
1655,2026-04-09,Johannesburg,Gauteng,-26.2041,28.0473,Transport,True,True,True,False
1656,2026-04-09,Johannesburg,Gauteng,-26.2041,28.0473,Spaza Shop,True,False,False,False
1657,2026-04-09,Durban,KwaZulu-Natal,-29.8587,31.0218,Transport,True,True,False,False
1658,2026-04-09,Polokwane,Limpopo,-23.9045,29.4689,Catering,True,True,True,False
1659,2026-04-09,Pretoria,Gauteng,-25.7479,28.2293,Food Stall,True,True,False,False
1660,2026-04-09,Polokwane,Limpopo,-23.9045,29.4689,Transport,True,False,False,False
1661,2026-04-09,Mbombela,Mpumalanga,-25.4753,30.9694,Retail,True,True,False,False
1662,2026-04-09,Cape Town,Western Cape,-33.9249,18.4241,Food Stall,True,True,True,False
1663,2026-04-09,Bloemfontein,Free State,-29.0852,26.1596,Food Stall,True,True,False,False
1664,2026-04-09,Johannesburg,Gauteng,-26.2041,28.0473,Retail,True,True,True,True
1665,2026-04-09,Johannesburg,Gauteng,-26.2041,28.0473,Food Stall,True,True,True,False
1666,2026-04-09,Johannesburg,Gauteng,-26.2041,28.0473,Food Stall,True,True,False,False
1667,2026-04-10,Cape Town,Western Cape,-33.9249,18.4241,Catering,True,True,False,False
1668,2026-04-10,Johannesburg,Gauteng,-26.2041,28.0473,Catering,True,True,False,False
1669,2026-04-10,East London,Eastern Cape,-33.0153,27.9116,Retail,True,False,False,False
1670,2026-04-10,Durban,KwaZulu-Natal,-29.8587,31.0218,Construction,True,False,False,False
1671,2026-04-10,Durban,KwaZulu-Natal,-29.8587,31.0218,Catering,True,False,False,False
1672,2026-04-10,Cape Town,Western Cape,-33.9249,18.4241,Hair Salon,True,True,False,False
1673,2026-04-10,Polokwane,Limpopo,-23.9045,29.4689,Hair Salon,True,True,False,False
1674,2026-04-10,Cape Town,Western Cape,-33.9249,18.4241,Transport,True,True,False,False
1675,2026-04-10,Johannesburg,Gauteng,-26.2041,28.0473,Food Stall,True,True,False,False
1676,2026-04-10,Cape Town,Western Cape,-33.9249,18.4241,Spaza Shop,True,False,False,False
1677,2026-04-10,Pretoria,Gauteng,-25.7479,28.2293,Food Stall,True,True,False,False
1678,2026-04-10,Pretoria,Gauteng,-25.7479,28.2293,Catering,True,False,False,False
1679,2026-04-10,Johannesburg,Gauteng,-26.2041,28.0473,Transport,True,True,False,False
1680,2026-04-10,East London,Eastern Cape,-33.0153,27.9116,Tech Services,True,False,False,False
1681,2026-04-10,Johannesburg,Gauteng,-26.2041,28.0473,Tech Services,True,True,True,False
1682,2026-04-10,Johannesburg,Gauteng,-26.2041,28.0473,Catering,True,False,False,False
1683,2026-04-10,Cape Town,Western Cape,-33.9249,18.4241,Catering,True,True,False,False
1684,2026-04-10,Johannesburg,Gauteng,-26.2041,28.0473,Retail,True,True,True,False
1685,2026-04-10,Polokwane,Limpopo,-23.9045,29.4689,Transport,True,False,False,False
1686,2026-04-10,Gqeberha,Eastern Cape,-33.9608,25.6022,Construction,True,False,False,False
1687,2026-04-10,Cape Town,Western Cape,-33.9249,18.4241,Food Stall,True,False,False,False
1688,2026-04-10,Pretoria,Gauteng,-25.7479,28.2293,Transport,True,True,True,False
1689,2026-04-10,Durban,KwaZulu-Natal,-29.8587,31.0218,Transport,True,True,True,True
1690,2026-04-10,Kimberley,Northern Cape,-28.7282,24.7499,Catering,True,False,False,False
1691,2026-04-10,Mbombela,Mpumalanga,-25.4753,30.9694,Hair Salon,True,True,False,False
1692,2026-04-10,Pretoria,Gauteng,-25.7479,28.2293,Food Stall,True,True,False,False
1693,2026-04-11,Pretoria,Gauteng,-25.7479,28.2293,Retail,True,False,False,False
1694,2026-04-11,East London,Eastern Cape,-33.0153,27.9116,Hair Salon,True,True,True,True
1695,2026-04-11,Mbombela,Mpumalanga,-25.4753,30.9694,Tech Services,True,True,False,False
1696,2026-04-11,Johannesburg,Gauteng,-26.2041,28.0473,Retail,True,True,False,False
1697,2026-04-11,Cape Town,Western Cape,-33.9249,18.4241,Spaza Shop,True,True,False,False
1698,2026-04-11,Johannesburg,Gauteng,-26.2041,28.0473,Tech Services,True,True,True,True
1699,2026-04-11,Johannesburg,Gauteng,-26.2041,28.0473,Transport,True,True,False,False
1700,2026-04-11,Durban,KwaZulu-Natal,-29.8587,31.0218,Retail,True,True,False,False
1701,2026-04-11,Pretoria,Gauteng,-25.7479,28.2293,Catering,True,False,False,False
1702,2026-04-11,Johannesburg,Gauteng,-26.2041,28.0473,Retail,True,True,False,False
1703,2026-04-11,Polokwane,Limpopo,-23.9045,29.4689,Spaza Shop,True,True,False,False
1704,2026-04-11,Cape Town,Western Cape,-33.9249,18.4241,Food Stall,True,True,False,False
1705,2026-04-11,Gqeberha,Eastern Cape,-33.9608,25.6022,Food Stall,True,False,False,False
1706,2026-04-11,Pretoria,Gauteng,-25.7479,28.2293,Transport,True,False,False,False
1707,2026-04-11,Gqeberha,Eastern Cape,-33.9608,25.6022,Tech Services,True,False,False,False
1708,2026-04-11,East London,Eastern Cape,-33.0153,27.9116,Spaza Shop,True,True,True,True
1709,2026-04-11,Gqeberha,Eastern Cape,-33.9608,25.6022,Catering,True,True,True,False
1710,2026-04-11,Durban,KwaZulu-Natal,-29.8587,31.0218,Construction,True,True,False,False
1711,2026-04-11,Johannesburg,Gauteng,-26.2041,28.0473,Catering,True,False,False,False
1712,2026-04-11,Cape Town,Western Cape,-33.9249,18.4241,Food Stall,True,True,True,True
1713,2026-04-11,Mbombela,Mpumalanga,-25.4753,30.9694,Construction,True,True,False,False
1714,2026-04-11,Johannesburg,Gauteng,-26.2041,28.0473,Spaza Shop,True,True,False,False
1715,2026-04-12,Pretoria,Gauteng,-25.7479,28.2293,Tech Services,True,True,False,False
1716,2026-04-12,Kimberley,Northern Cape,-28.7282,24.7499,Retail,True,False,False,False
1717,2026-04-12,Johannesburg,Gauteng,-26.2041,28.0473,Food Stall,True,True,False,False
1718,2026-04-12,Pretoria,Gauteng,-25.7479,28.2293,Hair Salon,True,True,True,False
1719,2026-04-12,Pretoria,Gauteng,-25.7479,28.2293,Hair Salon,True,True,False,False
1720,2026-04-12,Cape Town,Western Cape,-33.9249,18.4241,Transport,True,False,False,False
1721,2026-04-12,Cape Town,Western Cape,-33.9249,18.4241,Food Stall,True,True,True,False
1722,2026-04-12,Cape Town,Western Cape,-33.9249,18.4241,Transport,True,True,True,False
1723,2026-04-12,Mbombela,Mpumalanga,-25.4753,30.9694,Food Stall,True,False,False,False
1724,2026-04-12,Johannesburg,Gauteng,-26.2041,28.0473,Tech Services,True,True,False,False
1725,2026-04-12,East London,Eastern Cape,-33.0153,27.9116,Transport,True,False,False,False
1726,2026-04-12,East London,Eastern Cape,-33.0153,27.9116,Catering,True,False,False,False
1727,2026-04-12,Durban,KwaZulu-Natal,-29.8587,31.0218,Food Stall,True,True,False,False
1728,2026-04-12,Johannesburg,Gauteng,-26.2041,28.0473,Hair Salon,True,True,False,False
1729,2026-04-12,East London,Eastern Cape,-33.0153,27.9116,Food Stall,True,False,False,False
1730,2026-04-12,Pretoria,Gauteng,-25.7479,28.2293,Retail,True,True,True,True
1731,2026-04-13,Cape Town,Western Cape,-33.9249,18.4241,Spaza Shop,True,True,False,False
1732,2026-04-13,East London,Eastern Cape,-33.0153,27.9116,Construction,True,True,True,True
1733,2026-04-13,Cape Town,Western Cape,-33.9249,18.4241,Transport,True,False,False,False
1734,2026-04-13,Bloemfontein,Free State,-29.0852,26.1596,Retail,True,False,False,False
1735,2026-04-13,Polokwane,Limpopo,-23.9045,29.4689,Hair Salon,True,False,False,False
1736,2026-04-13,Gqeberha,Eastern Cape,-33.9608,25.6022,Food Stall,True,False,False,False
1737,2026-04-13,East London,Eastern Cape,-33.0153,27.9116,Hair Salon,True,False,False,False
1738,2026-04-13,Kimberley,Northern Cape,-28.7282,24.7499,Hair Salon,True,False,False,False
1739,2026-04-13,East London,Eastern Cape,-33.0153,27.9116,Construction,True,True,True,False
1740,2026-04-13,Mbombela,Mpumalanga,-25.4753,30.9694,Food Stall,True,True,True,False
1741,2026-04-13,Gqeberha,Eastern Cape,-33.9608,25.6022,Transport,True,True,False,False
1742,2026-04-13,East London,Eastern Cape,-33.0153,27.9116,Spaza Shop,True,True,True,False
1743,2026-04-13,Pretoria,Gauteng,-25.7479,28.2293,Transport,True,False,False,False
1744,2026-04-13,Pretoria,Gauteng,-25.7479,28.2293,Tech Services,True,True,True,False
1745,2026-04-13,Cape Town,Western Cape,-33.9249,18.4241,Tech Services,True,True,True,False
1746,2026-04-13,Bloemfontein,Free State,-29.0852,26.1596,Food Stall,True,True,True,False
1747,2026-04-13,Mbombela,Mpumalanga,-25.4753,30.9694,Spaza Shop,True,True,False,False
1748,2026-04-13,Cape Town,Western Cape,-33.9249,18.4241,Hair Salon,True,False,False,False
1749,2026-04-13,Johannesburg,Gauteng,-26.2041,28.0473,Catering,True,True,False,False
1750,2026-04-14,Cape Town,Western Cape,-33.9249,18.4241,Catering,True,True,True,False
1751,2026-04-14,Polokwane,Limpopo,-23.9045,29.4689,Retail,True,True,False,False
1752,2026-04-14,Cape Town,Western Cape,-33.9249,18.4241,Retail,True,False,False,False
1753,2026-04-14,Gqeberha,Eastern Cape,-33.9608,25.6022,Catering,True,True,True,False
1754,2026-04-14,Gqeberha,Eastern Cape,-33.9608,25.6022,Food Stall,True,True,True,False
1755,2026-04-14,Gqeberha,Eastern Cape,-33.9608,25.6022,Tech Services,True,False,False,False
1756,2026-04-14,Bloemfontein,Free State,-29.0852,26.1596,Hair Salon,True,False,False,False
1757,2026-04-14,Johannesburg,Gauteng,-26.2041,28.0473,Catering,True,True,False,False
1758,2026-04-14,Cape Town,Western Cape,-33.9249,18.4241,Retail,True,True,True,False
1759,2026-04-14,Cape Town,Western Cape,-33.9249,18.4241,Catering,True,False,False,False
1760,2026-04-14,Johannesburg,Gauteng,-26.2041,28.0473,Retail,True,False,False,False
1761,2026-04-14,Pretoria,Gauteng,-25.7479,28.2293,Tech Services,True,False,False,False
1762,2026-04-14,Kimberley,Northern Cape,-28.7282,24.7499,Transport,True,True,True,False
1763,2026-04-14,Johannesburg,Gauteng,-26.2041,28.0473,Hair Salon,True,False,False,False
1764,2026-04-14,Cape Town,Western Cape,-33.9249,18.4241,Construction,True,True,True,True
1765,2026-04-14,East London,Eastern Cape,-33.0153,27.9116,Construction,True,False,False,False
1766,2026-04-14,Cape Town,Western Cape,-33.9249,18.4241,Catering,True,True,False,False
1767,2026-04-14,Gqeberha,Eastern Cape,-33.9608,25.6022,Construction,True,True,True,False
1768,2026-04-14,East London,Eastern Cape,-33.0153,27.9116,Tech Services,True,True,True,False
1769,2026-04-14,Johannesburg,Gauteng,-26.2041,28.0473,Food Stall,True,True,False,False
1770,2026-04-14,Pretoria,Gauteng,-25.7479,28.2293,Tech Services,True,True,False,False
1771,2026-04-14,Durban,KwaZulu-Natal,-29.8587,31.0218,Food Stall,True,True,True,True
1772,2026-04-14,Durban,KwaZulu-Natal,-29.8587,31.0218,Food Stall,True,False,False,False
1773,2026-04-14,Gqeberha,Eastern Cape,-33.9608,25.6022,Food Stall,True,True,True,False
1774,2026-04-15,Gqeberha,Eastern Cape,-33.9608,25.6022,Hair Salon,True,True,False,False
1775,2026-04-15,Gqeberha,Eastern Cape,-33.9608,25.6022,Transport,True,True,True,True
1776,2026-04-15,Mbombela,Mpumalanga,-25.4753,30.9694,Hair Salon,True,True,False,False
1777,2026-04-15,Johannesburg,Gauteng,-26.2041,28.0473,Transport,True,True,True,True
1778,2026-04-15,Pretoria,Gauteng,-25.7479,28.2293,Catering,True,True,True,True
1779,2026-04-15,Johannesburg,Gauteng,-26.2041,28.0473,Retail,True,True,True,False
1780,2026-04-15,Pretoria,Gauteng,-25.7479,28.2293,Food Stall,True,False,False,False
1781,2026-04-15,Johannesburg,Gauteng,-26.2041,28.0473,Food Stall,True,True,True,True
1782,2026-04-15,Durban,KwaZulu-Natal,-29.8587,31.0218,Tech Services,True,True,False,False
1783,2026-04-15,Cape Town,Western Cape,-33.9249,18.4241,Catering,True,True,False,False
1784,2026-04-15,Cape Town,Western Cape,-33.9249,18.4241,Transport,True,True,True,False
1785,2026-04-15,Johannesburg,Gauteng,-26.2041,28.0473,Tech Services,True,True,False,False
1786,2026-04-15,Pretoria,Gauteng,-25.7479,28.2293,Food Stall,True,True,False,False
1787,2026-04-15,Bloemfontein,Free State,-29.0852,26.1596,Catering,True,False,False,False
1788,2026-04-15,Gqeberha,Eastern Cape,-33.9608,25.6022,Retail,True,True,False,False
1789,2026-04-15,Durban,KwaZulu-Natal,-29.8587,31.0218,Construction,True,True,False,False
1790,2026-04-15,Mbombela,Mpumalanga,-25.4753,30.9694,Construction,True,True,False,False
1791,2026-04-15,Bloemfontein,Free State,-29.0852,26.1596,Catering,True,True,True,False
1792,2026-04-15,Mbombela,Mpumalanga,-25.4753,30.9694,Food Stall,True,True,True,False
1793,2026-04-15,Johannesburg,Gauteng,-26.2041,28.0473,Food Stall,True,True,True,False
1794,2026-04-15,Polokwane,Limpopo,-23.9045,29.4689,Tech Services,True,True,False,False
1795,2026-04-15,Johannesburg,Gauteng,-26.2041,28.0473,Hair Salon,True,True,True,True
1796,2026-04-16,Durban,KwaZulu-Natal,-29.8587,31.0218,Catering,True,True,True,False
1797,2026-04-16,Pretoria,Gauteng,-25.7479,28.2293,Transport,True,True,True,False
1798,2026-04-16,Johannesburg,Gauteng,-26.2041,28.0473,Retail,True,False,False,False
1799,2026-04-16,Cape Town,Western Cape,-33.9249,18.4241,Tech Services,True,True,True,True
1800,2026-04-16,Mbombela,Mpumalanga,-25.4753,30.9694,Spaza Shop,True,False,False,False
1801,2026-04-16,Johannesburg,Gauteng,-26.2041,28.0473,Construction,True,False,False,False
1802,2026-04-16,Cape Town,Western Cape,-33.9249,18.4241,Tech Services,True,False,False,False
1803,2026-04-16,Mbombela,Mpumalanga,-25.4753,30.9694,Hair Salon,True,True,True,False
1804,2026-04-16,Cape Town,Western Cape,-33.9249,18.4241,Retail,True,True,True,False
1805,2026-04-16,Durban,KwaZulu-Natal,-29.8587,31.0218,Catering,True,True,True,False
1806,2026-04-16,Pretoria,Gauteng,-25.7479,28.2293,Construction,True,True,True,False
1807,2026-04-16,Bloemfontein,Free State,-29.0852,26.1596,Catering,True,True,False,False
1808,2026-04-16,Bloemfontein,Free State,-29.0852,26.1596,Food Stall,True,True,True,False
1809,2026-04-16,Johannesburg,Gauteng,-26.2041,28.0473,Retail,True,False,False,False
1810,2026-04-16,Durban,KwaZulu-Natal,-29.8587,31.0218,Retail,True,True,True,False
1811,2026-04-16,Durban,KwaZulu-Natal,-29.8587,31.0218,Tech Services,True,False,False,False
1812,2026-04-16,Kimberley,Northern Cape,-28.7282,24.7499,Construction,True,False,False,False
1813,2026-04-16,Durban,KwaZulu-Natal,-29.8587,31.0218,Hair Salon,True,True,True,False
1814,2026-04-16,Pretoria,Gauteng,-25.7479,28.2293,Retail,True,True,True,True
1815,2026-04-16,Polokwane,Limpopo,-23.9045,29.4689,Transport,True,True,False,False
1816,2026-04-16,Polokwane,Limpopo,-23.9045,29.4689,Retail,True,False,False,False
1817,2026-04-16,Kimberley,Northern Cape,-28.7282,24.7499,Retail,True,False,False,False
1818,2026-04-16,Pretoria,Gauteng,-25.7479,28.2293,Transport,True,False,False,False
1819,2026-04-16,Johannesburg,Gauteng,-26.2041,28.0473,Transport,True,False,False,False
1820,2026-04-16,Johannesburg,Gauteng,-26.2041,28.0473,Spaza Shop,True,True,False,False
1821,2026-04-16,Durban,KwaZulu-Natal,-29.8587,31.0218,Food Stall,True,True,True,True
1822,2026-04-16,Bloemfontein,Free State,-29.0852,26.1596,Hair Salon,True,True,False,False
1823,2026-04-17,Durban,KwaZulu-Natal,-29.8587,31.0218,Food Stall,True,False,False,False
1824,2026-04-17,Gqeberha,Eastern Cape,-33.9608,25.6022,Transport,True,True,False,False
1825,2026-04-17,Cape Town,Western Cape,-33.9249,18.4241,Spaza Shop,True,False,False,False
1826,2026-04-17,Johannesburg,Gauteng,-26.2041,28.0473,Spaza Shop,True,True,True,True
1827,2026-04-17,Bloemfontein,Free State,-29.0852,26.1596,Transport,True,False,False,False
1828,2026-04-17,Johannesburg,Gauteng,-26.2041,28.0473,Retail,True,False,False,False
1829,2026-04-17,East London,Eastern Cape,-33.0153,27.9116,Transport,True,True,False,False
1830,2026-04-17,Johannesburg,Gauteng,-26.2041,28.0473,Construction,True,True,False,False
1831,2026-04-17,Johannesburg,Gauteng,-26.2041,28.0473,Tech Services,True,False,False,False
1832,2026-04-17,Johannesburg,Gauteng,-26.2041,28.0473,Catering,True,True,False,False
1833,2026-04-17,Durban,KwaZulu-Natal,-29.8587,31.0218,Catering,True,False,False,False
1834,2026-04-17,Johannesburg,Gauteng,-26.2041,28.0473,Construction,True,True,True,True
1835,2026-04-17,Polokwane,Limpopo,-23.9045,29.4689,Retail,True,False,False,False
1836,2026-04-17,Johannesburg,Gauteng,-26.2041,28.0473,Retail,True,True,False,False
1837,2026-04-17,Gqeberha,Eastern Cape,-33.9608,25.6022,Spaza Shop,True,False,False,False
1838,2026-04-17,Mbombela,Mpumalanga,-25.4753,30.9694,Spaza Shop,True,False,False,False
1839,2026-04-17,Polokwane,Limpopo,-23.9045,29.4689,Tech Services,True,True,False,False
1840,2026-04-18,Pretoria,Gauteng,-25.7479,28.2293,Food Stall,True,False,False,False
1841,2026-04-18,Cape Town,Western Cape,-33.9249,18.4241,Spaza Shop,True,True,True,False
1842,2026-04-18,Pretoria,Gauteng,-25.7479,28.2293,Construction,True,True,True,True
1843,2026-04-18,Pretoria,Gauteng,-25.7479,28.2293,Spaza Shop,True,False,False,False
1844,2026-04-18,Kimberley,Northern Cape,-28.7282,24.7499,Hair Salon,True,True,False,False
1845,2026-04-18,Mbombela,Mpumalanga,-25.4753,30.9694,Hair Salon,True,True,True,True
1846,2026-04-18,Johannesburg,Gauteng,-26.2041,28.0473,Transport,True,True,True,False
1847,2026-04-18,East London,Eastern Cape,-33.0153,27.9116,Transport,True,True,False,False
1848,2026-04-18,East London,Eastern Cape,-33.0153,27.9116,Construction,True,False,False,False
1849,2026-04-18,Mbombela,Mpumalanga,-25.4753,30.9694,Food Stall,True,False,False,False
1850,2026-04-18,Bloemfontein,Free State,-29.0852,26.1596,Hair Salon,True,True,False,False
1851,2026-04-18,Kimberley,Northern Cape,-28.7282,24.7499,Tech Services,True,False,False,False
1852,2026-04-18,Pretoria,Gauteng,-25.7479,28.2293,Hair Salon,True,False,False,False
1853,2026-04-18,Bloemfontein,Free State,-29.0852,26.1596,Spaza Shop,True,True,False,False
1854,2026-04-18,Pretoria,Gauteng,-25.7479,28.2293,Spaza Shop,True,True,True,False
1855,2026-04-18,Pretoria,Gauteng,-25.7479,28.2293,Construction,True,True,True,False
1856,2026-04-18,Polokwane,Limpopo,-23.9045,29.4689,Spaza Shop,True,False,False,False
1857,2026-04-18,Cape Town,Western Cape,-33.9249,18.4241,Hair Salon,True,True,True,False
1858,2026-04-18,Pretoria,Gauteng,-25.7479,28.2293,Spaza Shop,True,False,False,False
1859,2026-04-18,Cape Town,Western Cape,-33.9249,18.4241,Hair Salon,True,True,True,True
1860,2026-04-18,Durban,KwaZulu-Natal,-29.8587,31.0218,Catering,True,False,False,False
1861,2026-04-19,Durban,KwaZulu-Natal,-29.8587,31.0218,Food Stall,True,True,True,False
1862,2026-04-19,Johannesburg,Gauteng,-26.2041,28.0473,Tech Services,True,True,True,True
1863,2026-04-19,Cape Town,Western Cape,-33.9249,18.4241,Catering,True,True,True,False
1864,2026-04-19,Johannesburg,Gauteng,-26.2041,28.0473,Spaza Shop,True,True,True,True
1865,2026-04-19,Cape Town,Western Cape,-33.9249,18.4241,Spaza Shop,True,True,True,True
1866,2026-04-19,Cape Town,Western Cape,-33.9249,18.4241,Hair Salon,True,True,True,False
1867,2026-04-19,Pretoria,Gauteng,-25.7479,28.2293,Food Stall,True,True,False,False
1868,2026-04-19,Durban,KwaZulu-Natal,-29.8587,31.0218,Transport,True,True,False,False
1869,2026-04-19,Durban,KwaZulu-Natal,-29.8587,31.0218,Spaza Shop,True,True,True,False
1870,2026-04-19,Cape Town,Western Cape,-33.9249,18.4241,Construction,True,False,False,False
1871,2026-04-19,Gqeberha,Eastern Cape,-33.9608,25.6022,Transport,True,True,True,False
1872,2026-04-19,East London,Eastern Cape,-33.0153,27.9116,Spaza Shop,True,True,False,False
1873,2026-04-19,Cape Town,Western Cape,-33.9249,18.4241,Retail,True,True,True,True
1874,2026-04-19,Cape Town,Western Cape,-33.9249,18.4241,Transport,True,True,False,False
1875,2026-04-19,Johannesburg,Gauteng,-26.2041,28.0473,Retail,True,True,True,True
1876,2026-04-19,Gqeberha,Eastern Cape,-33.9608,25.6022,Catering,True,True,False,False
1877,2026-04-19,Johannesburg,Gauteng,-26.2041,28.0473,Catering,True,True,True,True
1878,2026-04-19,Cape Town,Western Cape,-33.9249,18.4241,Hair Salon,True,False,False,False
1879,2026-04-19,Pretoria,Gauteng,-25.7479,28.2293,Transport,True,True,True,True
1880,2026-04-20,Durban,KwaZulu-Natal,-29.8587,31.0218,Tech Services,True,False,False,False
1881,2026-04-20,Polokwane,Limpopo,-23.9045,29.4689,Construction,True,True,True,False
1882,2026-04-20,Johannesburg,Gauteng,-26.2041,28.0473,Construction,True,True,True,False
1883,2026-04-20,Mbombela,Mpumalanga,-25.4753,30.9694,Construction,True,False,False,False
1884,2026-04-20,Polokwane,Limpopo,-23.9045,29.4689,Retail,True,True,True,True
1885,2026-04-20,Polokwane,Limpopo,-23.9045,29.4689,Food Stall,True,False,False,False
1886,2026-04-20,Johannesburg,Gauteng,-26.2041,28.0473,Hair Salon,True,True,True,False
1887,2026-04-20,Johannesburg,Gauteng,-26.2041,28.0473,Transport,True,True,False,False
1888,2026-04-20,Cape Town,Western Cape,-33.9249,18.4241,Food Stall,True,True,True,True
1889,2026-04-20,Gqeberha,Eastern Cape,-33.9608,25.6022,Spaza Shop,True,True,True,False
1890,2026-04-20,Johannesburg,Gauteng,-26.2041,28.0473,Food Stall,True,False,False,False
1891,2026-04-20,Polokwane,Limpopo,-23.9045,29.4689,Catering,True,True,True,False
1892,2026-04-20,Mbombela,Mpumalanga,-25.4753,30.9694,Catering,True,True,False,False
1893,2026-04-20,Bloemfontein,Free State,-29.0852,26.1596,Construction,True,True,False,False
1894,2026-04-20,Durban,KwaZulu-Natal,-29.8587,31.0218,Tech Services,True,True,False,False
1895,2026-04-21,Cape Town,Western Cape,-33.9249,18.4241,Retail,True,True,True,False
1896,2026-04-21,Cape Town,Western Cape,-33.9249,18.4241,Transport,True,True,True,False
1897,2026-04-21,Polokwane,Limpopo,-23.9045,29.4689,Hair Salon,True,True,False,False
1898,2026-04-21,Bloemfontein,Free State,-29.0852,26.1596,Hair Salon,True,False,False,False
1899,2026-04-21,Johannesburg,Gauteng,-26.2041,28.0473,Transport,True,True,False,False
1900,2026-04-22,Johannesburg,Gauteng,-26.2041,28.0473,Retail,True,True,True,False
1901,2026-04-22,Johannesburg,Gauteng,-26.2041,28.0473,Retail,True,True,True,False
1902,2026-04-22,Johannesburg,Gauteng,-26.2041,28.0473,Tech Services,True,True,False,False
1903,2026-04-22,Mbombela,Mpumalanga,-25.4753,30.9694,Spaza Shop,True,False,False,False
1904,2026-04-22,Cape Town,Western Cape,-33.9249,18.4241,Catering,True,True,False,False
1905,2026-04-22,Polokwane,Limpopo,-23.9045,29.4689,Construction,True,True,False,False
1906,2026-04-22,Cape Town,Western Cape,-33.9249,18.4241,Food Stall,True,True,False,False
1907,2026-04-22,Gqeberha,Eastern Cape,-33.9608,25.6022,Transport,True,True,False,False
1908,2026-04-22,Polokwane,Limpopo,-23.9045,29.4689,Tech Services,True,True,False,False
1909,2026-04-22,Johannesburg,Gauteng,-26.2041,28.0473,Transport,True,True,False,False
1910,2026-04-22,Johannesburg,Gauteng,-26.2041,28.0473,Retail,True,False,False,False
1911,2026-04-22,Mbombela,Mpumalanga,-25.4753,30.9694,Transport,True,True,False,False
1912,2026-04-22,Pretoria,Gauteng,-25.7479,28.2293,Tech Services,True,True,False,False
1913,2026-04-22,Bloemfontein,Free State,-29.0852,26.1596,Retail,True,False,False,False
1914,2026-04-22,Pretoria,Gauteng,-25.7479,28.2293,Catering,True,True,False,False
1915,2026-04-22,Johannesburg,Gauteng,-26.2041,28.0473,Transport,True,False,False,False
1916,2026-04-22,Durban,KwaZulu-Natal,-29.8587,31.0218,Tech Services,True,False,False,False
1917,2026-04-22,Kimberley,Northern Cape,-28.7282,24.7499,Tech Services,True,True,False,False
1918,2026-04-22,Johannesburg,Gauteng,-26.2041,28.0473,Food Stall,True,True,False,False
1919,2026-04-22,Durban,KwaZulu-Natal,-29.8587,31.0218,Catering,True,True,True,False
1920,2026-04-22,Johannesburg,Gauteng,-26.2041,28.0473,Hair Salon,True,True,True,True
1921,2026-04-22,Mbombela,Mpumalanga,-25.4753,30.9694,Hair Salon,True,True,True,True
1922,2026-04-22,Cape Town,Western Cape,-33.9249,18.4241,Tech Services,True,True,True,True
1923,2026-04-22,Cape Town,Western Cape,-33.9249,18.4241,Catering,True,False,False,False
1924,2026-04-22,Durban,KwaZulu-Natal,-29.8587,31.0218,Construction,True,True,True,False
1925,2026-04-23,Johannesburg,Gauteng,-26.2041,28.0473,Food Stall,True,True,True,False
1926,2026-04-23,Johannesburg,Gauteng,-26.2041,28.0473,Food Stall,True,True,True,True
1927,2026-04-23,Pretoria,Gauteng,-25.7479,28.2293,Tech Services,True,True,True,True
1928,2026-04-23,Durban,KwaZulu-Natal,-29.8587,31.0218,Food Stall,True,True,True,False
1929,2026-04-23,Cape Town,Western Cape,-33.9249,18.4241,Retail,True,True,False,False
1930,2026-04-23,Durban,KwaZulu-Natal,-29.8587,31.0218,Transport,True,False,False,False
1931,2026-04-23,Gqeberha,Eastern Cape,-33.9608,25.6022,Retail,True,False,False,False
1932,2026-04-23,Cape Town,Western Cape,-33.9249,18.4241,Catering,True,False,False,False
1933,2026-04-23,Cape Town,Western Cape,-33.9249,18.4241,Tech Services,True,True,False,False
1934,2026-04-23,Cape Town,Western Cape,-33.9249,18.4241,Catering,True,False,False,False
1935,2026-04-23,Gqeberha,Eastern Cape,-33.9608,25.6022,Spaza Shop,True,True,False,False
1936,2026-04-23,Pretoria,Gauteng,-25.7479,28.2293,Retail,True,False,False,False
1937,2026-04-23,Polokwane,Limpopo,-23.9045,29.4689,Hair Salon,True,True,False,False
1938,2026-04-24,Gqeberha,Eastern Cape,-33.9608,25.6022,Construction,True,False,False,False
1939,2026-04-24,Mbombela,Mpumalanga,-25.4753,30.9694,Hair Salon,True,True,False,False
1940,2026-04-24,Kimberley,Northern Cape,-28.7282,24.7499,Transport,True,True,True,False
1941,2026-04-24,Cape Town,Western Cape,-33.9249,18.4241,Spaza Shop,True,True,True,True
1942,2026-04-24,Johannesburg,Gauteng,-26.2041,28.0473,Tech Services,True,True,False,False
1943,2026-04-24,Cape Town,Western Cape,-33.9249,18.4241,Retail,True,True,True,True
1944,2026-04-24,Johannesburg,Gauteng,-26.2041,28.0473,Transport,True,False,False,False
1945,2026-04-24,Gqeberha,Eastern Cape,-33.9608,25.6022,Hair Salon,True,True,False,False
1946,2026-04-24,Durban,KwaZulu-Natal,-29.8587,31.0218,Catering,True,True,False,False
1947,2026-04-24,Cape Town,Western Cape,-33.9249,18.4241,Hair Salon,True,True,True,False
1948,2026-04-24,Johannesburg,Gauteng,-26.2041,28.0473,Catering,True,True,False,False
1949,2026-04-24,Johannesburg,Gauteng,-26.2041,28.0473,Retail,True,False,False,False
1950,2026-04-24,Johannesburg,Gauteng,-26.2041,28.0473,Construction,True,True,True,True
1951,2026-04-24,Cape Town,Western Cape,-33.9249,18.4241,Hair Salon,True,True,False,False
1952,2026-04-24,Cape Town,Western Cape,-33.9249,18.4241,Tech Services,True,True,True,True
1953,2026-04-24,Bloemfontein,Free State,-29.0852,26.1596,Transport,True,False,False,False
1954,2026-04-24,Mbombela,Mpumalanga,-25.4753,30.9694,Spaza Shop,True,True,True,True
1955,2026-04-24,Pretoria,Gauteng,-25.7479,28.2293,Construction,True,True,False,False
1956,2026-04-24,Mbombela,Mpumalanga,-25.4753,30.9694,Catering,True,True,False,False
1957,2026-04-24,Gqeberha,Eastern Cape,-33.9608,25.6022,Transport,True,True,False,False
1958,2026-04-24,Pretoria,Gauteng,-25.7479,28.2293,Tech Services,True,True,False,False
1959,2026-04-24,Mbombela,Mpumalanga,-25.4753,30.9694,Catering,True,True,True,False
1960,2026-04-24,Johannesburg,Gauteng,-26.2041,28.0473,Construction,True,True,True,True
1961,2026-04-24,Johannesburg,Gauteng,-26.2041,28.0473,Transport,True,False,False,False
1962,2026-04-25,Johannesburg,Gauteng,-26.2041,28.0473,Tech Services,True,False,False,False
1963,2026-04-25,Pretoria,Gauteng,-25.7479,28.2293,Hair Salon,True,True,False,False
1964,2026-04-25,Gqeberha,Eastern Cape,-33.9608,25.6022,Catering,True,False,False,False
1965,2026-04-25,Pretoria,Gauteng,-25.7479,28.2293,Tech Services,True,True,True,False
1966,2026-04-25,Gqeberha,Eastern Cape,-33.9608,25.6022,Catering,True,False,False,False
1967,2026-04-25,Pretoria,Gauteng,-25.7479,28.2293,Transport,True,True,False,False
1968,2026-04-25,Kimberley,Northern Cape,-28.7282,24.7499,Hair Salon,True,False,False,False
1969,2026-04-25,Pretoria,Gauteng,-25.7479,28.2293,Tech Services,True,True,False,False
1970,2026-04-25,Cape Town,Western Cape,-33.9249,18.4241,Spaza Shop,True,False,False,False
1971,2026-04-25,Pretoria,Gauteng,-25.7479,28.2293,Retail,True,True,False,False
1972,2026-04-25,Pretoria,Gauteng,-25.7479,28.2293,Catering,True,True,True,True
1973,2026-04-25,Cape Town,Western Cape,-33.9249,18.4241,Spaza Shop,True,True,True,True
1974,2026-04-25,Pretoria,Gauteng,-25.7479,28.2293,Food Stall,True,False,False,False
1975,2026-04-25,Bloemfontein,Free State,-29.0852,26.1596,Spaza Shop,True,True,True,False
1976,2026-04-25,Cape Town,Western Cape,-33.9249,18.4241,Retail,True,False,False,False
1977,2026-04-25,Bloemfontein,Free State,-29.0852,26.1596,Transport,True,True,False,False
1978,2026-04-25,Pretoria,Gauteng,-25.7479,28.2293,Construction,True,True,False,False
1979,2026-04-25,East London,Eastern Cape,-33.0153,27.9116,Construction,True,False,False,False
1980,2026-04-25,Durban,KwaZulu-Natal,-29.8587,31.0218,Spaza Shop,True,True,True,False
1981,2026-04-25,Johannesburg,Gauteng,-26.2041,28.0473,Spaza Shop,True,True,False,False
1982,2026-04-25,Durban,KwaZulu-Natal,-29.8587,31.0218,Construction,True,True,True,True
1983,2026-04-26,Pretoria,Gauteng,-25.7479,28.2293,Retail,True,True,False,False
1984,2026-04-26,Johannesburg,Gauteng,-26.2041,28.0473,Retail,True,True,True,False
1985,2026-04-26,Pretoria,Gauteng,-25.7479,28.2293,Retail,True,True,False,False
1986,2026-04-26,Polokwane,Limpopo,-23.9045,29.4689,Transport,True,True,False,False
1987,2026-04-26,Cape Town,Western Cape,-33.9249,18.4241,Tech Services,True,True,True,False
1988,2026-04-26,Bloemfontein,Free State,-29.0852,26.1596,Food Stall,True,False,False,False
1989,2026-04-26,Johannesburg,Gauteng,-26.2041,28.0473,Retail,True,True,False,False
1990,2026-04-26,Durban,KwaZulu-Natal,-29.8587,31.0218,Retail,True,True,False,False
1991,2026-04-26,Cape Town,Western Cape,-33.9249,18.4241,Food Stall,True,True,True,False
1992,2026-04-27,Johannesburg,Gauteng,-26.2041,28.0473,Construction,True,True,True,True
1993,2026-04-27,Johannesburg,Gauteng,-26.2041,28.0473,Transport,True,False,False,False
1994,2026-04-27,Cape Town,Western Cape,-33.9249,18.4241,Tech Services,True,False,False,False
1995,2026-04-27,Kimberley,Northern Cape,-28.7282,24.7499,Hair Salon,True,True,False,False
1996,2026-04-27,Cape Town,Western Cape,-33.9249,18.4241,Tech Services,True,True,False,False
1997,2026-04-27,Mbombela,Mpumalanga,-25.4753,30.9694,Retail,True,True,False,False
1998,2026-04-27,Bloemfontein,Free State,-29.0852,26.1596,Transport,True,False,False,False
1999,2026-04-27,Cape Town,Western Cape,-33.9249,18.4241,Spaza Shop,True,True,False,False
2000,2026-04-27,Durban,KwaZulu-Natal,-29.8587,31.0218,Construction,True,False,False,False
2001,2026-04-27,Pretoria,Gauteng,-25.7479,28.2293,Spaza Shop,True,True,False,False
2002,2026-04-27,Gqeberha,Eastern Cape,-33.9608,25.6022,Retail,True,False,False,False
2003,2026-04-27,Durban,KwaZulu-Natal,-29.8587,31.0218,Catering,True,False,False,False
2004,2026-04-27,Pretoria,Gauteng,-25.7479,28.2293,Catering,True,True,False,False
2005,2026-04-27,Johannesburg,Gauteng,-26.2041,28.0473,Tech Services,True,False,False,False
2006,2026-04-27,Cape Town,Western Cape,-33.9249,18.4241,Construction,True,True,False,False
2007,2026-04-27,Polokwane,Limpopo,-23.9045,29.4689,Retail,True,True,False,False
2008,2026-04-27,Cape Town,Western Cape,-33.9249,18.4241,Retail,True,True,False,False
2009,2026-04-27,Gqeberha,Eastern Cape,-33.9608,25.6022,Hair Salon,True,False,False,False
2010,2026-04-27,Johannesburg,Gauteng,-26.2041,28.0473,Catering,True,True,False,False
2011,2026-04-27,Pretoria,Gauteng,-25.7479,28.2293,Retail,True,True,False,False
2012,2026-04-28,Johannesburg,Gauteng,-26.2041,28.0473,Tech Services,True,True,True,True
2013,2026-04-28,Durban,KwaZulu-Natal,-29.8587,31.0218,Tech Services,True,False,False,False
2014,2026-04-28,Johannesburg,Gauteng,-26.2041,28.0473,Construction,True,True,False,False
2015,2026-04-28,Cape Town,Western Cape,-33.9249,18.4241,Construction,True,True,True,False
2016,2026-04-28,Johannesburg,Gauteng,-26.2041,28.0473,Retail,True,True,True,False
2017,2026-04-28,Kimberley,Northern Cape,-28.7282,24.7499,Food Stall,True,False,False,False
2018,2026-04-28,Durban,KwaZulu-Natal,-29.8587,31.0218,Catering,True,True,False,False
2019,2026-04-28,Johannesburg,Gauteng,-26.2041,28.0473,Spaza Shop,True,True,True,True
2020,2026-04-28,Durban,KwaZulu-Natal,-29.8587,31.0218,Hair Salon,True,True,False,False
2021,2026-04-28,Johannesburg,Gauteng,-26.2041,28.0473,Spaza Shop,True,True,False,False
2022,2026-04-28,Johannesburg,Gauteng,-26.2041,28.0473,Retail,True,True,True,False
2023,2026-04-28,Mbombela,Mpumalanga,-25.4753,30.9694,Transport,True,True,True,False
2024,2026-04-28,Gqeberha,Eastern Cape,-33.9608,25.6022,Transport,True,True,True,True
2025,2026-04-28,Gqeberha,Eastern Cape,-33.9608,25.6022,Transport,True,True,True,False
2026,2026-04-28,East London,Eastern Cape,-33.0153,27.9116,Tech Services,True,True,False,False
2027,2026-04-28,Gqeberha,Eastern Cape,-33.9608,25.6022,Catering,True,False,False,False
2028,2026-04-28,Johannesburg,Gauteng,-26.2041,28.0473,Construction,True,True,False,False
2029,2026-04-28,Cape Town,Western Cape,-33.9249,18.4241,Food Stall,True,True,False,False
2030,2026-04-28,Cape Town,Western Cape,-33.9249,18.4241,Transport,True,True,True,False
2031,2026-04-28,Johannesburg,Gauteng,-26.2041,28.0473,Transport,True,True,True,False
2032,2026-04-29,Gqeberha,Eastern Cape,-33.9608,25.6022,Hair Salon,True,True,False,False
2033,2026-04-29,Cape Town,Western Cape,-33.9249,18.4241,Food Stall,True,False,False,False
2034,2026-04-29,Kimberley,Northern Cape,-28.7282,24.7499,Hair Salon,True,False,False,False
2035,2026-04-29,Gqeberha,Eastern Cape,-33.9608,25.6022,Spaza Shop,True,True,True,True
2036,2026-04-29,Johannesburg,Gauteng,-26.2041,28.0473,Retail,True,False,False,False
2037,2026-04-29,East London,Eastern Cape,-33.0153,27.9116,Food Stall,True,False,False,False
2038,2026-04-29,Johannesburg,Gauteng,-26.2041,28.0473,Construction,True,True,True,False
2039,2026-04-29,Pretoria,Gauteng,-25.7479,28.2293,Hair Salon,True,True,False,False
2040,2026-04-29,Johannesburg,Gauteng,-26.2041,28.0473,Spaza Shop,True,False,False,False
2041,2026-04-29,Johannesburg,Gauteng,-26.2041,28.0473,Tech Services,True,False,False,False
2042,2026-04-29,Bloemfontein,Free State,-29.0852,26.1596,Hair Salon,True,True,True,False
2043,2026-04-29,Gqeberha,Eastern Cape,-33.9608,25.6022,Food Stall,True,False,False,False
2044,2026-04-29,Johannesburg,Gauteng,-26.2041,28.0473,Hair Salon,True,True,False,False
2045,2026-04-29,Durban,KwaZulu-Natal,-29.8587,31.0218,Tech Services,True,True,False,False
2046,2026-04-29,Durban,KwaZulu-Natal,-29.8587,31.0218,Tech Services,True,False,False,False
2047,2026-04-29,East London,Eastern Cape,-33.0153,27.9116,Hair Salon,True,True,True,True
2048,2026-04-29,Pretoria,Gauteng,-25.7479,28.2293,Transport,True,True,True,False
2049,2026-04-29,Johannesburg,Gauteng,-26.2041,28.0473,Retail,True,True,True,False
2050,2026-04-29,Johannesburg,Gauteng,-26.2041,28.0473,Tech Services,True,True,False,False
2051,2026-04-29,Pretoria,Gauteng,-25.7479,28.2293,Catering,True,True,False,False
2052,2026-04-29,Cape Town,Western Cape,-33.9249,18.4241,Food Stall,True,True,True,True
2053,2026-04-29,Pretoria,Gauteng,-25.7479,28.2293,Retail,True,False,False,False
2054,2026-04-29,East London,Eastern Cape,-33.0153,27.9116,Retail,True,True,False,False
2055,2026-04-29,Johannesburg,Gauteng,-26.2041,28.0473,Spaza Shop,True,True,False,False
2056,2026-04-29,Durban,KwaZulu-Natal,-29.8587,31.0218,Hair Salon,True,True,False,False
2057,2026-04-30,Pretoria,Gauteng,-25.7479,28.2293,Food Stall,True,False,False,False
2058,2026-04-30,Durban,KwaZulu-Natal,-29.8587,31.0218,Spaza Shop,True,True,True,False
2059,2026-04-30,Kimberley,Northern Cape,-28.7282,24.7499,Construction,True,True,False,False
2060,2026-04-30,Polokwane,Limpopo,-23.9045,29.4689,Construction,True,False,False,False
2061,2026-04-30,Gqeberha,Eastern Cape,-33.9608,25.6022,Catering,True,True,False,False
2062,2026-04-30,Polokwane,Limpopo,-23.9045,29.4689,Retail,True,False,False,False
2063,2026-04-30,Kimberley,Northern Cape,-28.7282,24.7499,Catering,True,False,False,False
2064,2026-04-30,Kimberley,Northern Cape,-28.7282,24.7499,Transport,True,True,True,False
2065,2026-04-30,Bloemfontein,Free State,-29.0852,26.1596,Retail,True,True,False,False
2066,2026-04-30,Pretoria,Gauteng,-25.7479,28.2293,Tech Services,True,False,False,False
2067,2026-04-30,Johannesburg,Gauteng,-26.2041,28.0473,Spaza Shop,True,True,False,False
2068,2026-04-30,Polokwane,Limpopo,-23.9045,29.4689,Food Stall,True,False,False,False
2069,2026-04-30,Durban,KwaZulu-Natal,-29.8587,31.0218,Catering,True,True,True,False
2070,2026-04-30,Johannesburg,Gauteng,-26.2041,28.0473,Construction,True,False,False,False
2071,2026-04-30,Gqeberha,Eastern Cape,-33.9608,25.6022,Hair Salon,True,True,False,False
2072,2026-04-30,Gqeberha,Eastern Cape,-33.9608,25.6022,Catering,True,False,False,False
2073,2026-04-30,Cape Town,Western Cape,-33.9249,18.4241,Catering,True,False,False,False
2074,2026-04-30,Mbombela,Mpumalanga,-25.4753,30.9694,Catering,True,True,False,False
2075,2026-04-30,Mbombela,Mpumalanga,-25.4753,30.9694,Transport,True,True,False,False
2076,2026-05-01,Durban,KwaZulu-Natal,-29.8587,31.0218,Tech Services,True,False,False,False
2077,2026-05-01,Pretoria,Gauteng,-25.7479,28.2293,Catering,True,True,True,True
2078,2026-05-01,Durban,KwaZulu-Natal,-29.8587,31.0218,Hair Salon,True,True,False,False
2079,2026-05-01,Bloemfontein,Free State,-29.0852,26.1596,Tech Services,True,False,False,False
2080,2026-05-01,Pretoria,Gauteng,-25.7479,28.2293,Hair Salon,True,True,True,True
2081,2026-05-01,Johannesburg,Gauteng,-26.2041,28.0473,Construction,True,True,False,False
2082,2026-05-01,Johannesburg,Gauteng,-26.2041,28.0473,Retail,True,True,False,False
2083,2026-05-01,Gqeberha,Eastern Cape,-33.9608,25.6022,Tech Services,True,True,False,False
2084,2026-05-01,Cape Town,Western Cape,-33.9249,18.4241,Hair Salon,True,True,True,False
2085,2026-05-01,Pretoria,Gauteng,-25.7479,28.2293,Catering,True,False,False,False
2086,2026-05-01,Cape Town,Western Cape,-33.9249,18.4241,Food Stall,True,True,True,False
2087,2026-05-01,Johannesburg,Gauteng,-26.2041,28.0473,Hair Salon,True,False,False,False
2088,2026-05-01,Bloemfontein,Free State,-29.0852,26.1596,Hair Salon,True,True,False,False
2089,2026-05-01,Johannesburg,Gauteng,-26.2041,28.0473,Transport,True,True,True,False
2090,2026-05-01,Johannesburg,Gauteng,-26.2041,28.0473,Retail,True,True,True,True
2091,2026-05-01,Polokwane,Limpopo,-23.9045,29.4689,Retail,True,True,False,False
2092,2026-05-01,Cape Town,Western Cape,-33.9249,18.4241,Spaza Shop,True,True,True,False
2093,2026-05-01,Pretoria,Gauteng,-25.7479,28.2293,Retail,True,True,False,False
2094,2026-05-01,Durban,KwaZulu-Natal,-29.8587,31.0218,Transport,True,True,False,False
2095,2026-05-01,Durban,KwaZulu-Natal,-29.8587,31.0218,Transport,True,False,False,False
2096,2026-05-01,Durban,KwaZulu-Natal,-29.8587,31.0218,Spaza Shop,True,True,False,False
2097,2026-05-01,Pretoria,Gauteng,-25.7479,28.2293,Catering,True,True,True,False
2098,2026-05-01,Durban,KwaZulu-Natal,-29.8587,31.0218,Tech Services,True,True,True,True
2099,2026-05-01,Johannesburg,Gauteng,-26.2041,28.0473,Tech Services,True,True,True,False
2100,2026-05-01,Cape Town,Western Cape,-33.9249,18.4241,Tech Services,True,False,False,False
2101,2026-05-02,Mbombela,Mpumalanga,-25.4753,30.9694,Retail,True,True,True,False
2102,2026-05-02,Kimberley,Northern Cape,-28.7282,24.7499,Construction,True,False,False,False
2103,2026-05-02,Gqeberha,Eastern Cape,-33.9608,25.6022,Catering,True,True,False,False
2104,2026-05-02,Cape Town,Western Cape,-33.9249,18.4241,Tech Services,True,True,False,False
2105,2026-05-02,Cape Town,Western Cape,-33.9249,18.4241,Construction,True,False,False,False
2106,2026-05-02,Johannesburg,Gauteng,-26.2041,28.0473,Hair Salon,True,True,True,False
2107,2026-05-02,Pretoria,Gauteng,-25.7479,28.2293,Retail,True,True,False,False
2108,2026-05-02,Johannesburg,Gauteng,-26.2041,28.0473,Retail,True,False,False,False
2109,2026-05-02,Johannesburg,Gauteng,-26.2041,28.0473,Tech Services,True,True,False,False
2110,2026-05-02,Mbombela,Mpumalanga,-25.4753,30.9694,Hair Salon,True,False,False,False
2111,2026-05-02,Johannesburg,Gauteng,-26.2041,28.0473,Retail,True,False,False,False
2112,2026-05-02,Durban,KwaZulu-Natal,-29.8587,31.0218,Hair Salon,True,False,False,False
2113,2026-05-02,Durban,KwaZulu-Natal,-29.8587,31.0218,Retail,True,False,False,False
2114,2026-05-02,Durban,KwaZulu-Natal,-29.8587,31.0218,Catering,True,True,False,False
2115,2026-05-02,Pretoria,Gauteng,-25.7479,28.2293,Catering,True,False,False,False
2116,2026-05-02,Cape Town,Western Cape,-33.9249,18.4241,Tech Services,True,False,False,False
2117,2026-05-02,Cape Town,Western Cape,-33.9249,18.4241,Catering,True,True,True,False
2118,2026-05-02,Durban,KwaZulu-Natal,-29.8587,31.0218,Retail,True,True,False,False
2119,2026-05-02,Johannesburg,Gauteng,-26.2041,28.0473,Transport,True,False,False,False
2120,2026-05-03,Gqeberha,Eastern Cape,-33.9608,25.6022,Food Stall,True,True,False,False
2121,2026-05-03,Johannesburg,Gauteng,-26.2041,28.0473,Food Stall,True,False,False,False
2122,2026-05-03,Cape Town,Western Cape,-33.9249,18.4241,Construction,True,True,True,False
2123,2026-05-03,Pretoria,Gauteng,-25.7479,28.2293,Retail,True,False,False,False
2124,2026-05-03,Cape Town,Western Cape,-33.9249,18.4241,Construction,True,True,True,True
2125,2026-05-03,Mbombela,Mpumalanga,-25.4753,30.9694,Food Stall,True,True,True,False
2126,2026-05-03,East London,Eastern Cape,-33.0153,27.9116,Catering,True,True,False,False
2127,2026-05-03,Cape Town,Western Cape,-33.9249,18.4241,Hair Salon,True,True,False,False
2128,2026-05-03,Cape Town,Western Cape,-33.9249,18.4241,Spaza Shop,True,True,False,False
2129,2026-05-03,Gqeberha,Eastern Cape,-33.9608,25.6022,Transport,True,False,False,False
2130,2026-05-03,Pretoria,Gauteng,-25.7479,28.2293,Spaza Shop,True,False,False,False
2131,2026-05-03,Durban,KwaZulu-Natal,-29.8587,31.0218,Construction,True,False,False,False
2132,2026-05-03,Johannesburg,Gauteng,-26.2041,28.0473,Spaza Shop,True,True,True,True
2133,2026-05-04,Cape Town,Western Cape,-33.9249,18.4241,Construction,True,True,True,True
2134,2026-05-04,East London,Eastern Cape,-33.0153,27.9116,Hair Salon,True,False,False,False
2135,2026-05-04,Pretoria,Gauteng,-25.7479,28.2293,Tech Services,True,True,True,True
2136,2026-05-04,Pretoria,Gauteng,-25.7479,28.2293,Spaza Shop,True,True,False,False
2137,2026-05-04,Mbombela,Mpumalanga,-25.4753,30.9694,Food Stall,True,False,False,False
2138,2026-05-04,Johannesburg,Gauteng,-26.2041,28.0473,Hair Salon,True,True,True,True
2139,2026-05-04,Johannesburg,Gauteng,-26.2041,28.0473,Catering,True,False,False,False
2140,2026-05-04,Cape Town,Western Cape,-33.9249,18.4241,Catering,True,True,True,True
2141,2026-05-04,Cape Town,Western Cape,-33.9249,18.4241,Spaza Shop,True,False,False,False
2142,2026-05-04,Johannesburg,Gauteng,-26.2041,28.0473,Retail,True,True,True,True
2143,2026-05-04,Cape Town,Western Cape,-33.9249,18.4241,Retail,True,False,False,False
2144,2026-05-04,Johannesburg,Gauteng,-26.2041,28.0473,Catering,True,True,False,False
2145,2026-05-04,Johannesburg,Gauteng,-26.2041,28.0473,Spaza Shop,True,False,False,False
2146,2026-05-04,Cape Town,Western Cape,-33.9249,18.4241,Construction,True,False,False,False
2147,2026-05-04,Johannesburg,Gauteng,-26.2041,28.0473,Transport,True,True,True,False
2148,2026-05-04,Polokwane,Limpopo,-23.9045,29.4689,Retail,True,True,True,False
2149,2026-05-04,Johannesburg,Gauteng,-26.2041,28.0473,Catering,True,True,True,False
2150,2026-05-04,Pretoria,Gauteng,-25.7479,28.2293,Tech Services,True,False,False,False
2151,2026-05-04,Cape Town,Western Cape,-33.9249,18.4241,Tech Services,True,False,False,False
2152,2026-05-04,Johannesburg,Gauteng,-26.2041,28.0473,Spaza Shop,True,False,False,False
2153,2026-05-04,Johannesburg,Gauteng,-26.2041,28.0473,Spaza Shop,True,True,True,False
2154,2026-05-05,Gqeberha,Eastern Cape,-33.9608,25.6022,Spaza Shop,True,True,False,False
2155,2026-05-05,Cape Town,Western Cape,-33.9249,18.4241,Construction,True,True,True,False
2156,2026-05-05,Durban,KwaZulu-Natal,-29.8587,31.0218,Catering,True,False,False,False
2157,2026-05-05,Pretoria,Gauteng,-25.7479,28.2293,Retail,True,False,False,False
2158,2026-05-05,Kimberley,Northern Cape,-28.7282,24.7499,Construction,True,True,False,False
2159,2026-05-05,Cape Town,Western Cape,-33.9249,18.4241,Hair Salon,True,False,False,False
2160,2026-05-05,Gqeberha,Eastern Cape,-33.9608,25.6022,Catering,True,True,True,False
2161,2026-05-05,Pretoria,Gauteng,-25.7479,28.2293,Catering,True,True,True,False
2162,2026-05-05,Cape Town,Western Cape,-33.9249,18.4241,Tech Services,True,True,True,True
2163,2026-05-05,Durban,KwaZulu-Natal,-29.8587,31.0218,Construction,True,False,False,False
2164,2026-05-05,Pretoria,Gauteng,-25.7479,28.2293,Spaza Shop,True,True,True,False
2165,2026-05-05,Pretoria,Gauteng,-25.7479,28.2293,Tech Services,True,True,True,True
2166,2026-05-05,Pretoria,Gauteng,-25.7479,28.2293,Catering,True,False,False,False
2167,2026-05-05,Johannesburg,Gauteng,-26.2041,28.0473,Construction,True,True,False,False
2168,2026-05-05,Pretoria,Gauteng,-25.7479,28.2293,Tech Services,True,True,False,False
2169,2026-05-05,Johannesburg,Gauteng,-26.2041,28.0473,Transport,True,False,False,False
2170,2026-05-05,Pretoria,Gauteng,-25.7479,28.2293,Catering,True,True,False,False
2171,2026-05-05,Pretoria,Gauteng,-25.7479,28.2293,Transport,True,False,False,False
2172,2026-05-05,Bloemfontein,Free State,-29.0852,26.1596,Construction,True,True,False,False
2173,2026-05-05,Durban,KwaZulu-Natal,-29.8587,31.0218,Catering,True,True,True,False
2174,2026-05-05,Durban,KwaZulu-Natal,-29.8587,31.0218,Construction,True,True,True,False
2175,2026-05-05,Johannesburg,Gauteng,-26.2041,28.0473,Transport,True,True,True,False
2176,2026-05-05,Pretoria,Gauteng,-25.7479,28.2293,Catering,True,True,False,False
2177,2026-05-06,Johannesburg,Gauteng,-26.2041,28.0473,Retail,True,True,False,False
2178,2026-05-06,Polokwane,Limpopo,-23.9045,29.4689,Transport,True,False,False,False
2179,2026-05-06,Polokwane,Limpopo,-23.9045,29.4689,Tech Services,True,True,False,False
2180,2026-05-06,Johannesburg,Gauteng,-26.2041,28.0473,Spaza Shop,True,True,False,False
2181,2026-05-06,Johannesburg,Gauteng,-26.2041,28.0473,Retail,True,True,False,False
2182,2026-05-06,Johannesburg,Gauteng,-26.2041,28.0473,Construction,True,True,False,False
2183,2026-05-06,Bloemfontein,Free State,-29.0852,26.1596,Hair Salon,True,True,False,False
2184,2026-05-06,Johannesburg,Gauteng,-26.2041,28.0473,Tech Services,True,False,False,False
2185,2026-05-06,Durban,KwaZulu-Natal,-29.8587,31.0218,Construction,True,True,False,False
2186,2026-05-06,Johannesburg,Gauteng,-26.2041,28.0473,Food Stall,True,True,True,False
2187,2026-05-06,Cape Town,Western Cape,-33.9249,18.4241,Retail,True,True,True,False
2188,2026-05-06,Gqeberha,Eastern Cape,-33.9608,25.6022,Construction,True,True,True,True
2189,2026-05-06,Pretoria,Gauteng,-25.7479,28.2293,Retail,True,True,False,False
2190,2026-05-06,Mbombela,Mpumalanga,-25.4753,30.9694,Construction,True,True,False,False
2191,2026-05-06,Kimberley,Northern Cape,-28.7282,24.7499,Transport,True,True,True,False
2192,2026-05-06,Pretoria,Gauteng,-25.7479,28.2293,Retail,True,False,False,False
2193,2026-05-06,Gqeberha,Eastern Cape,-33.9608,25.6022,Transport,True,True,False,False
2194,2026-05-06,Kimberley,Northern Cape,-28.7282,24.7499,Spaza Shop,True,False,False,False
2195,2026-05-06,East London,Eastern Cape,-33.0153,27.9116,Catering,True,True,False,False
2196,2026-05-06,Pretoria,Gauteng,-25.7479,28.2293,Hair Salon,True,True,False,False
2197,2026-05-06,Gqeberha,Eastern Cape,-33.9608,25.6022,Retail,True,False,False,False
2198,2026-05-06,Polokwane,Limpopo,-23.9045,29.4689,Construction,True,False,False,False
2199,2026-05-07,East London,Eastern Cape,-33.0153,27.9116,Tech Services,True,True,True,False
2200,2026-05-07,Johannesburg,Gauteng,-26.2041,28.0473,Transport,True,True,False,False
2201,2026-05-07,Johannesburg,Gauteng,-26.2041,28.0473,Catering,True,True,True,False
2202,2026-05-07,Johannesburg,Gauteng,-26.2041,28.0473,Retail,True,True,False,False
2203,2026-05-07,Johannesburg,Gauteng,-26.2041,28.0473,Construction,True,True,True,True
2204,2026-05-07,Johannesburg,Gauteng,-26.2041,28.0473,Tech Services,True,True,True,False
2205,2026-05-07,Johannesburg,Gauteng,-26.2041,28.0473,Spaza Shop,True,True,False,False
2206,2026-05-07,Durban,KwaZulu-Natal,-29.8587,31.0218,Spaza Shop,True,True,True,False
2207,2026-05-07,Johannesburg,Gauteng,-26.2041,28.0473,Retail,True,False,False,False
2208,2026-05-07,Johannesburg,Gauteng,-26.2041,28.0473,Hair Salon,True,True,True,False
2209,2026-05-07,Durban,KwaZulu-Natal,-29.8587,31.0218,Hair Salon,True,False,False,False
2210,2026-05-07,Johannesburg,Gauteng,-26.2041,28.0473,Food Stall,True,True,False,False
2211,2026-05-07,East London,Eastern Cape,-33.0153,27.9116,Construction,True,True,False,False
2212,2026-05-07,Johannesburg,Gauteng,-26.2041,28.0473,Hair Salon,True,True,False,False
2213,2026-05-07,Johannesburg,Gauteng,-26.2041,28.0473,Hair Salon,True,True,False,False
2214,2026-05-07,Cape Town,Western Cape,-33.9249,18.4241,Catering,True,False,False,False
2215,2026-05-07,Johannesburg,Gauteng,-26.2041,28.0473,Transport,True,True,True,True
2216,2026-05-07,Durban,KwaZulu-Natal,-29.8587,31.0218,Tech Services,True,True,False,False
2217,2026-05-07,Gqeberha,Eastern Cape,-33.9608,25.6022,Hair Salon,True,False,False,False
2218,2026-05-08,Cape Town,Western Cape,-33.9249,18.4241,Construction,True,False,False,False
2219,2026-05-08,Johannesburg,Gauteng,-26.2041,28.0473,Transport,True,False,False,False
2220,2026-05-08,Johannesburg,Gauteng,-26.2041,28.0473,Hair Salon,True,True,True,False
2221,2026-05-08,Polokwane,Limpopo,-23.9045,29.4689,Catering,True,False,False,False
2222,2026-05-08,Cape Town,Western Cape,-33.9249,18.4241,Retail,True,True,True,True
2223,2026-05-08,Durban,KwaZulu-Natal,-29.8587,31.0218,Retail,True,True,False,False
2224,2026-05-08,Mbombela,Mpumalanga,-25.4753,30.9694,Retail,True,False,False,False
2225,2026-05-08,East London,Eastern Cape,-33.0153,27.9116,Hair Salon,True,False,False,False
2226,2026-05-08,Bloemfontein,Free State,-29.0852,26.1596,Catering,True,False,False,False
2227,2026-05-08,Bloemfontein,Free State,-29.0852,26.1596,Food Stall,True,True,True,False
2228,2026-05-08,East London,Eastern Cape,-33.0153,27.9116,Retail,True,True,False,False
2229,2026-05-08,Johannesburg,Gauteng,-26.2041,28.0473,Transport,True,True,True,False
2230,2026-05-08,Pretoria,Gauteng,-25.7479,28.2293,Tech Services,True,True,False,False
2231,2026-05-08,Durban,KwaZulu-Natal,-29.8587,31.0218,Construction,True,True,True,False
2232,2026-05-08,Cape Town,Western Cape,-33.9249,18.4241,Food Stall,True,True,False,False
2233,2026-05-08,Durban,KwaZulu-Natal,-29.8587,31.0218,Tech Services,True,False,False,False
2234,2026-05-08,Johannesburg,Gauteng,-26.2041,28.0473,Construction,True,False,False,False
2235,2026-05-08,Gqeberha,Eastern Cape,-33.9608,25.6022,Spaza Shop,True,True,True,False
2236,2026-05-09,Cape Town,Western Cape,-33.9249,18.4241,Transport,True,True,True,True
2237,2026-05-09,Cape Town,Western Cape,-33.9249,18.4241,Catering,True,False,False,False
2238,2026-05-09,Pretoria,Gauteng,-25.7479,28.2293,Tech Services,True,True,False,False
2239,2026-05-09,Pretoria,Gauteng,-25.7479,28.2293,Spaza Shop,True,False,False,False
2240,2026-05-09,Bloemfontein,Free State,-29.0852,26.1596,Catering,True,True,False,False
2241,2026-05-09,Cape Town,Western Cape,-33.9249,18.4241,Transport,True,True,False,False
2242,2026-05-09,Johannesburg,Gauteng,-26.2041,28.0473,Food Stall,True,True,False,False
2243,2026-05-09,East London,Eastern Cape,-33.0153,27.9116,Spaza Shop,True,False,False,False
2244,2026-05-10,Johannesburg,Gauteng,-26.2041,28.0473,Tech Services,True,True,True,True
2245,2026-05-10,Johannesburg,Gauteng,-26.2041,28.0473,Retail,True,True,False,False
2246,2026-05-10,Cape Town,Western Cape,-33.9249,18.4241,Spaza Shop,True,True,True,False
2247,2026-05-10,Pretoria,Gauteng,-25.7479,28.2293,Spaza Shop,True,True,False,False
2248,2026-05-10,Durban,KwaZulu-Natal,-29.8587,31.0218,Tech Services,True,True,True,False
2249,2026-05-10,Gqeberha,Eastern Cape,-33.9608,25.6022,Retail,True,False,False,False
2250,2026-05-10,Mbombela,Mpumalanga,-25.4753,30.9694,Tech Services,True,True,False,False
2251,2026-05-10,Mbombela,Mpumalanga,-25.4753,30.9694,Catering,True,True,True,False
2252,2026-05-10,Bloemfontein,Free State,-29.0852,26.1596,Hair Salon,True,True,True,False
2253,2026-05-10,East London,Eastern Cape,-33.0153,27.9116,Tech Services,True,True,True,False
2254,2026-05-10,Johannesburg,Gauteng,-26.2041,28.0473,Tech Services,True,False,False,False
2255,2026-05-10,Johannesburg,Gauteng,-26.2041,28.0473,Transport,True,True,True,False
2256,2026-05-10,Johannesburg,Gauteng,-26.2041,28.0473,Hair Salon,True,True,False,False
2257,2026-05-10,Johannesburg,Gauteng,-26.2041,28.0473,Construction,True,True,False,False
2258,2026-05-10,Durban,KwaZulu-Natal,-29.8587,31.0218,Spaza Shop,True,True,True,True
2259,2026-05-10,Durban,KwaZulu-Natal,-29.8587,31.0218,Spaza Shop,True,False,False,False
2260,2026-05-10,Johannesburg,Gauteng,-26.2041,28.0473,Retail,True,True,True,False
2261,2026-05-10,Mbombela,Mpumalanga,-25.4753,30.9694,Transport,True,True,True,False
2262,2026-05-10,Kimberley,Northern Cape,-28.7282,24.7499,Hair Salon,True,False,False,False
2263,2026-05-10,Pretoria,Gauteng,-25.7479,28.2293,Hair Salon,True,False,False,False
2264,2026-05-11,Cape Town,Western Cape,-33.9249,18.4241,Spaza Shop,True,False,False,False
2265,2026-05-11,Durban,KwaZulu-Natal,-29.8587,31.0218,Spaza Shop,True,True,False,False
2266,2026-05-11,Pretoria,Gauteng,-25.7479,28.2293,Hair Salon,True,True,True,False
2267,2026-05-11,Mbombela,Mpumalanga,-25.4753,30.9694,Catering,True,True,True,False
2268,2026-05-11,Bloemfontein,Free State,-29.0852,26.1596,Transport,True,True,False,False
2269,2026-05-11,Cape Town,Western Cape,-33.9249,18.4241,Tech Services,True,True,True,False
2270,2026-05-11,Johannesburg,Gauteng,-26.2041,28.0473,Tech Services,True,False,False,False
2271,2026-05-11,Pretoria,Gauteng,-25.7479,28.2293,Hair Salon,True,False,False,False
2272,2026-05-11,Mbombela,Mpumalanga,-25.4753,30.9694,Hair Salon,True,True,False,False
2273,2026-05-11,East London,Eastern Cape,-33.0153,27.9116,Hair Salon,True,True,False,False
2274,2026-05-11,Cape Town,Western Cape,-33.9249,18.4241,Hair Salon,True,True,True,True
2275,2026-05-11,Pretoria,Gauteng,-25.7479,28.2293,Food Stall,True,True,True,True
2276,2026-05-11,Pretoria,Gauteng,-25.7479,28.2293,Catering,True,True,True,False
2277,2026-05-11,Mbombela,Mpumalanga,-25.4753,30.9694,Food Stall,True,False,False,False
2278,2026-05-11,Johannesburg,Gauteng,-26.2041,28.0473,Tech Services,True,False,False,False
2279,2026-05-11,Cape Town,Western Cape,-33.9249,18.4241,Food Stall,True,True,False,False
2280,2026-05-11,Cape Town,Western Cape,-33.9249,18.4241,Transport,True,False,False,False
2281,2026-05-11,Cape Town,Western Cape,-33.9249,18.4241,Spaza Shop,True,True,True,True
2282,2026-05-11,Durban,KwaZulu-Natal,-29.8587,31.0218,Construction,True,True,False,False
2283,2026-05-11,Gqeberha,Eastern Cape,-33.9608,25.6022,Tech Services,True,True,True,True
2284,2026-05-12,Johannesburg,Gauteng,-26.2041,28.0473,Food Stall,True,True,True,True
2285,2026-05-12,Gqeberha,Eastern Cape,-33.9608,25.6022,Food Stall,True,True,False,False
2286,2026-05-12,Johannesburg,Gauteng,-26.2041,28.0473,Tech Services,True,True,True,False
2287,2026-05-12,Bloemfontein,Free State,-29.0852,26.1596,Food Stall,True,True,True,True
2288,2026-05-12,Johannesburg,Gauteng,-26.2041,28.0473,Hair Salon,True,False,False,False
2289,2026-05-12,Pretoria,Gauteng,-25.7479,28.2293,Construction,True,True,True,False
2290,2026-05-12,Pretoria,Gauteng,-25.7479,28.2293,Tech Services,True,True,False,False
2291,2026-05-12,Johannesburg,Gauteng,-26.2041,28.0473,Tech Services,True,False,False,False
2292,2026-05-12,Kimberley,Northern Cape,-28.7282,24.7499,Tech Services,True,True,True,True
2293,2026-05-12,Pretoria,Gauteng,-25.7479,28.2293,Tech Services,True,True,True,True
2294,2026-05-12,Johannesburg,Gauteng,-26.2041,28.0473,Food Stall,True,False,False,False
2295,2026-05-12,Polokwane,Limpopo,-23.9045,29.4689,Retail,True,True,False,False
2296,2026-05-12,Johannesburg,Gauteng,-26.2041,28.0473,Tech Services,True,True,False,False
2297,2026-05-12,Pretoria,Gauteng,-25.7479,28.2293,Catering,True,False,False,False
2298,2026-05-12,Johannesburg,Gauteng,-26.2041,28.0473,Food Stall,True,False,False,False
2299,2026-05-13,Cape Town,Western Cape,-33.9249,18.4241,Transport,True,True,True,False
2300,2026-05-13,Mbombela,Mpumalanga,-25.4753,30.9694,Construction,True,True,False,False
2301,2026-05-13,Johannesburg,Gauteng,-26.2041,28.0473,Transport,True,True,False,False
2302,2026-05-13,Durban,KwaZulu-Natal,-29.8587,31.0218,Transport,True,False,False,False
2303,2026-05-13,Johannesburg,Gauteng,-26.2041,28.0473,Catering,True,False,False,False
2304,2026-05-13,Cape Town,Western Cape,-33.9249,18.4241,Tech Services,True,True,False,False
2305,2026-05-13,Pretoria,Gauteng,-25.7479,28.2293,Food Stall,True,False,False,False
2306,2026-05-13,Mbombela,Mpumalanga,-25.4753,30.9694,Food Stall,True,False,False,False
2307,2026-05-13,Durban,KwaZulu-Natal,-29.8587,31.0218,Construction,True,True,True,False
2308,2026-05-13,Cape Town,Western Cape,-33.9249,18.4241,Transport,True,True,True,True
2309,2026-05-13,Johannesburg,Gauteng,-26.2041,28.0473,Spaza Shop,True,True,False,False
2310,2026-05-13,Cape Town,Western Cape,-33.9249,18.4241,Hair Salon,True,True,True,True
2311,2026-05-13,Gqeberha,Eastern Cape,-33.9608,25.6022,Food Stall,True,False,False,False
2312,2026-05-13,Cape Town,Western Cape,-33.9249,18.4241,Tech Services,True,True,False,False
2313,2026-05-13,Durban,KwaZulu-Natal,-29.8587,31.0218,Hair Salon,True,False,False,False
2314,2026-05-13,Mbombela,Mpumalanga,-25.4753,30.9694,Catering,True,True,True,False
2315,2026-05-13,Durban,KwaZulu-Natal,-29.8587,31.0218,Tech Services,True,True,False,False
2316,2026-05-13,Durban,KwaZulu-Natal,-29.8587,31.0218,Hair Salon,True,False,False,False
2317,2026-05-13,Kimberley,Northern Cape,-28.7282,24.7499,Hair Salon,True,False,False,False
2318,2026-05-14,Johannesburg,Gauteng,-26.2041,28.0473,Hair Salon,True,True,False,False
2319,2026-05-14,Cape Town,Western Cape,-33.9249,18.4241,Hair Salon,True,False,False,False
2320,2026-05-14,Durban,KwaZulu-Natal,-29.8587,31.0218,Retail,True,True,False,False
2321,2026-05-14,Polokwane,Limpopo,-23.9045,29.4689,Tech Services,True,True,False,False
2322,2026-05-14,Johannesburg,Gauteng,-26.2041,28.0473,Hair Salon,True,False,False,False
2323,2026-05-14,Cape Town,Western Cape,-33.9249,18.4241,Food Stall,True,False,False,False
2324,2026-05-14,Cape Town,Western Cape,-33.9249,18.4241,Tech Services,True,False,False,False
2325,2026-05-14,Johannesburg,Gauteng,-26.2041,28.0473,Retail,True,True,True,True
2326,2026-05-14,Pretoria,Gauteng,-25.7479,28.2293,Tech Services,True,False,False,False
2327,2026-05-14,Gqeberha,Eastern Cape,-33.9608,25.6022,Spaza Shop,True,True,False,False
2328,2026-05-14,Johannesburg,Gauteng,-26.2041,28.0473,Transport,True,True,True,False
2329,2026-05-14,Pretoria,Gauteng,-25.7479,28.2293,Tech Services,True,False,False,False
2330,2026-05-14,Pretoria,Gauteng,-25.7479,28.2293,Construction,True,False,False,False
2331,2026-05-14,Durban,KwaZulu-Natal,-29.8587,31.0218,Tech Services,True,True,True,False
2332,2026-05-14,Johannesburg,Gauteng,-26.2041,28.0473,Catering,True,True,False,False
2333,2026-05-14,Cape Town,Western Cape,-33.9249,18.4241,Catering,True,True,True,True
2334,2026-05-14,Cape Town,Western Cape,-33.9249,18.4241,Retail,True,True,False,False
2335,2026-05-14,East London,Eastern Cape,-33.0153,27.9116,Spaza Shop,True,True,True,True
2336,2026-05-14,Cape Town,Western Cape,-33.9249,18.4241,Spaza Shop,True,True,False,False
2337,2026-05-14,Durban,KwaZulu-Natal,-29.8587,31.0218,Tech Services,True,True,False,False
2338,2026-05-14,Johannesburg,Gauteng,-26.2041,28.0473,Food Stall,True,False,False,False
2339,2026-05-14,Durban,KwaZulu-Natal,-29.8587,31.0218,Catering,True,False,False,False
2340,2026-05-14,Pretoria,Gauteng,-25.7479,28.2293,Retail,True,False,False,False
2341,2026-05-15,Johannesburg,Gauteng,-26.2041,28.0473,Tech Services,True,False,False,False
2342,2026-05-15,Bloemfontein,Free State,-29.0852,26.1596,Retail,True,False,False,False
2343,2026-05-15,Johannesburg,Gauteng,-26.2041,28.0473,Hair Salon,True,True,True,False
2344,2026-05-15,Johannesburg,Gauteng,-26.2041,28.0473,Hair Salon,True,False,False,False
2345,2026-05-15,Johannesburg,Gauteng,-26.2041,28.0473,Hair Salon,True,True,False,False
2346,2026-05-15,Johannesburg,Gauteng,-26.2041,28.0473,Construction,True,False,False,False
2347,2026-05-15,Cape Town,Western Cape,-33.9249,18.4241,Hair Salon,True,True,True,True
2348,2026-05-15,Johannesburg,Gauteng,-26.2041,28.0473,Food Stall,True,True,False,False
2349,2026-05-15,East London,Eastern Cape,-33.0153,27.9116,Spaza Shop,True,True,True,True
2350,2026-05-15,Johannesburg,Gauteng,-26.2041,28.0473,Spaza Shop,True,True,True,False
2351,2026-05-15,Johannesburg,Gauteng,-26.2041,28.0473,Hair Salon,True,False,False,False
2352,2026-05-15,Johannesburg,Gauteng,-26.2041,28.0473,Catering,True,True,True,False
2353,2026-05-15,Pretoria,Gauteng,-25.7479,28.2293,Spaza Shop,True,True,False,False
2354,2026-05-15,Pretoria,Gauteng,-25.7479,28.2293,Catering,True,True,False,False
2355,2026-05-15,Pretoria,Gauteng,-25.7479,28.2293,Transport,True,True,False,False
2356,2026-05-15,Gqeberha,Eastern Cape,-33.9608,25.6022,Food Stall,True,False,False,False
2357,2026-05-15,Bloemfontein,Free State,-29.0852,26.1596,Tech Services,True,True,False,False
2358,2026-05-15,Mbombela,Mpumalanga,-25.4753,30.9694,Retail,True,True,True,False
2359,2026-05-16,Mbombela,Mpumalanga,-25.4753,30.9694,Retail,True,True,False,False
2360,2026-05-16,Johannesburg,Gauteng,-26.2041,28.0473,Tech Services,True,True,False,False
2361,2026-05-16,Polokwane,Limpopo,-23.9045,29.4689,Transport,True,True,False,False
2362,2026-05-16,Durban,KwaZulu-Natal,-29.8587,31.0218,Transport,True,True,True,False
2363,2026-05-16,Polokwane,Limpopo,-23.9045,29.4689,Food Stall,True,False,False,False
2364,2026-05-16,Johannesburg,Gauteng,-26.2041,28.0473,Tech Services,True,True,False,False
2365,2026-05-16,Pretoria,Gauteng,-25.7479,28.2293,Transport,True,False,False,False
2366,2026-05-16,Cape Town,Western Cape,-33.9249,18.4241,Tech Services,True,True,False,False
2367,2026-05-16,Bloemfontein,Free State,-29.0852,26.1596,Transport,True,True,True,False
2368,2026-05-16,Johannesburg,Gauteng,-26.2041,28.0473,Transport,True,True,True,False
2369,2026-05-16,Johannesburg,Gauteng,-26.2041,28.0473,Hair Salon,True,True,True,True
2370,2026-05-16,Cape Town,Western Cape,-33.9249,18.4241,Retail,True,True,True,True
2371,2026-05-16,Gqeberha,Eastern Cape,-33.9608,25.6022,Hair Salon,True,False,False,False
2372,2026-05-16,Durban,KwaZulu-Natal,-29.8587,31.0218,Tech Services,True,True,False,False
2373,2026-05-16,Pretoria,Gauteng,-25.7479,28.2293,Food Stall,True,True,True,False
2374,2026-05-16,Johannesburg,Gauteng,-26.2041,28.0473,Transport,True,True,True,False
2375,2026-05-16,Durban,KwaZulu-Natal,-29.8587,31.0218,Spaza Shop,True,True,True,True
2376,2026-05-16,Mbombela,Mpumalanga,-25.4753,30.9694,Tech Services,True,True,False,False
2377,2026-05-16,Johannesburg,Gauteng,-26.2041,28.0473,Transport,True,True,False,False
2378,2026-05-16,Durban,KwaZulu-Natal,-29.8587,31.0218,Retail,True,True,True,False
2379,2026-05-16,Pretoria,Gauteng,-25.7479,28.2293,Tech Services,True,False,False,False
2380,2026-05-17,Johannesburg,Gauteng,-26.2041,28.0473,Food Stall,True,False,False,False
2381,2026-05-17,Durban,KwaZulu-Natal,-29.8587,31.0218,Food Stall,True,True,False,False
2382,2026-05-17,Cape Town,Western Cape,-33.9249,18.4241,Transport,True,True,False,False
2383,2026-05-17,Mbombela,Mpumalanga,-25.4753,30.9694,Catering,True,True,True,False
2384,2026-05-17,Johannesburg,Gauteng,-26.2041,28.0473,Tech Services,True,True,False,False
2385,2026-05-17,Pretoria,Gauteng,-25.7479,28.2293,Transport,True,True,False,False
2386,2026-05-17,East London,Eastern Cape,-33.0153,27.9116,Spaza Shop,True,True,True,False
2387,2026-05-17,Pretoria,Gauteng,-25.7479,28.2293,Hair Salon,True,False,False,False
2388,2026-05-17,Johannesburg,Gauteng,-26.2041,28.0473,Tech Services,True,True,True,False
2389,2026-05-17,Pretoria,Gauteng,-25.7479,28.2293,Catering,True,True,True,False
2390,2026-05-17,Pretoria,Gauteng,-25.7479,28.2293,Tech Services,True,True,False,False
2391,2026-05-17,Durban,KwaZulu-Natal,-29.8587,31.0218,Construction,True,False,False,False
2392,2026-05-17,Durban,KwaZulu-Natal,-29.8587,31.0218,Retail,True,False,False,False
2393,2026-05-17,Pretoria,Gauteng,-25.7479,28.2293,Construction,True,False,False,False
2394,2026-05-17,Johannesburg,Gauteng,-26.2041,28.0473,Hair Salon,True,False,False,False
2395,2026-05-17,Cape Town,Western Cape,-33.9249,18.4241,Construction,True,False,False,False
2396,2026-05-17,Durban,KwaZulu-Natal,-29.8587,31.0218,Construction,True,False,False,False
2397,2026-05-17,Gqeberha,Eastern Cape,-33.9608,25.6022,Construction,True,True,False,False
2398,2026-05-17,Johannesburg,Gauteng,-26.2041,28.0473,Construction,True,True,False,False
2399,2026-05-17,Cape Town,Western Cape,-33.9249,18.4241,Transport,True,True,False,False
2400,2026-05-17,Bloemfontein,Free State,-29.0852,26.1596,Catering,True,True,False,False
2401,2026-05-17,Polokwane,Limpopo,-23.9045,29.4689,Tech Services,True,True,True,False
2402,2026-05-17,Kimberley,Northern Cape,-28.7282,24.7499,Construction,True,False,False,False
2403,2026-05-17,Bloemfontein,Free State,-29.0852,26.1596,Retail,True,True,True,True
2404,2026-05-18,Mbombela,Mpumalanga,-25.4753,30.9694,Hair Salon,True,True,True,False
2405,2026-05-18,Bloemfontein,Free State,-29.0852,26.1596,Catering,True,True,False,False
2406,2026-05-18,Pretoria,Gauteng,-25.7479,28.2293,Transport,True,True,False,False
2407,2026-05-18,Pretoria,Gauteng,-25.7479,28.2293,Hair Salon,True,False,False,False
2408,2026-05-18,Cape Town,Western Cape,-33.9249,18.4241,Transport,True,True,True,False
2409,2026-05-18,Johannesburg,Gauteng,-26.2041,28.0473,Tech Services,True,True,True,False
2410,2026-05-18,Johannesburg,Gauteng,-26.2041,28.0473,Food Stall,True,True,True,True
2411,2026-05-18,Cape Town,Western Cape,-33.9249,18.4241,Hair Salon,True,True,True,True
2412,2026-05-18,Pretoria,Gauteng,-25.7479,28.2293,Hair Salon,True,True,True,True
2413,2026-05-18,Durban,KwaZulu-Natal,-29.8587,31.0218,Tech Services,True,True,False,False
2414,2026-05-18,Cape Town,Western Cape,-33.9249,18.4241,Retail,True,True,False,False
2415,2026-05-19,Cape Town,Western Cape,-33.9249,18.4241,Retail,True,True,True,False
2416,2026-05-19,Gqeberha,Eastern Cape,-33.9608,25.6022,Food Stall,True,True,False,False
2417,2026-05-19,Bloemfontein,Free State,-29.0852,26.1596,Construction,True,False,False,False
2418,2026-05-19,Johannesburg,Gauteng,-26.2041,28.0473,Food Stall,True,True,True,True
2419,2026-05-19,Johannesburg,Gauteng,-26.2041,28.0473,Catering,True,True,True,True
2420,2026-05-19,Kimberley,Northern Cape,-28.7282,24.7499,Catering,True,False,False,False
2421,2026-05-19,Gqeberha,Eastern Cape,-33.9608,25.6022,Transport,True,False,False,False
2422,2026-05-19,Kimberley,Northern Cape,-28.7282,24.7499,Food Stall,True,False,False,False
2423,2026-05-19,Polokwane,Limpopo,-23.9045,29.4689,Retail,True,True,True,True
2424,2026-05-19,East London,Eastern Cape,-33.0153,27.9116,Hair Salon,True,True,True,True
2425,2026-05-19,Johannesburg,Gauteng,-26.2041,28.0473,Transport,True,False,False,False
2426,2026-05-19,Cape Town,Western Cape,-33.9249,18.4241,Retail,True,False,False,False
2427,2026-05-19,Durban,KwaZulu-Natal,-29.8587,31.0218,Transport,True,True,False,False
2428,2026-05-19,Pretoria,Gauteng,-25.7479,28.2293,Food Stall,True,True,False,False
2429,2026-05-19,Johannesburg,Gauteng,-26.2041,28.0473,Spaza Shop,True,True,False,False
2430,2026-05-19,Johannesburg,Gauteng,-26.2041,28.0473,Transport,True,True,True,False
2431,2026-05-19,Cape Town,Western Cape,-33.9249,18.4241,Tech Services,True,True,False,False
2432,2026-05-19,Cape Town,Western Cape,-33.9249,18.4241,Construction,True,False,False,False
2433,2026-05-19,Mbombela,Mpumalanga,-25.4753,30.9694,Food Stall,True,True,True,True
2434,2026-05-19,Kimberley,Northern Cape,-28.7282,24.7499,Catering,True,False,False,False
2435,2026-05-19,Pretoria,Gauteng,-25.7479,28.2293,Tech Services,True,True,False,False
2436,2026-05-19,Durban,KwaZulu-Natal,-29.8587,31.0218,Retail,True,False,False,False
2437,2026-05-19,Pretoria,Gauteng,-25.7479,28.2293,Transport,True,True,False,False
2438,2026-05-19,East London,Eastern Cape,-33.0153,27.9116,Transport,True,True,False,False
2439,2026-05-19,Pretoria,Gauteng,-25.7479,28.2293,Food Stall,True,False,False,False
2440,2026-05-19,Mbombela,Mpumalanga,-25.4753,30.9694,Retail,True,True,False,False
2441,2026-05-19,Durban,KwaZulu-Natal,-29.8587,31.0218,Retail,True,False,False,False
2442,2026-05-19,Cape Town,Western Cape,-33.9249,18.4241,Construction,True,True,True,False
2443,2026-05-19,Pretoria,Gauteng,-25.7479,28.2293,Tech Services,True,True,True,True
2444,2026-05-19,Cape Town,Western Cape,-33.9249,18.4241,Spaza Shop,True,False,False,False
2445,2026-05-19,Pretoria,Gauteng,-25.7479,28.2293,Catering,True,True,True,False
2446,2026-05-19,Mbombela,Mpumalanga,-25.4753,30.9694,Catering,True,False,False,False
2447,2026-05-20,Kimberley,Northern Cape,-28.7282,24.7499,Hair Salon,True,True,False,False
2448,2026-05-20,Pretoria,Gauteng,-25.7479,28.2293,Construction,True,True,False,False
2449,2026-05-20,East London,Eastern Cape,-33.0153,27.9116,Tech Services,True,False,False,False
2450,2026-05-20,Cape Town,Western Cape,-33.9249,18.4241,Retail,True,False,False,False
2451,2026-05-20,Mbombela,Mpumalanga,-25.4753,30.9694,Transport,True,True,True,False
2452,2026-05-20,East London,Eastern Cape,-33.0153,27.9116,Retail,True,True,False,False
2453,2026-05-20,Johannesburg,Gauteng,-26.2041,28.0473,Food Stall,True,True,True,True
2454,2026-05-20,Durban,KwaZulu-Natal,-29.8587,31.0218,Tech Services,True,True,False,False
2455,2026-05-20,Johannesburg,Gauteng,-26.2041,28.0473,Transport,True,True,False,False
2456,2026-05-20,Cape Town,Western Cape,-33.9249,18.4241,Spaza Shop,True,True,True,True
2457,2026-05-20,Mbombela,Mpumalanga,-25.4753,30.9694,Hair Salon,True,True,False,False
2458,2026-05-20,Bloemfontein,Free State,-29.0852,26.1596,Transport,True,True,True,True
2459,2026-05-20,Johannesburg,Gauteng,-26.2041,28.0473,Retail,True,True,False,False
2460,2026-05-20,Johannesburg,Gauteng,-26.2041,28.0473,Catering,True,False,False,False
2461,2026-05-20,Cape Town,Western Cape,-33.9249,18.4241,Food Stall,True,True,False,False
2462,2026-05-20,East London,Eastern Cape,-33.0153,27.9116,Hair Salon,True,True,True,False
2463,2026-05-20,Pretoria,Gauteng,-25.7479,28.2293,Transport,True,True,True,False
2464,2026-05-20,Polokwane,Limpopo,-23.9045,29.4689,Spaza Shop,True,True,False,False
2465,2026-05-20,Gqeberha,Eastern Cape,-33.9608,25.6022,Food Stall,True,True,False,False
2466,2026-05-21,Johannesburg,Gauteng,-26.2041,28.0473,Catering,True,False,False,False
2467,2026-05-21,Pretoria,Gauteng,-25.7479,28.2293,Spaza Shop,True,True,False,False
2468,2026-05-21,East London,Eastern Cape,-33.0153,27.9116,Construction,True,False,False,False
2469,2026-05-21,Johannesburg,Gauteng,-26.2041,28.0473,Hair Salon,True,True,False,False
2470,2026-05-21,Cape Town,Western Cape,-33.9249,18.4241,Food Stall,True,True,True,True
2471,2026-05-21,Cape Town,Western Cape,-33.9249,18.4241,Retail,True,False,False,False
2472,2026-05-21,Cape Town,Western Cape,-33.9249,18.4241,Construction,True,False,False,False
2473,2026-05-21,East London,Eastern Cape,-33.0153,27.9116,Food Stall,True,True,False,False
2474,2026-05-21,Polokwane,Limpopo,-23.9045,29.4689,Tech Services,True,False,False,False
2475,2026-05-21,Johannesburg,Gauteng,-26.2041,28.0473,Construction,True,True,True,False
2476,2026-05-21,Johannesburg,Gauteng,-26.2041,28.0473,Construction,True,False,False,False
2477,2026-05-21,Cape Town,Western Cape,-33.9249,18.4241,Food Stall,True,True,False,False
2478,2026-05-21,Cape Town,Western Cape,-33.9249,18.4241,Food Stall,True,True,True,False
2479,2026-05-21,Cape Town,Western Cape,-33.9249,18.4241,Tech Services,True,True,True,False
2480,2026-05-21,Johannesburg,Gauteng,-26.2041,28.0473,Food Stall,True,True,False,False
2481,2026-05-21,Johannesburg,Gauteng,-26.2041,28.0473,Catering,True,False,False,False
2482,2026-05-21,Cape Town,Western Cape,-33.9249,18.4241,Transport,True,True,True,False
2483,2026-05-21,Cape Town,Western Cape,-33.9249,18.4241,Construction,True,False,False,False
2484,2026-05-21,Cape Town,Western Cape,-33.9249,18.4241,Catering,True,True,True,True
2485,2026-05-22,Cape Town,Western Cape,-33.9249,18.4241,Catering,True,True,True,False
2486,2026-05-22,Pretoria,Gauteng,-25.7479,28.2293,Retail,True,False,False,False
2487,2026-05-22,Mbombela,Mpumalanga,-25.4753,30.9694,Food Stall,True,True,False,False
2488,2026-05-22,Cape Town,Western Cape,-33.9249,18.4241,Retail,True,True,False,False
2489,2026-05-22,Johannesburg,Gauteng,-26.2041,28.0473,Transport,True,True,False,False
2490,2026-05-22,Durban,KwaZulu-Natal,-29.8587,31.0218,Hair Salon,True,False,False,False
2491,2026-05-22,Johannesburg,Gauteng,-26.2041,28.0473,Catering,True,False,False,False
2492,2026-05-22,Pretoria,Gauteng,-25.7479,28.2293,Food Stall,True,True,False,False
2493,2026-05-22,Pretoria,Gauteng,-25.7479,28.2293,Construction,True,True,False,False
2494,2026-05-22,Johannesburg,Gauteng,-26.2041,28.0473,Tech Services,True,False,False,False
2495,2026-05-22,Bloemfontein,Free State,-29.0852,26.1596,Hair Salon,True,True,True,False
2496,2026-05-22,Johannesburg,Gauteng,-26.2041,28.0473,Food Stall,True,False,False,False
2497,2026-05-22,Bloemfontein,Free State,-29.0852,26.1596,Catering,True,True,False,False
2498,2026-05-22,Pretoria,Gauteng,-25.7479,28.2293,Tech Services,True,False,False,False
2499,2026-05-22,Johannesburg,Gauteng,-26.2041,28.0473,Construction,True,True,False,False
2500,2026-05-22,Pretoria,Gauteng,-25.7479,28.2293,Catering,True,True,True,True
2501,2026-05-22,Cape Town,Western Cape,-33.9249,18.4241,Hair Salon,True,True,False,False
2502,2026-05-22,Durban,KwaZulu-Natal,-29.8587,31.0218,Construction,True,True,False,False
2503,2026-05-22,Johannesburg,Gauteng,-26.2041,28.0473,Hair Salon,True,True,True,False
2504,2026-05-22,Pretoria,Gauteng,-25.7479,28.2293,Food Stall,True,False,False,False
2505,2026-05-22,Johannesburg,Gauteng,-26.2041,28.0473,Transport,True,True,False,False
2506,2026-05-22,Cape Town,Western Cape,-33.9249,18.4241,Catering,True,False,False,False
2507,2026-05-22,East London,Eastern Cape,-33.0153,27.9116,Hair Salon,True,True,False,False
2508,2026-05-22,Durban,KwaZulu-Natal,-29.8587,31.0218,Hair Salon,True,True,False,False
2509,2026-05-22,Johannesburg,Gauteng,-26.2041,28.0473,Transport,True,True,False,False
2510,2026-05-22,Johannesburg,Gauteng,-26.2041,28.0473,Retail,True,False,False,False
2511,2026-05-22,Mbombela,Mpumalanga,-25.4753,30.9694,Hair Salon,True,True,False,False
2512,2026-05-22,Polokwane,Limpopo,-23.9045,29.4689,Construction,True,True,True,False
2513,2026-05-22,Polokwane,Limpopo,-23.9045,29.4689,Retail,True,False,False,False
2514,2026-05-22,Cape Town,Western Cape,-33.9249,18.4241,Hair Salon,True,True,False,False
2515,2026-05-22,Durban,KwaZulu-Natal,-29.8587,31.0218,Retail,True,False,False,False
2516,2026-05-22,Durban,KwaZulu-Natal,-29.8587,31.0218,Spaza Shop,True,True,True,True
2517,2026-05-23,Johannesburg,Gauteng,-26.2041,28.0473,Spaza Shop,True,True,False,False
2518,2026-05-23,Pretoria,Gauteng,-25.7479,28.2293,Spaza Shop,True,True,False,False
2519,2026-05-23,Cape Town,Western Cape,-33.9249,18.4241,Hair Salon,True,True,True,False
2520,2026-05-23,Polokwane,Limpopo,-23.9045,29.4689,Hair Salon,True,True,True,False
2521,2026-05-23,Johannesburg,Gauteng,-26.2041,28.0473,Tech Services,True,True,False,False
2522,2026-05-23,Cape Town,Western Cape,-33.9249,18.4241,Construction,True,False,False,False
2523,2026-05-23,Johannesburg,Gauteng,-26.2041,28.0473,Construction,True,True,False,False
2524,2026-05-23,Durban,KwaZulu-Natal,-29.8587,31.0218,Spaza Shop,True,False,False,False
2525,2026-05-23,Durban,KwaZulu-Natal,-29.8587,31.0218,Catering,True,True,False,False
2526,2026-05-23,Cape Town,Western Cape,-33.9249,18.4241,Transport,True,True,True,False
2527,2026-05-23,Cape Town,Western Cape,-33.9249,18.4241,Construction,True,True,False,False
2528,2026-05-23,Pretoria,Gauteng,-25.7479,28.2293,Spaza Shop,True,True,True,False
2529,2026-05-23,Kimberley,Northern Cape,-28.7282,24.7499,Spaza Shop,True,True,False,False
2530,2026-05-23,Johannesburg,Gauteng,-26.2041,28.0473,Transport,True,True,True,True
2531,2026-05-23,Durban,KwaZulu-Natal,-29.8587,31.0218,Retail,True,False,False,False
2532,2026-05-24,Johannesburg,Gauteng,-26.2041,28.0473,Hair Salon,True,True,False,False
2533,2026-05-24,Johannesburg,Gauteng,-26.2041,28.0473,Construction,True,False,False,False
2534,2026-05-24,Cape Town,Western Cape,-33.9249,18.4241,Transport,True,False,False,False
2535,2026-05-24,Polokwane,Limpopo,-23.9045,29.4689,Food Stall,True,False,False,False
2536,2026-05-24,Gqeberha,Eastern Cape,-33.9608,25.6022,Retail,True,False,False,False
2537,2026-05-24,Polokwane,Limpopo,-23.9045,29.4689,Transport,True,True,False,False
2538,2026-05-24,Gqeberha,Eastern Cape,-33.9608,25.6022,Food Stall,True,True,True,False
2539,2026-05-24,Pretoria,Gauteng,-25.7479,28.2293,Construction,True,True,True,False
2540,2026-05-24,Pretoria,Gauteng,-25.7479,28.2293,Catering,True,True,True,False
2541,2026-05-24,Johannesburg,Gauteng,-26.2041,28.0473,Hair Salon,True,True,True,False
2542,2026-05-24,Johannesburg,Gauteng,-26.2041,28.0473,Retail,True,False,False,False
2543,2026-05-24,Pretoria,Gauteng,-25.7479,28.2293,Hair Salon,True,True,False,False
2544,2026-05-25,Johannesburg,Gauteng,-26.2041,28.0473,Tech Services,True,False,False,False
2545,2026-05-25,Cape Town,Western Cape,-33.9249,18.4241,Tech Services,True,False,False,False
2546,2026-05-25,Cape Town,Western Cape,-33.9249,18.4241,Spaza Shop,True,True,True,False
2547,2026-05-25,Durban,KwaZulu-Natal,-29.8587,31.0218,Spaza Shop,True,True,False,False
2548,2026-05-25,Mbombela,Mpumalanga,-25.4753,30.9694,Transport,True,False,False,False
2549,2026-05-25,Mbombela,Mpumalanga,-25.4753,30.9694,Construction,True,False,False,False
2550,2026-05-25,Bloemfontein,Free State,-29.0852,26.1596,Tech Services,True,True,False,False
2551,2026-05-25,Polokwane,Limpopo,-23.9045,29.4689,Spaza Shop,True,False,False,False
2552,2026-05-25,East London,Eastern Cape,-33.0153,27.9116,Retail,True,True,False,False
2553,2026-05-25,Polokwane,Limpopo,-23.9045,29.4689,Food Stall,True,False,False,False
2554,2026-05-25,Cape Town,Western Cape,-33.9249,18.4241,Retail,True,True,False,False
2555,2026-05-25,Johannesburg,Gauteng,-26.2041,28.0473,Construction,True,True,False,False
2556,2026-05-26,Johannesburg,Gauteng,-26.2041,28.0473,Retail,True,True,False,False
2557,2026-05-26,Johannesburg,Gauteng,-26.2041,28.0473,Transport,True,True,False,False
2558,2026-05-26,Durban,KwaZulu-Natal,-29.8587,31.0218,Retail,True,True,True,True
2559,2026-05-26,Bloemfontein,Free State,-29.0852,26.1596,Spaza Shop,True,False,False,False
2560,2026-05-26,Johannesburg,Gauteng,-26.2041,28.0473,Catering,True,True,True,True
2561,2026-05-26,Cape Town,Western Cape,-33.9249,18.4241,Transport,True,True,True,True
2562,2026-05-26,Cape Town,Western Cape,-33.9249,18.4241,Construction,True,False,False,False
2563,2026-05-26,Cape Town,Western Cape,-33.9249,18.4241,Transport,True,True,True,False
2564,2026-05-26,Mbombela,Mpumalanga,-25.4753,30.9694,Retail,True,True,True,False
2565,2026-05-26,Polokwane,Limpopo,-23.9045,29.4689,Catering,True,True,False,False
2566,2026-05-26,Polokwane,Limpopo,-23.9045,29.4689,Construction,True,False,False,False
2567,2026-05-27,Johannesburg,Gauteng,-26.2041,28.0473,Food Stall,True,True,False,False
2568,2026-05-27,Durban,KwaZulu-Natal,-29.8587,31.0218,Spaza Shop,True,True,False,False
2569,2026-05-27,Mbombela,Mpumalanga,-25.4753,30.9694,Retail,True,False,False,False
2570,2026-05-27,Johannesburg,Gauteng,-26.2041,28.0473,Transport,True,False,False,False
2571,2026-05-27,Durban,KwaZulu-Natal,-29.8587,31.0218,Food Stall,True,True,True,True
2572,2026-05-27,Johannesburg,Gauteng,-26.2041,28.0473,Tech Services,True,True,True,False
2573,2026-05-27,Johannesburg,Gauteng,-26.2041,28.0473,Transport,True,True,True,True
2574,2026-05-27,Pretoria,Gauteng,-25.7479,28.2293,Food Stall,True,True,False,False
2575,2026-05-27,Mbombela,Mpumalanga,-25.4753,30.9694,Retail,True,True,True,False
2576,2026-05-27,Mbombela,Mpumalanga,-25.4753,30.9694,Spaza Shop,True,False,False,False
2577,2026-05-27,Johannesburg,Gauteng,-26.2041,28.0473,Transport,True,True,True,False
2578,2026-05-27,Mbombela,Mpumalanga,-25.4753,30.9694,Catering,True,True,False,False
2579,2026-05-27,Cape Town,Western Cape,-33.9249,18.4241,Hair Salon,True,False,False,False
2580,2026-05-27,Mbombela,Mpumalanga,-25.4753,30.9694,Construction,True,False,False,False
2581,2026-05-27,Durban,KwaZulu-Natal,-29.8587,31.0218,Tech Services,True,False,False,False
2582,2026-05-27,Durban,KwaZulu-Natal,-29.8587,31.0218,Spaza Shop,True,True,False,False
2583,2026-05-27,Durban,KwaZulu-Natal,-29.8587,31.0218,Food Stall,True,False,False,False
2584,2026-05-27,Pretoria,Gauteng,-25.7479,28.2293,Construction,True,True,False,False
2585,2026-05-27,Pretoria,Gauteng,-25.7479,28.2293,Transport,True,False,False,False
2586,2026-05-27,Pretoria,Gauteng,-25.7479,28.2293,Construction,True,True,False,False
2587,2026-05-27,Cape Town,Western Cape,-33.9249,18.4241,Tech Services,True,False,False,False
2588,2026-05-27,Cape Town,Western Cape,-33.9249,18.4241,Food Stall,True,True,True,False
2589,2026-05-27,Durban,KwaZulu-Natal,-29.8587,31.0218,Catering,True,True,True,False
2590,2026-05-27,Mbombela,Mpumalanga,-25.4753,30.9694,Catering,True,True,False,False
2591,2026-05-27,Durban,KwaZulu-Natal,-29.8587,31.0218,Transport,True,False,False,False
2592,2026-05-27,Pretoria,Gauteng,-25.7479,28.2293,Food Stall,True,True,True,False
2593,2026-05-27,Durban,KwaZulu-Natal,-29.8587,31.0218,Catering,True,False,False,False
2594,2026-05-27,Polokwane,Limpopo,-23.9045,29.4689,Food Stall,True,True,True,True
2595,2026-05-28,Bloemfontein,Free State,-29.0852,26.1596,Catering,True,True,True,False
2596,2026-05-28,Kimberley,Northern Cape,-28.7282,24.7499,Tech Services,True,True,False,False
2597,2026-05-28,Polokwane,Limpopo,-23.9045,29.4689,Construction,True,True,False,False
2598,2026-05-28,Gqeberha,Eastern Cape,-33.9608,25.6022,Transport,True,True,False,False
2599,2026-05-28,Durban,KwaZulu-Natal,-29.8587,31.0218,Spaza Shop,True,True,False,False
2600,2026-05-28,Johannesburg,Gauteng,-26.2041,28.0473,Food Stall,True,False,False,False
2601,2026-05-28,Mbombela,Mpumalanga,-25.4753,30.9694,Tech Services,True,False,False,False
2602,2026-05-28,Pretoria,Gauteng,-25.7479,28.2293,Hair Salon,True,True,True,True
2603,2026-05-28,Johannesburg,Gauteng,-26.2041,28.0473,Food Stall,True,True,False,False
2604,2026-05-28,Cape Town,Western Cape,-33.9249,18.4241,Hair Salon,True,True,True,False
2605,2026-05-28,Pretoria,Gauteng,-25.7479,28.2293,Tech Services,True,True,True,False
2606,2026-05-28,Pretoria,Gauteng,-25.7479,28.2293,Catering,True,True,False,False
2607,2026-05-28,Johannesburg,Gauteng,-26.2041,28.0473,Construction,True,False,False,False
2608,2026-05-28,Cape Town,Western Cape,-33.9249,18.4241,Transport,True,True,False,False
2609,2026-05-28,Johannesburg,Gauteng,-26.2041,28.0473,Food Stall,True,True,True,True
2610,2026-05-28,Pretoria,Gauteng,-25.7479,28.2293,Retail,True,True,False,False
2611,2026-05-28,Kimberley,Northern Cape,-28.7282,24.7499,Construction,True,False,False,False
2612,2026-05-28,Gqeberha,Eastern Cape,-33.9608,25.6022,Catering,True,True,True,False
2613,2026-05-28,Johannesburg,Gauteng,-26.2041,28.0473,Construction,True,False,False,False
2614,2026-05-28,Johannesburg,Gauteng,-26.2041,28.0473,Spaza Shop,True,False,False,False
2615,2026-05-28,Cape Town,Western Cape,-33.9249,18.4241,Tech Services,True,True,False,False
2616,2026-05-28,Gqeberha,Eastern Cape,-33.9608,25.6022,Retail,True,True,False,False
2617,2026-05-28,Mbombela,Mpumalanga,-25.4753,30.9694,Hair Salon,True,False,False,False
2618,2026-05-28,Cape Town,Western Cape,-33.9249,18.4241,Retail,True,True,True,False
2619,2026-05-28,Gqeberha,Eastern Cape,-33.9608,25.6022,Construction,True,True,True,True
2620,2026-05-28,Gqeberha,Eastern Cape,-33.9608,25.6022,Retail,True,True,False,False
2621,2026-05-28,Cape Town,Western Cape,-33.9249,18.4241,Hair Salon,True,False,False,False
2622,2026-05-29,Gqeberha,Eastern Cape,-33.9608,25.6022,Tech Services,True,True,False,False
2623,2026-05-29,Johannesburg,Gauteng,-26.2041,28.0473,Transport,True,False,False,False
2624,2026-05-29,Johannesburg,Gauteng,-26.2041,28.0473,Spaza Shop,True,True,False,False
2625,2026-05-29,Mbombela,Mpumalanga,-25.4753,30.9694,Construction,True,False,False,False
2626,2026-05-29,Johannesburg,Gauteng,-26.2041,28.0473,Construction,True,True,False,False
2627,2026-05-29,Pretoria,Gauteng,-25.7479,28.2293,Food Stall,True,True,False,False
2628,2026-05-29,Pretoria,Gauteng,-25.7479,28.2293,Construction,True,True,False,False
2629,2026-05-29,Johannesburg,Gauteng,-26.2041,28.0473,Construction,True,True,False,False
2630,2026-05-29,Gqeberha,Eastern Cape,-33.9608,25.6022,Tech Services,True,True,False,False
2631,2026-05-29,Durban,KwaZulu-Natal,-29.8587,31.0218,Catering,True,True,True,False
2632,2026-05-29,Polokwane,Limpopo,-23.9045,29.4689,Retail,True,False,False,False
2633,2026-05-29,Gqeberha,Eastern Cape,-33.9608,25.6022,Transport,True,True,False,False
2634,2026-05-29,Durban,KwaZulu-Natal,-29.8587,31.0218,Retail,True,True,True,False
2635,2026-05-29,Cape Town,Western Cape,-33.9249,18.4241,Catering,True,True,True,True
2636,2026-05-29,Cape Town,Western Cape,-33.9249,18.4241,Catering,True,True,True,False
2637,2026-05-29,Bloemfontein,Free State,-29.0852,26.1596,Food Stall,True,True,False,False
2638,2026-05-29,Durban,KwaZulu-Natal,-29.8587,31.0218,Spaza Shop,True,False,False,False
2639,2026-05-29,Pretoria,Gauteng,-25.7479,28.2293,Tech Services,True,True,False,False
2640,2026-05-29,Johannesburg,Gauteng,-26.2041,28.0473,Retail,True,False,False,False
2641,2026-05-29,Gqeberha,Eastern Cape,-33.9608,25.6022,Tech Services,True,True,False,False
2642,2026-05-29,Cape Town,Western Cape,-33.9249,18.4241,Retail,True,False,False,False
2643,2026-05-29,Cape Town,Western Cape,-33.9249,18.4241,Spaza Shop,True,True,False,False
2644,2026-05-29,Pretoria,Gauteng,-25.7479,28.2293,Catering,True,True,False,False
2645,2026-05-30,Durban,KwaZulu-Natal,-29.8587,31.0218,Hair Salon,True,False,False,False
2646,2026-05-30,Mbombela,Mpumalanga,-25.4753,30.9694,Spaza Shop,True,True,True,False
2647,2026-05-30,Mbombela,Mpumalanga,-25.4753,30.9694,Transport,True,True,True,False
2648,2026-05-30,Mbombela,Mpumalanga,-25.4753,30.9694,Hair Salon,True,False,False,False
2649,2026-05-30,Durban,KwaZulu-Natal,-29.8587,31.0218,Catering,True,True,True,True
2650,2026-05-30,East London,Eastern Cape,-33.0153,27.9116,Retail,True,True,False,False
2651,2026-05-30,East London,Eastern Cape,-33.0153,27.9116,Transport,True,False,False,False
2652,2026-05-30,Cape Town,Western Cape,-33.9249,18.4241,Spaza Shop,True,True,True,True
2653,2026-05-30,Bloemfontein,Free State,-29.0852,26.1596,Food Stall,True,True,False,False
2654,2026-05-30,Johannesburg,Gauteng,-26.2041,28.0473,Construction,True,True,True,False
2655,2026-05-30,Johannesburg,Gauteng,-26.2041,28.0473,Tech Services,True,False,False,False
2656,2026-05-30,Durban,KwaZulu-Natal,-29.8587,31.0218,Retail,True,True,False,False
2657,2026-05-30,Polokwane,Limpopo,-23.9045,29.4689,Tech Services,True,True,False,False
2658,2026-05-30,Johannesburg,Gauteng,-26.2041,28.0473,Catering,True,False,False,False
2659,2026-05-30,Johannesburg,Gauteng,-26.2041,28.0473,Retail,True,True,True,False
2660,2026-05-30,Bloemfontein,Free State,-29.0852,26.1596,Retail,True,True,False,False
2661,2026-05-30,Pretoria,Gauteng,-25.7479,28.2293,Food Stall,True,True,True,False
2662,2026-05-31,Cape Town,Western Cape,-33.9249,18.4241,Retail,True,True,True,True
2663,2026-05-31,Cape Town,Western Cape,-33.9249,18.4241,Construction,True,False,False,False
2664,2026-05-31,Cape Town,Western Cape,-33.9249,18.4241,Tech Services,True,False,False,False
2665,2026-05-31,Mbombela,Mpumalanga,-25.4753,30.9694,Hair Salon,True,False,False,False
2666,2026-05-31,Cape Town,Western Cape,-33.9249,18.4241,Food Stall,True,True,True,False
2667,2026-05-31,Cape Town,Western Cape,-33.9249,18.4241,Transport,True,True,False,False
2668,2026-05-31,Johannesburg,Gauteng,-26.2041,28.0473,Construction,True,True,True,False
2669,2026-05-31,Polokwane,Limpopo,-23.9045,29.4689,Food Stall,True,True,True,True
2670,2026-05-31,Durban,KwaZulu-Natal,-29.8587,31.0218,Construction,True,False,False,False
2671,2026-05-31,Johannesburg,Gauteng,-26.2041,28.0473,Catering,True,True,True,False
2672,2026-05-31,Johannesburg,Gauteng,-26.2041,28.0473,Spaza Shop,True,True,False,False
2673,2026-05-31,Pretoria,Gauteng,-25.7479,28.2293,Food Stall,True,True,False,False
2674,2026-05-31,Durban,KwaZulu-Natal,-29.8587,31.0218,Transport,True,True,False,False
2675,2026-05-31,Cape Town,Western Cape,-33.9249,18.4241,Hair Salon,True,True,False,False
2676,2026-05-31,Mbombela,Mpumalanga,-25.4753,30.9694,Spaza Shop,True,True,True,True
2677,2026-05-31,Johannesburg,Gauteng,-26.2041,28.0473,Catering,True,False,False,False
2678,2026-05-31,Johannesburg,Gauteng,-26.2041,28.0473,Hair Salon,True,False,False,False
2679,2026-05-31,Johannesburg,Gauteng,-26.2041,28.0473,Food Stall,True,True,True,False
2680,2026-06-01,Johannesburg,Gauteng,-26.2041,28.0473,Tech Services,True,False,False,False
2681,2026-06-01,Cape Town,Western Cape,-33.9249,18.4241,Retail,True,True,True,True
2682,2026-06-01,Durban,KwaZulu-Natal,-29.8587,31.0218,Catering,True,True,True,False
2683,2026-06-01,Pretoria,Gauteng,-25.7479,28.2293,Transport,True,False,False,False
2684,2026-06-01,Cape Town,Western Cape,-33.9249,18.4241,Catering,True,True,True,False
2685,2026-06-01,Johannesburg,Gauteng,-26.2041,28.0473,Food Stall,True,False,False,False
2686,2026-06-01,Johannesburg,Gauteng,-26.2041,28.0473,Spaza Shop,True,True,True,True
2687,2026-06-01,Pretoria,Gauteng,-25.7479,28.2293,Food Stall,True,True,False,False
2688,2026-06-01,Pretoria,Gauteng,-25.7479,28.2293,Transport,True,True,True,True
2689,2026-06-01,Durban,KwaZulu-Natal,-29.8587,31.0218,Transport,True,False,False,False
2690,2026-06-01,Durban,KwaZulu-Natal,-29.8587,31.0218,Retail,True,False,False,False
2691,2026-06-01,Pretoria,Gauteng,-25.7479,28.2293,Tech Services,True,False,False,False
2692,2026-06-01,Durban,KwaZulu-Natal,-29.8587,31.0218,Tech Services,True,True,False,False
2693,2026-06-01,Mbombela,Mpumalanga,-25.4753,30.9694,Construction,True,True,False,False
2694,2026-06-01,Johannesburg,Gauteng,-26.2041,28.0473,Retail,True,True,False,False
2695,2026-06-01,Johannesburg,Gauteng,-26.2041,28.0473,Tech Services,True,True,True,False
2696,2026-06-01,Pretoria,Gauteng,-25.7479,28.2293,Retail,True,False,False,False
2697,2026-06-01,Kimberley,Northern Cape,-28.7282,24.7499,Food Stall,True,False,False,False
2698,2026-06-02,Johannesburg,Gauteng,-26.2041,28.0473,Catering,True,True,True,True
2699,2026-06-02,Johannesburg,Gauteng,-26.2041,28.0473,Spaza Shop,True,True,True,True
2700,2026-06-02,Johannesburg,Gauteng,-26.2041,28.0473,Tech Services,True,False,False,False
2701,2026-06-02,Gqeberha,Eastern Cape,-33.9608,25.6022,Hair Salon,True,True,False,False
2702,2026-06-02,Pretoria,Gauteng,-25.7479,28.2293,Food Stall,True,True,False,False
2703,2026-06-02,Cape Town,Western Cape,-33.9249,18.4241,Transport,True,False,False,False
2704,2026-06-02,Durban,KwaZulu-Natal,-29.8587,31.0218,Construction,True,False,False,False
2705,2026-06-02,Mbombela,Mpumalanga,-25.4753,30.9694,Retail,True,False,False,False
2706,2026-06-02,Gqeberha,Eastern Cape,-33.9608,25.6022,Food Stall,True,False,False,False
2707,2026-06-02,Cape Town,Western Cape,-33.9249,18.4241,Hair Salon,True,False,False,False
2708,2026-06-02,Durban,KwaZulu-Natal,-29.8587,31.0218,Transport,True,True,True,True
2709,2026-06-02,Polokwane,Limpopo,-23.9045,29.4689,Transport,True,False,False,False
2710,2026-06-02,Gqeberha,Eastern Cape,-33.9608,25.6022,Construction,True,True,False,False
2711,2026-06-02,Cape Town,Western Cape,-33.9249,18.4241,Spaza Shop,True,True,False,False
2712,2026-06-02,Johannesburg,Gauteng,-26.2041,28.0473,Transport,True,True,True,False
2713,2026-06-02,Johannesburg,Gauteng,-26.2041,28.0473,Retail,True,True,True,False
2714,2026-06-02,Johannesburg,Gauteng,-26.2041,28.0473,Retail,True,True,True,True
2715,2026-06-02,Pretoria,Gauteng,-25.7479,28.2293,Spaza Shop,True,True,False,False
2716,2026-06-02,Polokwane,Limpopo,-23.9045,29.4689,Food Stall,True,False,False,False
2717,2026-06-02,Cape Town,Western Cape,-33.9249,18.4241,Hair Salon,True,True,False,False
2718,2026-06-02,Johannesburg,Gauteng,-26.2041,28.0473,Catering,True,True,False,False
2719,2026-06-02,Gqeberha,Eastern Cape,-33.9608,25.6022,Hair Salon,True,True,False,False
2720,2026-06-02,Cape Town,Western Cape,-33.9249,18.4241,Spaza Shop,True,False,False,False
2721,2026-06-02,Cape Town,Western Cape,-33.9249,18.4241,Retail,True,True,True,False
2722,2026-06-02,Kimberley,Northern Cape,-28.7282,24.7499,Spaza Shop,True,True,False,False
2723,2026-06-02,Pretoria,Gauteng,-25.7479,28.2293,Catering,True,True,False,False
2724,2026-06-02,Polokwane,Limpopo,-23.9045,29.4689,Spaza Shop,True,True,False,False
2725,2026-06-02,Mbombela,Mpumalanga,-25.4753,30.9694,Spaza Shop,True,True,False,False
2726,2026-06-02,Johannesburg,Gauteng,-26.2041,28.0473,Catering,True,False,False,False
2727,2026-06-03,Gqeberha,Eastern Cape,-33.9608,25.6022,Retail,True,True,False,False
2728,2026-06-03,Durban,KwaZulu-Natal,-29.8587,31.0218,Tech Services,True,False,False,False
2729,2026-06-03,Johannesburg,Gauteng,-26.2041,28.0473,Spaza Shop,True,False,False,False
2730,2026-06-03,Pretoria,Gauteng,-25.7479,28.2293,Hair Salon,True,True,True,False
2731,2026-06-03,Durban,KwaZulu-Natal,-29.8587,31.0218,Hair Salon,True,True,True,True
2732,2026-06-03,Johannesburg,Gauteng,-26.2041,28.0473,Catering,True,True,False,False
2733,2026-06-03,Bloemfontein,Free State,-29.0852,26.1596,Construction,True,True,True,True
2734,2026-06-03,Pretoria,Gauteng,-25.7479,28.2293,Construction,True,False,False,False
2735,2026-06-03,Bloemfontein,Free State,-29.0852,26.1596,Retail,True,False,False,False
2736,2026-06-03,Johannesburg,Gauteng,-26.2041,28.0473,Catering,True,False,False,False
2737,2026-06-03,Pretoria,Gauteng,-25.7479,28.2293,Retail,True,True,True,False
2738,2026-06-03,Polokwane,Limpopo,-23.9045,29.4689,Retail,True,True,True,False
2739,2026-06-03,Johannesburg,Gauteng,-26.2041,28.0473,Food Stall,True,True,True,False
2740,2026-06-03,East London,Eastern Cape,-33.0153,27.9116,Catering,True,False,False,False
2741,2026-06-03,Johannesburg,Gauteng,-26.2041,28.0473,Tech Services,True,False,False,False
2742,2026-06-03,Johannesburg,Gauteng,-26.2041,28.0473,Tech Services,True,True,False,False
2743,2026-06-03,Cape Town,Western Cape,-33.9249,18.4241,Retail,True,False,False,False
2744,2026-06-03,Johannesburg,Gauteng,-26.2041,28.0473,Retail,True,True,False,False
2745,2026-06-03,Johannesburg,Gauteng,-26.2041,28.0473,Retail,True,False,False,False
2746,2026-06-03,Pretoria,Gauteng,-25.7479,28.2293,Catering,True,True,False,False
2747,2026-06-03,Cape Town,Western Cape,-33.9249,18.4241,Spaza Shop,True,True,True,False
2748,2026-06-03,Pretoria,Gauteng,-25.7479,28.2293,Catering,True,True,True,False
2749,2026-06-03,Cape Town,Western Cape,-33.9249,18.4241,Hair Salon,True,True,False,False
2750,2026-06-03,Johannesburg,Gauteng,-26.2041,28.0473,Spaza Shop,True,True,True,False
2751,2026-06-03,Cape Town,Western Cape,-33.9249,18.4241,Tech Services,True,True,False,False
2752,2026-06-03,Gqeberha,Eastern Cape,-33.9608,25.6022,Transport,True,True,True,False
2753,2026-06-04,Cape Town,Western Cape,-33.9249,18.4241,Construction,True,True,True,False
2754,2026-06-04,Bloemfontein,Free State,-29.0852,26.1596,Hair Salon,True,False,False,False
2755,2026-06-04,Cape Town,Western Cape,-33.9249,18.4241,Tech Services,True,False,False,False
2756,2026-06-04,Durban,KwaZulu-Natal,-29.8587,31.0218,Construction,True,True,True,True
2757,2026-06-04,Mbombela,Mpumalanga,-25.4753,30.9694,Spaza Shop,True,True,True,False
2758,2026-06-04,Kimberley,Northern Cape,-28.7282,24.7499,Transport,True,True,False,False
2759,2026-06-04,Cape Town,Western Cape,-33.9249,18.4241,Catering,True,True,True,True
2760,2026-06-04,Pretoria,Gauteng,-25.7479,28.2293,Hair Salon,True,True,True,True
2761,2026-06-04,Gqeberha,Eastern Cape,-33.9608,25.6022,Transport,True,True,False,False
2762,2026-06-04,Johannesburg,Gauteng,-26.2041,28.0473,Tech Services,True,True,True,False
2763,2026-06-04,Gqeberha,Eastern Cape,-33.9608,25.6022,Tech Services,True,False,False,False
2764,2026-06-04,East London,Eastern Cape,-33.0153,27.9116,Hair Salon,True,False,False,False
2765,2026-06-04,Cape Town,Western Cape,-33.9249,18.4241,Tech Services,True,True,False,False
2766,2026-06-04,Bloemfontein,Free State,-29.0852,26.1596,Tech Services,True,False,False,False
2767,2026-06-04,Durban,KwaZulu-Natal,-29.8587,31.0218,Spaza Shop,True,True,True,False
2768,2026-06-04,Pretoria,Gauteng,-25.7479,28.2293,Transport,True,True,False,False
2769,2026-06-04,Cape Town,Western Cape,-33.9249,18.4241,Tech Services,True,True,True,False
2770,2026-06-04,Mbombela,Mpumalanga,-25.4753,30.9694,Catering,True,False,False,False
2771,2026-06-04,Cape Town,Western Cape,-33.9249,18.4241,Tech Services,True,True,True,True
2772,2026-06-04,Durban,KwaZulu-Natal,-29.8587,31.0218,Food Stall,True,True,True,False
2773,2026-06-04,Johannesburg,Gauteng,-26.2041,28.0473,Tech Services,True,False,False,False
2774,2026-06-04,Johannesburg,Gauteng,-26.2041,28.0473,Hair Salon,True,True,False,False
2775,2026-06-05,Cape Town,Western Cape,-33.9249,18.4241,Hair Salon,True,True,False,False
2776,2026-06-05,Durban,KwaZulu-Natal,-29.8587,31.0218,Catering,True,True,False,False
2777,2026-06-05,Pretoria,Gauteng,-25.7479,28.2293,Food Stall,True,True,True,False
2778,2026-06-05,Durban,KwaZulu-Natal,-29.8587,31.0218,Tech Services,True,False,False,False
2779,2026-06-05,Bloemfontein,Free State,-29.0852,26.1596,Food Stall,True,True,True,False
2780,2026-06-05,Cape Town,Western Cape,-33.9249,18.4241,Transport,True,False,False,False
2781,2026-06-05,Polokwane,Limpopo,-23.9045,29.4689,Hair Salon,True,False,False,False
2782,2026-06-05,Bloemfontein,Free State,-29.0852,26.1596,Tech Services,True,False,False,False
2783,2026-06-05,Polokwane,Limpopo,-23.9045,29.4689,Retail,True,True,True,False
2784,2026-06-05,Johannesburg,Gauteng,-26.2041,28.0473,Food Stall,True,False,False,False
2785,2026-06-05,Cape Town,Western Cape,-33.9249,18.4241,Food Stall,True,True,True,False
2786,2026-06-05,Cape Town,Western Cape,-33.9249,18.4241,Transport,True,False,False,False
2787,2026-06-05,Pretoria,Gauteng,-25.7479,28.2293,Retail,True,True,True,False
2788,2026-06-05,Johannesburg,Gauteng,-26.2041,28.0473,Spaza Shop,True,True,True,True
2789,2026-06-05,Durban,KwaZulu-Natal,-29.8587,31.0218,Construction,True,True,True,False
2790,2026-06-05,Johannesburg,Gauteng,-26.2041,28.0473,Food Stall,True,True,True,True
2791,2026-06-05,Cape Town,Western Cape,-33.9249,18.4241,Construction,True,True,False,False
2792,2026-06-05,Mbombela,Mpumalanga,-25.4753,30.9694,Food Stall,True,False,False,False
2793,2026-06-05,Johannesburg,Gauteng,-26.2041,28.0473,Hair Salon,True,True,True,False
2794,2026-06-06,Cape Town,Western Cape,-33.9249,18.4241,Hair Salon,True,False,False,False
2795,2026-06-06,Pretoria,Gauteng,-25.7479,28.2293,Catering,True,True,True,False
2796,2026-06-06,Mbombela,Mpumalanga,-25.4753,30.9694,Hair Salon,True,True,False,False
2797,2026-06-06,East London,Eastern Cape,-33.0153,27.9116,Retail,True,True,True,True
2798,2026-06-06,Kimberley,Northern Cape,-28.7282,24.7499,Construction,True,False,False,False
2799,2026-06-06,Gqeberha,Eastern Cape,-33.9608,25.6022,Construction,True,True,False,False
2800,2026-06-06,Bloemfontein,Free State,-29.0852,26.1596,Catering,True,True,False,False
2801,2026-06-06,Pretoria,Gauteng,-25.7479,28.2293,Catering,True,True,False,False
2802,2026-06-06,Gqeberha,Eastern Cape,-33.9608,25.6022,Tech Services,True,True,True,True
2803,2026-06-06,Durban,KwaZulu-Natal,-29.8587,31.0218,Transport,True,True,False,False
2804,2026-06-06,Johannesburg,Gauteng,-26.2041,28.0473,Construction,True,True,False,False
2805,2026-06-06,Johannesburg,Gauteng,-26.2041,28.0473,Food Stall,True,True,False,False
2806,2026-06-06,Durban,KwaZulu-Natal,-29.8587,31.0218,Spaza Shop,True,True,True,False
2807,2026-06-06,Cape Town,Western Cape,-33.9249,18.4241,Catering,True,True,False,False
2808,2026-06-06,Cape Town,Western Cape,-33.9249,18.4241,Construction,True,False,False,False
2809,2026-06-06,Durban,KwaZulu-Natal,-29.8587,31.0218,Hair Salon,True,True,True,False
2810,2026-06-06,Durban,KwaZulu-Natal,-29.8587,31.0218,Transport,True,True,True,True
2811,2026-06-06,Pretoria,Gauteng,-25.7479,28.2293,Food Stall,True,False,False,False
2812,2026-06-06,Gqeberha,Eastern Cape,-33.9608,25.6022,Catering,True,True,False,False
2813,2026-06-06,Durban,KwaZulu-Natal,-29.8587,31.0218,Retail,True,True,True,False
2814,2026-06-07,Durban,KwaZulu-Natal,-29.8587,31.0218,Catering,True,True,True,False
2815,2026-06-07,Cape Town,Western Cape,-33.9249,18.4241,Hair Salon,True,False,False,False
2816,2026-06-07,Johannesburg,Gauteng,-26.2041,28.0473,Retail,True,True,False,False
2817,2026-06-07,Johannesburg,Gauteng,-26.2041,28.0473,Tech Services,True,True,False,False
2818,2026-06-07,Durban,KwaZulu-Natal,-29.8587,31.0218,Retail,True,True,True,False
2819,2026-06-07,Pretoria,Gauteng,-25.7479,28.2293,Transport,True,True,True,False
2820,2026-06-07,Cape Town,Western Cape,-33.9249,18.4241,Food Stall,True,True,True,True
2821,2026-06-07,Pretoria,Gauteng,-25.7479,28.2293,Catering,True,False,False,False
2822,2026-06-07,Mbombela,Mpumalanga,-25.4753,30.9694,Transport,True,True,True,False
2823,2026-06-07,Bloemfontein,Free State,-29.0852,26.1596,Hair Salon,True,False,False,False
2824,2026-06-07,Cape Town,Western Cape,-33.9249,18.4241,Tech Services,True,True,False,False
2825,2026-06-07,Johannesburg,Gauteng,-26.2041,28.0473,Hair Salon,True,True,True,False
2826,2026-06-07,Durban,KwaZulu-Natal,-29.8587,31.0218,Spaza Shop,True,False,False,False
2827,2026-06-07,Pretoria,Gauteng,-25.7479,28.2293,Food Stall,True,True,False,False
2828,2026-06-07,Gqeberha,Eastern Cape,-33.9608,25.6022,Spaza Shop,True,False,False,False
2829,2026-06-07,Bloemfontein,Free State,-29.0852,26.1596,Tech Services,True,False,False,False
2830,2026-06-07,Durban,KwaZulu-Natal,-29.8587,31.0218,Catering,True,False,False,False
2831,2026-06-07,Cape Town,Western Cape,-33.9249,18.4241,Construction,True,True,True,False
2832,2026-06-07,Pretoria,Gauteng,-25.7479,28.2293,Construction,True,True,False,False
2833,2026-06-07,Durban,KwaZulu-Natal,-29.8587,31.0218,Food Stall,True,True,False,False
2834,2026-06-07,Kimberley,Northern Cape,-28.7282,24.7499,Food Stall,True,False,False,False
2835,2026-06-07,Cape Town,Western Cape,-33.9249,18.4241,Transport,True,True,False,False
2836,2026-06-07,Polokwane,Limpopo,-23.9045,29.4689,Construction,True,False,False,False
2837,2026-06-07,Cape Town,Western Cape,-33.9249,18.4241,Spaza Shop,True,False,False,False
2838,2026-06-07,Bloemfontein,Free State,-29.0852,26.1596,Tech Services,True,False,False,False
2839,2026-06-07,Polokwane,Limpopo,-23.9045,29.4689,Tech Services,True,False,False,False
2840,2026-06-07,Johannesburg,Gauteng,-26.2041,28.0473,Hair Salon,True,True,True,False
2841,2026-06-07,Gqeberha,Eastern Cape,-33.9608,25.6022,Spaza Shop,True,True,False,False
2842,2026-06-07,Cape Town,Western Cape,-33.9249,18.4241,Spaza Shop,True,False,False,False
2843,2026-06-07,Pretoria,Gauteng,-25.7479,28.2293,Spaza Shop,True,True,False,False
2844,2026-06-07,Cape Town,Western Cape,-33.9249,18.4241,Tech Services,True,True,True,False
2845,2026-06-08,Bloemfontein,Free State,-29.0852,26.1596,Hair Salon,True,True,False,False
2846,2026-06-08,Gqeberha,Eastern Cape,-33.9608,25.6022,Catering,True,True,False,False
2847,2026-06-08,Mbombela,Mpumalanga,-25.4753,30.9694,Construction,True,False,False,False
2848,2026-06-08,Pretoria,Gauteng,-25.7479,28.2293,Food Stall,True,True,False,False
2849,2026-06-08,Polokwane,Limpopo,-23.9045,29.4689,Retail,True,True,True,True
2850,2026-06-08,Gqeberha,Eastern Cape,-33.9608,25.6022,Retail,True,True,False,False
2851,2026-06-08,Durban,KwaZulu-Natal,-29.8587,31.0218,Catering,True,True,False,False
2852,2026-06-08,Durban,KwaZulu-Natal,-29.8587,31.0218,Transport,True,True,False,False
2853,2026-06-08,Gqeberha,Eastern Cape,-33.9608,25.6022,Retail,True,True,False,False
2854,2026-06-08,Cape Town,Western Cape,-33.9249,18.4241,Catering,True,True,True,False
2855,2026-06-08,Johannesburg,Gauteng,-26.2041,28.0473,Spaza Shop,True,True,True,False
2856,2026-06-08,Polokwane,Limpopo,-23.9045,29.4689,Transport,True,True,True,True
2857,2026-06-08,Gqeberha,Eastern Cape,-33.9608,25.6022,Tech Services,True,False,False,False
2858,2026-06-08,Cape Town,Western Cape,-33.9249,18.4241,Transport,True,False,False,False
2859,2026-06-08,Durban,KwaZulu-Natal,-29.8587,31.0218,Transport,True,True,False,False
2860,2026-06-08,Cape Town,Western Cape,-33.9249,18.4241,Catering,True,False,False,False
2861,2026-06-08,Polokwane,Limpopo,-23.9045,29.4689,Tech Services,True,True,False,False
2862,2026-06-08,Johannesburg,Gauteng,-26.2041,28.0473,Transport,True,False,False,False
2863,2026-06-08,Pretoria,Gauteng,-25.7479,28.2293,Hair Salon,True,True,True,False
2864,2026-06-09,Durban,KwaZulu-Natal,-29.8587,31.0218,Spaza Shop,True,True,False,False
2865,2026-06-09,East London,Eastern Cape,-33.0153,27.9116,Construction,True,False,False,False
2866,2026-06-09,Bloemfontein,Free State,-29.0852,26.1596,Transport,True,True,True,False
2867,2026-06-09,Cape Town,Western Cape,-33.9249,18.4241,Hair Salon,True,True,False,False
2868,2026-06-09,Kimberley,Northern Cape,-28.7282,24.7499,Construction,True,True,False,False
2869,2026-06-09,Pretoria,Gauteng,-25.7479,28.2293,Catering,True,False,False,False
2870,2026-06-09,Gqeberha,Eastern Cape,-33.9608,25.6022,Construction,True,False,False,False
2871,2026-06-09,Pretoria,Gauteng,-25.7479,28.2293,Catering,True,False,False,False
2872,2026-06-09,Johannesburg,Gauteng,-26.2041,28.0473,Hair Salon,True,True,False,False
2873,2026-06-09,Bloemfontein,Free State,-29.0852,26.1596,Hair Salon,True,False,False,False
2874,2026-06-09,Polokwane,Limpopo,-23.9045,29.4689,Construction,True,True,True,True
2875,2026-06-09,Durban,KwaZulu-Natal,-29.8587,31.0218,Spaza Shop,True,True,False,False
2876,2026-06-09,Pretoria,Gauteng,-25.7479,28.2293,Hair Salon,True,True,True,True
2877,2026-06-09,Cape Town,Western Cape,-33.9249,18.4241,Food Stall,True,True,False,False
2878,2026-06-09,Pretoria,Gauteng,-25.7479,28.2293,Food Stall,True,True,True,False
2879,2026-06-09,Bloemfontein,Free State,-29.0852,26.1596,Food Stall,True,True,False,False
2880,2026-06-09,Kimberley,Northern Cape,-28.7282,24.7499,Retail,True,True,False,False
2881,2026-06-09,Cape Town,Western Cape,-33.9249,18.4241,Retail,True,True,True,False
2882,2026-06-09,Pretoria,Gauteng,-25.7479,28.2293,Retail,True,True,True,False
2883,2026-06-09,Durban,KwaZulu-Natal,-29.8587,31.0218,Catering,True,True,False,False
2884,2026-06-09,Cape Town,Western Cape,-33.9249,18.4241,Food Stall,True,True,False,False
2885,2026-06-09,Cape Town,Western Cape,-33.9249,18.4241,Retail,True,True,False,False
2886,2026-06-09,Johannesburg,Gauteng,-26.2041,28.0473,Transport,True,False,False,False
2887,2026-06-09,Durban,KwaZulu-Natal,-29.8587,31.0218,Construction,True,True,True,False
2888,2026-06-09,Johannesburg,Gauteng,-26.2041,28.0473,Hair Salon,True,True,True,False
2889,2026-06-09,Gqeberha,Eastern Cape,-33.9608,25.6022,Construction,True,False,False,False
2890,2026-06-09,Durban,KwaZulu-Natal,-29.8587,31.0218,Catering,True,True,True,False
2891,2026-06-09,Polokwane,Limpopo,-23.9045,29.4689,Catering,True,False,False,False
2892,2026-06-09,Pretoria,Gauteng,-25.7479,28.2293,Tech Services,True,True,True,False
2893,2026-06-09,Bloemfontein,Free State,-29.0852,26.1596,Food Stall,True,True,False,False
2894,2026-06-09,Mbombela,Mpumalanga,-25.4753,30.9694,Transport,True,False,False,False
2895,2026-06-09,Johannesburg,Gauteng,-26.2041,28.0473,Food Stall,True,True,True,False
2896,2026-06-09,Pretoria,Gauteng,-25.7479,28.2293,Spaza Shop,True,True,False,False
2897,2026-06-09,Bloemfontein,Free State,-29.0852,26.1596,Transport,True,True,False,False
2898,2026-06-09,Durban,KwaZulu-Natal,-29.8587,31.0218,Retail,True,True,False,False
2899,2026-06-10,Johannesburg,Gauteng,-26.2041,28.0473,Construction,True,False,False,False
2900,2026-06-10,Durban,KwaZulu-Natal,-29.8587,31.0218,Spaza Shop,True,True,False,False
2901,2026-06-10,Pretoria,Gauteng,-25.7479,28.2293,Transport,True,False,False,False
2902,2026-06-10,Durban,KwaZulu-Natal,-29.8587,31.0218,Construction,True,False,False,False
2903,2026-06-10,Durban,KwaZulu-Natal,-29.8587,31.0218,Catering,True,True,True,True
2904,2026-06-10,Pretoria,Gauteng,-25.7479,28.2293,Food Stall,True,True,False,False
2905,2026-06-10,Mbombela,Mpumalanga,-25.4753,30.9694,Tech Services,True,False,False,False
2906,2026-06-10,Gqeberha,Eastern Cape,-33.9608,25.6022,Food Stall,True,False,False,False
2907,2026-06-10,Pretoria,Gauteng,-25.7479,28.2293,Tech Services,True,False,False,False
2908,2026-06-10,Johannesburg,Gauteng,-26.2041,28.0473,Food Stall,True,True,True,False
2909,2026-06-10,Mbombela,Mpumalanga,-25.4753,30.9694,Transport,True,True,True,False
2910,2026-06-10,Kimberley,Northern Cape,-28.7282,24.7499,Catering,True,False,False,False
2911,2026-06-10,Polokwane,Limpopo,-23.9045,29.4689,Hair Salon,True,True,False,False
2912,2026-06-10,Cape Town,Western Cape,-33.9249,18.4241,Retail,True,True,False,False
2913,2026-06-10,Durban,KwaZulu-Natal,-29.8587,31.0218,Spaza Shop,True,False,False,False
2914,2026-06-10,Johannesburg,Gauteng,-26.2041,28.0473,Transport,True,False,False,False
2915,2026-06-10,Mbombela,Mpumalanga,-25.4753,30.9694,Construction,True,True,False,False
2916,2026-06-10,Johannesburg,Gauteng,-26.2041,28.0473,Retail,True,True,True,True
2917,2026-06-10,Pretoria,Gauteng,-25.7479,28.2293,Spaza Shop,True,False,False,False
2918,2026-06-10,Johannesburg,Gauteng,-26.2041,28.0473,Spaza Shop,True,True,True,False
2919,2026-06-10,East London,Eastern Cape,-33.0153,27.9116,Transport,True,True,False,False
2920,2026-06-10,Johannesburg,Gauteng,-26.2041,28.0473,Transport,True,True,True,False
2921,2026-06-10,Bloemfontein,Free State,-29.0852,26.1596,Hair Salon,True,True,False,False
2922,2026-06-11,Gqeberha,Eastern Cape,-33.9608,25.6022,Hair Salon,True,True,False,False
2923,2026-06-11,Durban,KwaZulu-Natal,-29.8587,31.0218,Hair Salon,True,False,False,False
2924,2026-06-11,Durban,KwaZulu-Natal,-29.8587,31.0218,Construction,True,True,False,False
2925,2026-06-11,Bloemfontein,Free State,-29.0852,26.1596,Tech Services,True,False,False,False
2926,2026-06-11,East London,Eastern Cape,-33.0153,27.9116,Catering,True,True,False,False
2927,2026-06-11,Durban,KwaZulu-Natal,-29.8587,31.0218,Transport,True,True,False,False
2928,2026-06-11,Cape Town,Western Cape,-33.9249,18.4241,Tech Services,True,False,False,False
2929,2026-06-11,Polokwane,Limpopo,-23.9045,29.4689,Tech Services,True,True,True,False
2930,2026-06-11,Johannesburg,Gauteng,-26.2041,28.0473,Construction,True,True,True,True
2931,2026-06-11,Durban,KwaZulu-Natal,-29.8587,31.0218,Food Stall,True,False,False,False
2932,2026-06-11,Durban,KwaZulu-Natal,-29.8587,31.0218,Transport,True,True,False,False
2933,2026-06-11,Polokwane,Limpopo,-23.9045,29.4689,Catering,True,False,False,False
2934,2026-06-11,Johannesburg,Gauteng,-26.2041,28.0473,Spaza Shop,True,True,True,True
2935,2026-06-11,Bloemfontein,Free State,-29.0852,26.1596,Transport,True,True,False,False
2936,2026-06-11,Polokwane,Limpopo,-23.9045,29.4689,Construction,True,False,False,False
2937,2026-06-11,Johannesburg,Gauteng,-26.2041,28.0473,Construction,True,True,False,False
2938,2026-06-11,Mbombela,Mpumalanga,-25.4753,30.9694,Food Stall,True,True,True,True
2939,2026-06-12,Johannesburg,Gauteng,-26.2041,28.0473,Spaza Shop,True,False,False,False
2940,2026-06-12,Cape Town,Western Cape,-33.9249,18.4241,Construction,True,False,False,False
2941,2026-06-12,Cape Town,Western Cape,-33.9249,18.4241,Tech Services,True,True,True,True
2942,2026-06-12,Durban,KwaZulu-Natal,-29.8587,31.0218,Hair Salon,True,True,False,False
2943,2026-06-12,Johannesburg,Gauteng,-26.2041,28.0473,Transport,True,True,False,False
2944,2026-06-12,Bloemfontein,Free State,-29.0852,26.1596,Transport,True,True,True,False
2945,2026-06-12,Cape Town,Western Cape,-33.9249,18.4241,Spaza Shop,True,True,False,False
2946,2026-06-12,Johannesburg,Gauteng,-26.2041,28.0473,Tech Services,True,False,False,False
2947,2026-06-12,Mbombela,Mpumalanga,-25.4753,30.9694,Hair Salon,True,True,True,True
2948,2026-06-12,Cape Town,Western Cape,-33.9249,18.4241,Retail,True,False,False,False
2949,2026-06-12,Pretoria,Gauteng,-25.7479,28.2293,Tech Services,True,False,False,False
2950,2026-06-12,Polokwane,Limpopo,-23.9045,29.4689,Transport,True,True,False,False
2951,2026-06-12,Johannesburg,Gauteng,-26.2041,28.0473,Catering,True,False,False,False
2952,2026-06-12,Durban,KwaZulu-Natal,-29.8587,31.0218,Spaza Shop,True,True,True,False
2953,2026-06-12,Johannesburg,Gauteng,-26.2041,28.0473,Retail,True,False,False,False
2954,2026-06-12,Cape Town,Western Cape,-33.9249,18.4241,Catering,True,True,True,True
2955,2026-06-12,Bloemfontein,Free State,-29.0852,26.1596,Catering,True,False,False,False
2956,2026-06-12,Cape Town,Western Cape,-33.9249,18.4241,Catering,True,False,False,False
2957,2026-06-12,Johannesburg,Gauteng,-26.2041,28.0473,Retail,True,True,True,True
2958,2026-06-12,Durban,KwaZulu-Natal,-29.8587,31.0218,Food Stall,True,True,True,True
2959,2026-06-12,Johannesburg,Gauteng,-26.2041,28.0473,Tech Services,True,False,False,False
2960,2026-06-12,Johannesburg,Gauteng,-26.2041,28.0473,Catering,True,True,False,False
2961,2026-06-12,Johannesburg,Gauteng,-26.2041,28.0473,Hair Salon,True,True,False,False
2962,2026-06-12,Cape Town,Western Cape,-33.9249,18.4241,Food Stall,True,True,False,False
2963,2026-06-12,Kimberley,Northern Cape,-28.7282,24.7499,Food Stall,True,False,False,False
2964,2026-06-13,Johannesburg,Gauteng,-26.2041,28.0473,Retail,True,True,False,False
2965,2026-06-13,Cape Town,Western Cape,-33.9249,18.4241,Retail,True,False,False,False
2966,2026-06-13,Johannesburg,Gauteng,-26.2041,28.0473,Hair Salon,True,True,True,False
2967,2026-06-13,Cape Town,Western Cape,-33.9249,18.4241,Construction,True,False,False,False
2968,2026-06-13,Johannesburg,Gauteng,-26.2041,28.0473,Catering,True,True,False,False
2969,2026-06-13,Pretoria,Gauteng,-25.7479,28.2293,Hair Salon,True,True,True,False
2970,2026-06-13,Pretoria,Gauteng,-25.7479,28.2293,Retail,True,True,False,False
2971,2026-06-13,Pretoria,Gauteng,-25.7479,28.2293,Retail,True,False,False,False
2972,2026-06-13,Bloemfontein,Free State,-29.0852,26.1596,Spaza Shop,True,True,True,False
2973,2026-06-13,Bloemfontein,Free State,-29.0852,26.1596,Spaza Shop,True,False,False,False
2974,2026-06-13,East London,Eastern Cape,-33.0153,27.9116,Spaza Shop,True,False,False,False
2975,2026-06-13,Johannesburg,Gauteng,-26.2041,28.0473,Catering,True,True,False,False
2976,2026-06-13,Cape Town,Western Cape,-33.9249,18.4241,Construction,True,True,True,False
2977,2026-06-14,Durban,KwaZulu-Natal,-29.8587,31.0218,Tech Services,True,False,False,False
2978,2026-06-14,Cape Town,Western Cape,-33.9249,18.4241,Food Stall,True,True,False,False
2979,2026-06-14,Johannesburg,Gauteng,-26.2041,28.0473,Transport,True,True,False,False
2980,2026-06-14,Pretoria,Gauteng,-25.7479,28.2293,Retail,True,False,False,False
2981,2026-06-14,Pretoria,Gauteng,-25.7479,28.2293,Food Stall,True,False,False,False
2982,2026-06-14,Durban,KwaZulu-Natal,-29.8587,31.0218,Transport,True,False,False,False
2983,2026-06-14,Bloemfontein,Free State,-29.0852,26.1596,Tech Services,True,True,False,False
2984,2026-06-14,Durban,KwaZulu-Natal,-29.8587,31.0218,Catering,True,False,False,False
2985,2026-06-14,Johannesburg,Gauteng,-26.2041,28.0473,Hair Salon,True,False,False,False
2986,2026-06-14,Johannesburg,Gauteng,-26.2041,28.0473,Catering,True,False,False,False
2987,2026-06-15,Polokwane,Limpopo,-23.9045,29.4689,Hair Salon,True,True,False,False
2988,2026-06-15,Kimberley,Northern Cape,-28.7282,24.7499,Catering,True,False,False,False
2989,2026-06-15,Cape Town,Western Cape,-33.9249,18.4241,Construction,True,False,False,False
2990,2026-06-15,Johannesburg,Gauteng,-26.2041,28.0473,Construction,True,True,False,False
2991,2026-06-15,Gqeberha,Eastern Cape,-33.9608,25.6022,Catering,True,True,False,False
2992,2026-06-15,Durban,KwaZulu-Natal,-29.8587,31.0218,Construction,True,True,True,False
2993,2026-06-15,Gqeberha,Eastern Cape,-33.9608,25.6022,Catering,True,False,False,False
2994,2026-06-15,Cape Town,Western Cape,-33.9249,18.4241,Construction,True,True,True,False
2995,2026-06-15,Polokwane,Limpopo,-23.9045,29.4689,Catering,True,False,False,False
2996,2026-06-15,Durban,KwaZulu-Natal,-29.8587,31.0218,Tech Services,True,False,False,False
2997,2026-06-15,Polokwane,Limpopo,-23.9045,29.4689,Tech Services,True,True,False,False
2998,2026-06-15,Pretoria,Gauteng,-25.7479,28.2293,Tech Services,True,False,False,False
2999,2026-06-15,Polokwane,Limpopo,-23.9045,29.4689,Spaza Shop,True,True,True,False
3000,2026-06-15,Johannesburg,Gauteng,-26.2041,28.0473,Retail,True,False,False,False
3001,2026-06-15,Johannesburg,Gauteng,-26.2041,28.0473,Hair Salon,True,False,False,False
3002,2026-06-15,Johannesburg,Gauteng,-26.2041,28.0473,Construction,True,True,True,False
3003,2026-06-15,Cape Town,Western Cape,-33.9249,18.4241,Construction,True,True,True,False
3004,2026-06-15,East London,Eastern Cape,-33.0153,27.9116,Retail,True,True,False,False
3005,2026-06-15,Johannesburg,Gauteng,-26.2041,28.0473,Catering,True,True,False,False
3006,2026-06-15,Johannesburg,Gauteng,-26.2041,28.0473,Hair Salon,True,True,True,True
3007,2026-06-15,Cape Town,Western Cape,-33.9249,18.4241,Food Stall,True,True,False,False
3008,2026-06-16,Pretoria,Gauteng,-25.7479,28.2293,Food Stall,True,True,False,False
3009,2026-06-16,Johannesburg,Gauteng,-26.2041,28.0473,Transport,True,False,False,False
3010,2026-06-16,Polokwane,Limpopo,-23.9045,29.4689,Spaza Shop,True,False,False,False
3011,2026-06-16,Cape Town,Western Cape,-33.9249,18.4241,Hair Salon,True,False,False,False
3012,2026-06-16,Durban,KwaZulu-Natal,-29.8587,31.0218,Food Stall,True,True,True,False
3013,2026-06-16,Bloemfontein,Free State,-29.0852,26.1596,Transport,True,True,True,False
3014,2026-06-16,Pretoria,Gauteng,-25.7479,28.2293,Food Stall,True,False,False,False
3015,2026-06-16,East London,Eastern Cape,-33.0153,27.9116,Tech Services,True,False,False,False
3016,2026-06-16,Johannesburg,Gauteng,-26.2041,28.0473,Retail,True,True,False,False
3017,2026-06-16,Polokwane,Limpopo,-23.9045,29.4689,Transport,True,False,False,False
3018,2026-06-16,Cape Town,Western Cape,-33.9249,18.4241,Transport,True,False,False,False
3019,2026-06-16,Johannesburg,Gauteng,-26.2041,28.0473,Construction,True,True,False,False
3020,2026-06-16,Durban,KwaZulu-Natal,-29.8587,31.0218,Food Stall,True,True,True,True
3021,2026-06-16,Durban,KwaZulu-Natal,-29.8587,31.0218,Tech Services,True,False,False,False
3022,2026-06-16,Durban,KwaZulu-Natal,-29.8587,31.0218,Tech Services,True,False,False,False
3023,2026-06-16,Johannesburg,Gauteng,-26.2041,28.0473,Hair Salon,True,True,False,False
3024,2026-06-16,Durban,KwaZulu-Natal,-29.8587,31.0218,Transport,True,True,False,False
3025,2026-06-16,Durban,KwaZulu-Natal,-29.8587,31.0218,Tech Services,True,False,False,False
3026,2026-06-16,East London,Eastern Cape,-33.0153,27.9116,Spaza Shop,True,False,False,False
3027,2026-06-17,Cape Town,Western Cape,-33.9249,18.4241,Food Stall,True,False,False,False
3028,2026-06-17,Durban,KwaZulu-Natal,-29.8587,31.0218,Tech Services,True,True,False,False
3029,2026-06-17,Gqeberha,Eastern Cape,-33.9608,25.6022,Spaza Shop,True,True,False,False
3030,2026-06-17,Durban,KwaZulu-Natal,-29.8587,31.0218,Spaza Shop,True,True,True,False
3031,2026-06-17,Gqeberha,Eastern Cape,-33.9608,25.6022,Retail,True,False,False,False
3032,2026-06-17,Cape Town,Western Cape,-33.9249,18.4241,Retail,True,True,True,False
3033,2026-06-17,Cape Town,Western Cape,-33.9249,18.4241,Retail,True,True,True,False
3034,2026-06-17,Bloemfontein,Free State,-29.0852,26.1596,Transport,True,True,False,False
3035,2026-06-17,Bloemfontein,Free State,-29.0852,26.1596,Catering,True,False,False,False
3036,2026-06-17,Polokwane,Limpopo,-23.9045,29.4689,Transport,True,False,False,False
3037,2026-06-17,Cape Town,Western Cape,-33.9249,18.4241,Construction,True,True,False,False
3038,2026-06-17,Pretoria,Gauteng,-25.7479,28.2293,Hair Salon,True,True,False,False
3039,2026-06-17,Durban,KwaZulu-Natal,-29.8587,31.0218,Catering,True,True,False,False
3040,2026-06-17,Bloemfontein,Free State,-29.0852,26.1596,Food Stall,True,True,False,False
3041,2026-06-17,Cape Town,Western Cape,-33.9249,18.4241,Transport,True,False,False,False
3042,2026-06-18,Bloemfontein,Free State,-29.0852,26.1596,Transport,True,False,False,False
3043,2026-06-18,Johannesburg,Gauteng,-26.2041,28.0473,Retail,True,True,True,False
3044,2026-06-18,Bloemfontein,Free State,-29.0852,26.1596,Construction,True,True,True,False
3045,2026-06-18,Johannesburg,Gauteng,-26.2041,28.0473,Tech Services,True,False,False,False
3046,2026-06-18,Polokwane,Limpopo,-23.9045,29.4689,Catering,True,True,True,False
3047,2026-06-18,Mbombela,Mpumalanga,-25.4753,30.9694,Retail,True,True,False,False
3048,2026-06-18,Durban,KwaZulu-Natal,-29.8587,31.0218,Transport,True,False,False,False
3049,2026-06-18,Kimberley,Northern Cape,-28.7282,24.7499,Retail,True,True,True,False
3050,2026-06-18,Johannesburg,Gauteng,-26.2041,28.0473,Construction,True,True,False,False
3051,2026-06-18,Pretoria,Gauteng,-25.7479,28.2293,Construction,True,True,False,False
3052,2026-06-18,Johannesburg,Gauteng,-26.2041,28.0473,Food Stall,True,True,False,False
3053,2026-06-18,East London,Eastern Cape,-33.0153,27.9116,Construction,True,True,False,False
3054,2026-06-18,Cape Town,Western Cape,-33.9249,18.4241,Tech Services,True,False,False,False
3055,2026-06-18,Durban,KwaZulu-Natal,-29.8587,31.0218,Tech Services,True,False,False,False
3056,2026-06-18,Bloemfontein,Free State,-29.0852,26.1596,Transport,True,False,False,False
3057,2026-06-18,East London,Eastern Cape,-33.0153,27.9116,Construction,True,True,False,False
3058,2026-06-18,Pretoria,Gauteng,-25.7479,28.2293,Catering,True,True,False,False
3059,2026-06-18,Pretoria,Gauteng,-25.7479,28.2293,Construction,True,False,False,False
3060,2026-06-18,East London,Eastern Cape,-33.0153,27.9116,Hair Salon,True,False,False,False
3061,2026-06-18,Kimberley,Northern Cape,-28.7282,24.7499,Food Stall,True,False,False,False
3062,2026-06-18,Durban,KwaZulu-Natal,-29.8587,31.0218,Construction,True,True,False,False
3063,2026-06-18,Gqeberha,Eastern Cape,-33.9608,25.6022,Construction,True,False,False,False
3064,2026-06-18,Cape Town,Western Cape,-33.9249,18.4241,Food Stall,True,True,True,False
3065,2026-06-18,Durban,KwaZulu-Natal,-29.8587,31.0218,Spaza Shop,True,True,False,False
3066,2026-06-19,Durban,KwaZulu-Natal,-29.8587,31.0218,Catering,True,True,True,True
3067,2026-06-19,Johannesburg,Gauteng,-26.2041,28.0473,Retail,True,True,False,False
3068,2026-06-19,Durban,KwaZulu-Natal,-29.8587,31.0218,Spaza Shop,True,False,False,False
3069,2026-06-19,Gqeberha,Eastern Cape,-33.9608,25.6022,Catering,True,True,False,False
3070,2026-06-19,Kimberley,Northern Cape,-28.7282,24.7499,Retail,True,True,False,False
3071,2026-06-19,Pretoria,Gauteng,-25.7479,28.2293,Tech Services,True,True,False,False
3072,2026-06-19,Johannesburg,Gauteng,-26.2041,28.0473,Transport,True,True,False,False
3073,2026-06-19,Polokwane,Limpopo,-23.9045,29.4689,Spaza Shop,True,False,False,False
3074,2026-06-19,Gqeberha,Eastern Cape,-33.9608,25.6022,Hair Salon,True,True,True,False
3075,2026-06-19,Durban,KwaZulu-Natal,-29.8587,31.0218,Construction,True,False,False,False
3076,2026-06-19,Pretoria,Gauteng,-25.7479,28.2293,Catering,True,True,False,False
3077,2026-06-19,East London,Eastern Cape,-33.0153,27.9116,Hair Salon,True,True,False,False
3078,2026-06-19,Pretoria,Gauteng,-25.7479,28.2293,Tech Services,True,True,True,False
3079,2026-06-19,East London,Eastern Cape,-33.0153,27.9116,Transport,True,True,False,False
3080,2026-06-19,Johannesburg,Gauteng,-26.2041,28.0473,Retail,True,True,True,False
3081,2026-06-19,Cape Town,Western Cape,-33.9249,18.4241,Hair Salon,True,True,True,True
3082,2026-06-19,Pretoria,Gauteng,-25.7479,28.2293,Retail,True,False,False,False
3083,2026-06-19,Johannesburg,Gauteng,-26.2041,28.0473,Spaza Shop,True,True,False,False
3084,2026-06-19,Gqeberha,Eastern Cape,-33.9608,25.6022,Spaza Shop,True,True,True,False
3085,2026-06-19,Johannesburg,Gauteng,-26.2041,28.0473,Transport,True,True,True,False
3086,2026-06-19,Polokwane,Limpopo,-23.9045,29.4689,Construction,True,False,False,False
3087,2026-06-19,Durban,KwaZulu-Natal,-29.8587,31.0218,Transport,True,True,False,False
3088,2026-06-19,Johannesburg,Gauteng,-26.2041,28.0473,Catering,True,True,True,True
3089,2026-06-19,Polokwane,Limpopo,-23.9045,29.4689,Catering,True,False,False,False
3090,2026-06-19,Cape Town,Western Cape,-33.9249,18.4241,Food Stall,True,False,False,False
3091,2026-06-20,Johannesburg,Gauteng,-26.2041,28.0473,Hair Salon,True,True,False,False
3092,2026-06-20,East London,Eastern Cape,-33.0153,27.9116,Catering,True,True,True,False
3093,2026-06-20,Durban,KwaZulu-Natal,-29.8587,31.0218,Catering,True,True,True,True
3094,2026-06-20,Kimberley,Northern Cape,-28.7282,24.7499,Food Stall,True,False,False,False
3095,2026-06-20,Mbombela,Mpumalanga,-25.4753,30.9694,Hair Salon,True,True,True,False
3096,2026-06-20,Gqeberha,Eastern Cape,-33.9608,25.6022,Food Stall,True,True,True,True
3097,2026-06-20,Johannesburg,Gauteng,-26.2041,28.0473,Food Stall,True,True,True,False
3098,2026-06-20,East London,Eastern Cape,-33.0153,27.9116,Hair Salon,True,False,False,False
3099,2026-06-20,Polokwane,Limpopo,-23.9045,29.4689,Tech Services,True,True,False,False
3100,2026-06-20,Bloemfontein,Free State,-29.0852,26.1596,Retail,True,False,False,False
3101,2026-06-20,Pretoria,Gauteng,-25.7479,28.2293,Tech Services,True,True,True,False
3102,2026-06-20,Cape Town,Western Cape,-33.9249,18.4241,Transport,True,True,True,False
3103,2026-06-20,Durban,KwaZulu-Natal,-29.8587,31.0218,Retail,True,True,True,False
3104,2026-06-20,Bloemfontein,Free State,-29.0852,26.1596,Spaza Shop,True,False,False,False
3105,2026-06-20,Johannesburg,Gauteng,-26.2041,28.0473,Catering,True,True,False,False
3106,2026-06-20,Durban,KwaZulu-Natal,-29.8587,31.0218,Spaza Shop,True,False,False,False
3107,2026-06-20,Johannesburg,Gauteng,-26.2041,28.0473,Spaza Shop,True,True,True,False
3108,2026-06-20,East London,Eastern Cape,-33.0153,27.9116,Tech Services,True,False,False,False
3109,2026-06-20,Bloemfontein,Free State,-29.0852,26.1596,Spaza Shop,True,True,True,False
3110,2026-06-21,Mbombela,Mpumalanga,-25.4753,30.9694,Construction,True,True,False,False
3111,2026-06-21,Gqeberha,Eastern Cape,-33.9608,25.6022,Spaza Shop,True,True,True,True
3112,2026-06-21,Johannesburg,Gauteng,-26.2041,28.0473,Hair Salon,True,True,False,False
3113,2026-06-21,Mbombela,Mpumalanga,-25.4753,30.9694,Transport,True,True,True,False
3114,2026-06-21,Kimberley,Northern Cape,-28.7282,24.7499,Construction,True,False,False,False
3115,2026-06-21,Cape Town,Western Cape,-33.9249,18.4241,Spaza Shop,True,False,False,False
3116,2026-06-21,Johannesburg,Gauteng,-26.2041,28.0473,Retail,True,True,False,False
3117,2026-06-21,Polokwane,Limpopo,-23.9045,29.4689,Retail,True,True,False,False
3118,2026-06-21,Johannesburg,Gauteng,-26.2041,28.0473,Retail,True,False,False,False
3119,2026-06-21,Cape Town,Western Cape,-33.9249,18.4241,Tech Services,True,True,False,False
3120,2026-06-21,Pretoria,Gauteng,-25.7479,28.2293,Food Stall,True,False,False,False
3121,2026-06-21,Pretoria,Gauteng,-25.7479,28.2293,Spaza Shop,True,True,False,False
3122,2026-06-21,Gqeberha,Eastern Cape,-33.9608,25.6022,Construction,True,True,False,False
3123,2026-06-21,Johannesburg,Gauteng,-26.2041,28.0473,Hair Salon,True,True,True,False
3124,2026-06-21,Johannesburg,Gauteng,-26.2041,28.0473,Retail,True,True,False,False
3125,2026-06-21,Mbombela,Mpumalanga,-25.4753,30.9694,Tech Services,True,False,False,False
3126,2026-06-21,Pretoria,Gauteng,-25.7479,28.2293,Retail,True,True,False,False
3127,2026-06-21,Johannesburg,Gauteng,-26.2041,28.0473,Construction,True,True,False,False
3128,2026-06-21,Mbombela,Mpumalanga,-25.4753,30.9694,Catering,True,True,False,False
3129,2026-06-22,Cape Town,Western Cape,-33.9249,18.4241,Spaza Shop,True,True,True,True
3130,2026-06-22,East London,Eastern Cape,-33.0153,27.9116,Hair Salon,True,True,False,False
3131,2026-06-22,Pretoria,Gauteng,-25.7479,28.2293,Spaza Shop,True,True,True,True
3132,2026-06-22,Durban,KwaZulu-Natal,-29.8587,31.0218,Construction,True,True,False,False
3133,2026-06-22,Gqeberha,Eastern Cape,-33.9608,25.6022,Retail,True,True,True,True
3134,2026-06-22,Mbombela,Mpumalanga,-25.4753,30.9694,Tech Services,True,True,True,False
3135,2026-06-22,Cape Town,Western Cape,-33.9249,18.4241,Hair Salon,True,False,False,False
3136,2026-06-22,Pretoria,Gauteng,-25.7479,28.2293,Spaza Shop,True,True,True,False
3137,2026-06-22,Polokwane,Limpopo,-23.9045,29.4689,Catering,True,True,True,False
3138,2026-06-22,Johannesburg,Gauteng,-26.2041,28.0473,Spaza Shop,True,False,False,False
3139,2026-06-22,Johannesburg,Gauteng,-26.2041,28.0473,Spaza Shop,True,True,False,False
3140,2026-06-22,Durban,KwaZulu-Natal,-29.8587,31.0218,Transport,True,True,False,False
3141,2026-06-22,Johannesburg,Gauteng,-26.2041,28.0473,Construction,True,False,False,False
3142,2026-06-22,Johannesburg,Gauteng,-26.2041,28.0473,Hair Salon,True,True,True,True
3143,2026-06-22,Polokwane,Limpopo,-23.9045,29.4689,Spaza Shop,True,False,False,False
3144,2026-06-22,Durban,KwaZulu-Natal,-29.8587,31.0218,Food Stall,True,True,False,False
3145,2026-06-22,Mbombela,Mpumalanga,-25.4753,30.9694,Retail,True,False,False,False
3146,2026-06-22,Gqeberha,Eastern Cape,-33.9608,25.6022,Construction,True,True,False,False
3147,2026-06-22,Gqeberha,Eastern Cape,-33.9608,25.6022,Transport,True,False,False,False
3148,2026-06-22,Kimberley,Northern Cape,-28.7282,24.7499,Food Stall,True,False,False,False
3149,2026-06-22,Mbombela,Mpumalanga,-25.4753,30.9694,Transport,True,True,False,False
3150,2026-06-22,Pretoria,Gauteng,-25.7479,28.2293,Tech Services,True,True,False,False
3151,2026-06-22,Kimberley,Northern Cape,-28.7282,24.7499,Transport,True,False,False,False
3152,2026-06-22,Bloemfontein,Free State,-29.0852,26.1596,Tech Services,True,True,True,True
3153,2026-06-22,Gqeberha,Eastern Cape,-33.9608,25.6022,Transport,True,True,True,False
3154,2026-06-22,Johannesburg,Gauteng,-26.2041,28.0473,Food Stall,True,True,False,False
3155,2026-06-22,Gqeberha,Eastern Cape,-33.9608,25.6022,Transport,True,True,True,False
3156,2026-06-23,Gqeberha,Eastern Cape,-33.9608,25.6022,Construction,True,True,False,False
3157,2026-06-23,Pretoria,Gauteng,-25.7479,28.2293,Transport,True,True,True,False
3158,2026-06-23,Polokwane,Limpopo,-23.9045,29.4689,Tech Services,True,True,False,False
3159,2026-06-23,Cape Town,Western Cape,-33.9249,18.4241,Food Stall,True,True,True,False
3160,2026-06-23,Pretoria,Gauteng,-25.7479,28.2293,Tech Services,True,False,False,False
3161,2026-06-23,Johannesburg,Gauteng,-26.2041,28.0473,Catering,True,True,False,False
3162,2026-06-23,Durban,KwaZulu-Natal,-29.8587,31.0218,Tech Services,True,False,False,False
3163,2026-06-23,Johannesburg,Gauteng,-26.2041,28.0473,Tech Services,True,True,False,False
3164,2026-06-23,Durban,KwaZulu-Natal,-29.8587,31.0218,Catering,True,True,False,False
3165,2026-06-23,Durban,KwaZulu-Natal,-29.8587,31.0218,Catering,True,True,False,False
3166,2026-06-23,Cape Town,Western Cape,-33.9249,18.4241,Catering,True,True,False,False
3167,2026-06-23,Bloemfontein,Free State,-29.0852,26.1596,Spaza Shop,True,True,False,False
3168,2026-06-23,Gqeberha,Eastern Cape,-33.9608,25.6022,Hair Salon,True,False,False,False
3169,2026-06-23,Johannesburg,Gauteng,-26.2041,28.0473,Spaza Shop,True,False,False,False
3170,2026-06-23,Pretoria,Gauteng,-25.7479,28.2293,Transport,True,True,False,False
3171,2026-06-23,Johannesburg,Gauteng,-26.2041,28.0473,Transport,True,True,True,False
3172,2026-06-23,Durban,KwaZulu-Natal,-29.8587,31.0218,Food Stall,True,True,False,False
3173,2026-06-23,Cape Town,Western Cape,-33.9249,18.4241,Catering,True,True,True,True
3174,2026-06-23,Polokwane,Limpopo,-23.9045,29.4689,Tech Services,True,True,False,False
3175,2026-06-23,Johannesburg,Gauteng,-26.2041,28.0473,Construction,True,True,True,False
3176,2026-06-23,Kimberley,Northern Cape,-28.7282,24.7499,Catering,True,False,False,False
3177,2026-06-24,Mbombela,Mpumalanga,-25.4753,30.9694,Food Stall,True,True,True,False
3178,2026-06-24,Cape Town,Western Cape,-33.9249,18.4241,Transport,True,True,True,False
3179,2026-06-24,Mbombela,Mpumalanga,-25.4753,30.9694,Food Stall,True,True,True,False
3180,2026-06-24,Mbombela,Mpumalanga,-25.4753,30.9694,Hair Salon,True,True,False,False
3181,2026-06-24,Polokwane,Limpopo,-23.9045,29.4689,Tech Services,True,True,True,False
3182,2026-06-24,Mbombela,Mpumalanga,-25.4753,30.9694,Construction,True,True,False,False
3183,2026-06-24,Mbombela,Mpumalanga,-25.4753,30.9694,Hair Salon,True,True,False,False
3184,2026-06-24,Cape Town,Western Cape,-33.9249,18.4241,Food Stall,True,False,False,False
3185,2026-06-24,Johannesburg,Gauteng,-26.2041,28.0473,Tech Services,True,False,False,False
3186,2026-06-24,Kimberley,Northern Cape,-28.7282,24.7499,Spaza Shop,True,True,True,False
3187,2026-06-24,Cape Town,Western Cape,-33.9249,18.4241,Spaza Shop,True,False,False,False
3188,2026-06-24,Durban,KwaZulu-Natal,-29.8587,31.0218,Retail,True,False,False,False
3189,2026-06-24,Cape Town,Western Cape,-33.9249,18.4241,Food Stall,True,True,True,False
3190,2026-06-25,Durban,KwaZulu-Natal,-29.8587,31.0218,Spaza Shop,True,True,True,False
3191,2026-06-25,Gqeberha,Eastern Cape,-33.9608,25.6022,Tech Services,True,True,True,False
3192,2026-06-25,Cape Town,Western Cape,-33.9249,18.4241,Transport,True,True,True,True
3193,2026-06-25,East London,Eastern Cape,-33.0153,27.9116,Tech Services,True,False,False,False
3194,2026-06-25,Cape Town,Western Cape,-33.9249,18.4241,Retail,True,True,False,False
3195,2026-06-25,Durban,KwaZulu-Natal,-29.8587,31.0218,Hair Salon,True,True,True,False
3196,2026-06-25,East London,Eastern Cape,-33.0153,27.9116,Hair Salon,True,False,False,False
3197,2026-06-25,Johannesburg,Gauteng,-26.2041,28.0473,Construction,True,True,False,False
3198,2026-06-25,Johannesburg,Gauteng,-26.2041,28.0473,Hair Salon,True,True,True,False
3199,2026-06-25,Polokwane,Limpopo,-23.9045,29.4689,Hair Salon,True,True,True,False
3200,2026-06-26,Johannesburg,Gauteng,-26.2041,28.0473,Food Stall,True,True,False,False
3201,2026-06-26,Durban,KwaZulu-Natal,-29.8587,31.0218,Hair Salon,True,True,False,False
3202,2026-06-26,Johannesburg,Gauteng,-26.2041,28.0473,Hair Salon,True,True,False,False
3203,2026-06-26,Johannesburg,Gauteng,-26.2041,28.0473,Hair Salon,True,False,False,False
3204,2026-06-26,Johannesburg,Gauteng,-26.2041,28.0473,Construction,True,False,False,False
3205,2026-06-26,Johannesburg,Gauteng,-26.2041,28.0473,Tech Services,True,False,False,False
3206,2026-06-26,Pretoria,Gauteng,-25.7479,28.2293,Food Stall,True,True,True,True
3207,2026-06-26,Durban,KwaZulu-Natal,-29.8587,31.0218,Spaza Shop,True,True,True,False
3208,2026-06-26,Cape Town,Western Cape,-33.9249,18.4241,Retail,True,True,True,False
3209,2026-06-26,Johannesburg,Gauteng,-26.2041,28.0473,Hair Salon,True,True,False,False
3210,2026-06-26,Gqeberha,Eastern Cape,-33.9608,25.6022,Construction,True,True,True,False
3211,2026-06-26,Johannesburg,Gauteng,-26.2041,28.0473,Tech Services,True,True,False,False
3212,2026-06-26,Cape Town,Western Cape,-33.9249,18.4241,Construction,True,True,True,False
3213,2026-06-27,Durban,KwaZulu-Natal,-29.8587,31.0218,Retail,True,False,False,False
3214,2026-06-27,Pretoria,Gauteng,-25.7479,28.2293,Spaza Shop,True,True,True,False
3215,2026-06-27,Durban,KwaZulu-Natal,-29.8587,31.0218,Hair Salon,True,False,False,False
3216,2026-06-27,Gqeberha,Eastern Cape,-33.9608,25.6022,Food Stall,True,False,False,False
3217,2026-06-27,Johannesburg,Gauteng,-26.2041,28.0473,Hair Salon,True,False,False,False
3218,2026-06-27,Pretoria,Gauteng,-25.7479,28.2293,Transport,True,False,False,False
3219,2026-06-27,Gqeberha,Eastern Cape,-33.9608,25.6022,Retail,True,True,False,False
3220,2026-06-27,Gqeberha,Eastern Cape,-33.9608,25.6022,Transport,True,True,True,False
3221,2026-06-27,Cape Town,Western Cape,-33.9249,18.4241,Transport,True,False,False,False
3222,2026-06-27,Durban,KwaZulu-Natal,-29.8587,31.0218,Construction,True,False,False,False
3223,2026-06-27,Durban,KwaZulu-Natal,-29.8587,31.0218,Food Stall,True,True,True,False
3224,2026-06-27,Pretoria,Gauteng,-25.7479,28.2293,Tech Services,True,False,False,False
3225,2026-06-27,Cape Town,Western Cape,-33.9249,18.4241,Food Stall,True,False,False,False
3226,2026-06-27,Johannesburg,Gauteng,-26.2041,28.0473,Tech Services,True,False,False,False
3227,2026-06-27,Cape Town,Western Cape,-33.9249,18.4241,Catering,True,True,True,True
3228,2026-06-27,Cape Town,Western Cape,-33.9249,18.4241,Catering,True,True,False,False
3229,2026-06-27,Johannesburg,Gauteng,-26.2041,28.0473,Construction,True,False,False,False
3230,2026-06-27,Johannesburg,Gauteng,-26.2041,28.0473,Spaza Shop,True,True,True,True
3231,2026-06-27,Cape Town,Western Cape,-33.9249,18.4241,Retail,True,True,False,False
3232,2026-06-27,Pretoria,Gauteng,-25.7479,28.2293,Tech Services,True,True,False,False
3233,2026-06-27,Cape Town,Western Cape,-33.9249,18.4241,Food Stall,True,False,False,False
3234,2026-06-27,Kimberley,Northern Cape,-28.7282,24.7499,Hair Salon,True,True,False,False
3235,2026-06-27,Mbombela,Mpumalanga,-25.4753,30.9694,Retail,True,False,False,False
3236,2026-06-27,Johannesburg,Gauteng,-26.2041,28.0473,Food Stall,True,True,True,True
3237,2026-06-27,Johannesburg,Gauteng,-26.2041,28.0473,Tech Services,True,True,True,False
3238,2026-06-27,Durban,KwaZulu-Natal,-29.8587,31.0218,Transport,True,True,False,False
3239,2026-06-27,Gqeberha,Eastern Cape,-33.9608,25.6022,Catering,True,False,False,False
3240,2026-06-28,Cape Town,Western Cape,-33.9249,18.4241,Hair Salon,True,False,False,False
3241,2026-06-28,Johannesburg,Gauteng,-26.2041,28.0473,Construction,True,True,True,False
3242,2026-06-28,Mbombela,Mpumalanga,-25.4753,30.9694,Food Stall,True,False,False,False
3243,2026-06-28,Bloemfontein,Free State,-29.0852,26.1596,Transport,True,True,False,False
3244,2026-06-28,Gqeberha,Eastern Cape,-33.9608,25.6022,Transport,True,False,False,False
3245,2026-06-28,Bloemfontein,Free State,-29.0852,26.1596,Construction,True,True,False,False
3246,2026-06-28,East London,Eastern Cape,-33.0153,27.9116,Spaza Shop,True,True,False,False
3247,2026-06-28,Pretoria,Gauteng,-25.7479,28.2293,Tech Services,True,False,False,False
3248,2026-06-28,Bloemfontein,Free State,-29.0852,26.1596,Retail,True,True,True,False
3249,2026-06-28,Johannesburg,Gauteng,-26.2041,28.0473,Catering,True,True,True,False
3250,2026-06-28,Cape Town,Western Cape,-33.9249,18.4241,Food Stall,True,False,False,False
3251,2026-06-28,Pretoria,Gauteng,-25.7479,28.2293,Food Stall,True,True,True,False
3252,2026-06-28,Durban,KwaZulu-Natal,-29.8587,31.0218,Transport,True,False,False,False
3253,2026-06-28,Cape Town,Western Cape,-33.9249,18.4241,Construction,True,True,False,False
3254,2026-06-28,East London,Eastern Cape,-33.0153,27.9116,Hair Salon,True,False,False,False
3255,2026-06-28,Pretoria,Gauteng,-25.7479,28.2293,Retail,True,True,False,False
3256,2026-06-28,Pretoria,Gauteng,-25.7479,28.2293,Spaza Shop,True,True,False,False
3257,2026-06-28,Pretoria,Gauteng,-25.7479,28.2293,Tech Services,True,True,True,True
3258,2026-06-28,Johannesburg,Gauteng,-26.2041,28.0473,Catering,True,True,False,False
3259,2026-06-28,Cape Town,Western Cape,-33.9249,18.4241,Transport,True,True,True,False
3260,2026-06-28,Johannesburg,Gauteng,-26.2041,28.0473,Food Stall,True,True,True,False
3261,2026-06-28,Pretoria,Gauteng,-25.7479,28.2293,Spaza Shop,True,True,True,True
3262,2026-06-28,Polokwane,Limpopo,-23.9045,29.4689,Tech Services,True,True,True,False
3263,2026-06-28,Durban,KwaZulu-Natal,-29.8587,31.0218,Tech Services,True,True,False,False
3264,2026-06-28,Johannesburg,Gauteng,-26.2041,28.0473,Retail,True,True,False,False
3265,2026-06-28,Pretoria,Gauteng,-25.7479,28.2293,Spaza Shop,True,False,False,False
3266,2026-06-28,Polokwane,Limpopo,-23.9045,29.4689,Catering,True,True,False,False
3267,2026-06-28,Cape Town,Western Cape,-33.9249,18.4241,Catering,True,False,False,False
3268,2026-06-28,Johannesburg,Gauteng,-26.2041,28.0473,Construction,True,True,False,False
3269,2026-06-28,Johannesburg,Gauteng,-26.2041,28.0473,Transport,True,True,True,True
3270,2026-06-28,Bloemfontein,Free State,-29.0852,26.1596,Tech Services,True,True,False,False
3271,2026-06-28,Durban,KwaZulu-Natal,-29.8587,31.0218,Construction,True,True,True,False
3272,2026-06-28,Cape Town,Western Cape,-33.9249,18.4241,Retail,True,True,False,False
3273,2026-06-28,Pretoria,Gauteng,-25.7479,28.2293,Spaza Shop,True,True,False,False
3274,2026-06-28,Johannesburg,Gauteng,-26.2041,28.0473,Construction,True,False,False,False
3275,2026-06-28,Cape Town,Western Cape,-33.9249,18.4241,Catering,True,True,False,False
3276,2026-06-28,Mbombela,Mpumalanga,-25.4753,30.9694,Tech Services,True,True,True,False
3277,2026-06-28,Johannesburg,Gauteng,-26.2041,28.0473,Food Stall,True,False,False,False
3278,2026-06-29,Johannesburg,Gauteng,-26.2041,28.0473,Tech Services,True,False,False,False
3279,2026-06-29,Durban,KwaZulu-Natal,-29.8587,31.0218,Construction,True,True,False,False
3280,2026-06-29,Pretoria,Gauteng,-25.7479,28.2293,Transport,True,True,True,True
3281,2026-06-29,Cape Town,Western Cape,-33.9249,18.4241,Tech Services,True,False,False,False
3282,2026-06-29,Johannesburg,Gauteng,-26.2041,28.0473,Retail,True,True,False,False
3283,2026-06-29,Pretoria,Gauteng,-25.7479,28.2293,Retail,True,True,True,False
3284,2026-06-29,Pretoria,Gauteng,-25.7479,28.2293,Retail,True,True,True,True
3285,2026-06-29,Cape Town,Western Cape,-33.9249,18.4241,Tech Services,True,True,False,False
3286,2026-06-29,Johannesburg,Gauteng,-26.2041,28.0473,Construction,True,True,True,True
3287,2026-06-29,Johannesburg,Gauteng,-26.2041,28.0473,Construction,True,True,False,False
3288,2026-06-29,Polokwane,Limpopo,-23.9045,29.4689,Transport,True,False,False,False
3289,2026-06-29,Cape Town,Western Cape,-33.9249,18.4241,Retail,True,True,True,False
3290,2026-06-30,Pretoria,Gauteng,-25.7479,28.2293,Transport,True,True,True,False
3291,2026-06-30,Johannesburg,Gauteng,-26.2041,28.0473,Tech Services,True,False,False,False
3292,2026-06-30,Gqeberha,Eastern Cape,-33.9608,25.6022,Food Stall,True,True,True,False
3293,2026-06-30,Cape Town,Western Cape,-33.9249,18.4241,Construction,True,True,False,False
3294,2026-06-30,Johannesburg,Gauteng,-26.2041,28.0473,Spaza Shop,True,True,True,True
3295,2026-06-30,Polokwane,Limpopo,-23.9045,29.4689,Spaza Shop,True,False,False,False
3296,2026-06-30,Pretoria,Gauteng,-25.7479,28.2293,Catering,True,True,False,False
3297,2026-06-30,Johannesburg,Gauteng,-26.2041,28.0473,Tech Services,True,True,False,False
3298,2026-06-30,Bloemfontein,Free State,-29.0852,26.1596,Retail,True,True,True,False
3299,2026-06-30,Bloemfontein,Free State,-29.0852,26.1596,Retail,True,False,False,False
3300,2026-06-30,Johannesburg,Gauteng,-26.2041,28.0473,Construction,True,True,False,False
3301,2026-06-30,Johannesburg,Gauteng,-26.2041,28.0473,Spaza Shop,True,True,False,False
3302,2026-06-30,Polokwane,Limpopo,-23.9045,29.4689,Catering,True,False,False,False
3303,2026-06-30,Johannesburg,Gauteng,-26.2041,28.0473,Retail,True,True,True,False
3304,2026-06-30,Pretoria,Gauteng,-25.7479,28.2293,Food Stall,True,False,False,False
3305,2026-06-30,Johannesburg,Gauteng,-26.2041,28.0473,Tech Services,True,True,True,True
3306,2026-06-30,Johannesburg,Gauteng,-26.2041,28.0473,Tech Services,True,True,False,False
3307,2026-06-30,Johannesburg,Gauteng,-26.2041,28.0473,Hair Salon,True,True,False,False
3308,2026-06-30,Mbombela,Mpumalanga,-25.4753,30.9694,Retail,True,False,False,False
3309,2026-06-30,Gqeberha,Eastern Cape,-33.9608,25.6022,Construction,True,True,True,False
3310,2026-06-30,Pretoria,Gauteng,-25.7479,28.2293,Tech Services,True,True,True,False
3311,2026-06-30,Durban,KwaZulu-Natal,-29.8587,31.0218,Construction,True,False,False,False
3312,2026-06-30,Gqeberha,Eastern Cape,-33.9608,25.6022,Retail,True,False,False,False
3313,2026-06-30,Cape Town,Western Cape,-33.9249,18.4241,Catering,True,True,True,False
3314,2026-07-01,Cape Town,Western Cape,-33.9249,18.4241,Catering,True,False,False,False
3315,2026-07-01,Pretoria,Gauteng,-25.7479,28.2293,Transport,True,True,True,False
3316,2026-07-01,Cape Town,Western Cape,-33.9249,18.4241,Food Stall,True,True,True,False
3317,2026-07-01,Gqeberha,Eastern Cape,-33.9608,25.6022,Hair Salon,True,True,False,False
3318,2026-07-01,Durban,KwaZulu-Natal,-29.8587,31.0218,Transport,True,False,False,False
3319,2026-07-01,Mbombela,Mpumalanga,-25.4753,30.9694,Food Stall,True,False,False,False
3320,2026-07-01,Bloemfontein,Free State,-29.0852,26.1596,Catering,True,False,False,False
3321,2026-07-01,Polokwane,Limpopo,-23.9045,29.4689,Catering,True,True,False,False
3322,2026-07-01,Durban,KwaZulu-Natal,-29.8587,31.0218,Catering,True,True,False,False
3323,2026-07-01,Polokwane,Limpopo,-23.9045,29.4689,Construction,True,True,False,False
3324,2026-07-01,East London,Eastern Cape,-33.0153,27.9116,Hair Salon,True,True,False,False
3325,2026-07-01,Kimberley,Northern Cape,-28.7282,24.7499,Spaza Shop,True,True,False,False
3326,2026-07-01,Pretoria,Gauteng,-25.7479,28.2293,Construction,True,True,False,False
3327,2026-07-01,Gqeberha,Eastern Cape,-33.9608,25.6022,Food Stall,True,False,False,False
3328,2026-07-01,Johannesburg,Gauteng,-26.2041,28.0473,Transport,True,False,False,False
3329,2026-07-01,Durban,KwaZulu-Natal,-29.8587,31.0218,Tech Services,True,True,False,False
3330,2026-07-01,Pretoria,Gauteng,-25.7479,28.2293,Hair Salon,True,True,True,False
3331,2026-07-01,Pretoria,Gauteng,-25.7479,28.2293,Construction,True,True,True,False
3332,2026-07-01,Gqeberha,Eastern Cape,-33.9608,25.6022,Hair Salon,True,False,False,False
3333,2026-07-01,Cape Town,Western Cape,-33.9249,18.4241,Retail,True,False,False,False
3334,2026-07-01,Pretoria,Gauteng,-25.7479,28.2293,Hair Salon,True,True,False,False
3335,2026-07-02,Mbombela,Mpumalanga,-25.4753,30.9694,Construction,True,True,True,True
3336,2026-07-02,Johannesburg,Gauteng,-26.2041,28.0473,Hair Salon,True,False,False,False
3337,2026-07-02,Johannesburg,Gauteng,-26.2041,28.0473,Tech Services,True,True,True,False
3338,2026-07-02,Johannesburg,Gauteng,-26.2041,28.0473,Retail,True,True,True,True
3339,2026-07-02,Cape Town,Western Cape,-33.9249,18.4241,Spaza Shop,True,True,True,False
3340,2026-07-02,Gqeberha,Eastern Cape,-33.9608,25.6022,Food Stall,True,False,False,False
3341,2026-07-02,Pretoria,Gauteng,-25.7479,28.2293,Tech Services,True,True,False,False
3342,2026-07-02,Bloemfontein,Free State,-29.0852,26.1596,Tech Services,True,False,False,False
3343,2026-07-02,Gqeberha,Eastern Cape,-33.9608,25.6022,Transport,True,False,False,False
3344,2026-07-03,Mbombela,Mpumalanga,-25.4753,30.9694,Spaza Shop,True,False,False,False
3345,2026-07-03,Cape Town,Western Cape,-33.9249,18.4241,Hair Salon,True,False,False,False
3346,2026-07-03,Cape Town,Western Cape,-33.9249,18.4241,Hair Salon,True,True,True,False
3347,2026-07-03,Cape Town,Western Cape,-33.9249,18.4241,Construction,True,False,False,False
3348,2026-07-03,Durban,KwaZulu-Natal,-29.8587,31.0218,Food Stall,True,True,True,False
3349,2026-07-03,Pretoria,Gauteng,-25.7479,28.2293,Spaza Shop,True,True,True,True
3350,2026-07-03,Mbombela,Mpumalanga,-25.4753,30.9694,Food Stall,True,True,False,False
3351,2026-07-03,Pretoria,Gauteng,-25.7479,28.2293,Spaza Shop,True,True,False,False
3352,2026-07-03,Pretoria,Gauteng,-25.7479,28.2293,Catering,True,True,False,False
3353,2026-07-03,Polokwane,Limpopo,-23.9045,29.4689,Transport,True,True,True,True
3354,2026-07-03,Cape Town,Western Cape,-33.9249,18.4241,Hair Salon,True,True,False,False
3355,2026-07-03,Johannesburg,Gauteng,-26.2041,28.0473,Catering,True,True,True,False
3356,2026-07-03,Bloemfontein,Free State,-29.0852,26.1596,Food Stall,True,True,True,False
3357,2026-07-03,Pretoria,Gauteng,-25.7479,28.2293,Hair Salon,True,True,False,False
3358,2026-07-03,Johannesburg,Gauteng,-26.2041,28.0473,Spaza Shop,True,True,False,False
3359,2026-07-03,Cape Town,Western Cape,-33.9249,18.4241,Spaza Shop,True,True,False,False
3360,2026-07-03,Gqeberha,Eastern Cape,-33.9608,25.6022,Transport,True,False,False,False
3361,2026-07-03,Durban,KwaZulu-Natal,-29.8587,31.0218,Retail,True,True,False,False
3362,2026-07-03,Cape Town,Western Cape,-33.9249,18.4241,Transport,True,True,True,True
3363,2026-07-03,Cape Town,Western Cape,-33.9249,18.4241,Catering,True,True,True,False
3364,2026-07-03,Johannesburg,Gauteng,-26.2041,28.0473,Construction,True,True,False,False
3365,2026-07-04,Cape Town,Western Cape,-33.9249,18.4241,Transport,True,False,False,False
3366,2026-07-04,Durban,KwaZulu-Natal,-29.8587,31.0218,Catering,True,True,False,False
3367,2026-07-04,Durban,KwaZulu-Natal,-29.8587,31.0218,Retail,True,True,True,True
3368,2026-07-04,Johannesburg,Gauteng,-26.2041,28.0473,Spaza Shop,True,False,False,False
3369,2026-07-04,Cape Town,Western Cape,-33.9249,18.4241,Retail,True,True,True,False
3370,2026-07-04,Durban,KwaZulu-Natal,-29.8587,31.0218,Catering,True,True,False,False
3371,2026-07-04,Pretoria,Gauteng,-25.7479,28.2293,Construction,True,True,False,False
3372,2026-07-04,Johannesburg,Gauteng,-26.2041,28.0473,Tech Services,True,True,True,True
3373,2026-07-04,Durban,KwaZulu-Natal,-29.8587,31.0218,Hair Salon,True,True,False,False
3374,2026-07-04,Johannesburg,Gauteng,-26.2041,28.0473,Hair Salon,True,True,False,False
3375,2026-07-04,Cape Town,Western Cape,-33.9249,18.4241,Hair Salon,True,False,False,False
3376,2026-07-04,Durban,KwaZulu-Natal,-29.8587,31.0218,Transport,True,True,False,False
3377,2026-07-04,Mbombela,Mpumalanga,-25.4753,30.9694,Tech Services,True,False,False,False
3378,2026-07-04,Johannesburg,Gauteng,-26.2041,28.0473,Tech Services,True,True,False,False
3379,2026-07-04,Johannesburg,Gauteng,-26.2041,28.0473,Tech Services,True,True,False,False
3380,2026-07-04,Cape Town,Western Cape,-33.9249,18.4241,Construction,True,False,False,False
3381,2026-07-04,Bloemfontein,Free State,-29.0852,26.1596,Tech Services,True,True,False,False
3382,2026-07-04,Durban,KwaZulu-Natal,-29.8587,31.0218,Catering,True,False,False,False
3383,2026-07-05,Pretoria,Gauteng,-25.7479,28.2293,Hair Salon,True,True,False,False
3384,2026-07-05,Cape Town,Western Cape,-33.9249,18.4241,Catering,True,True,True,True
3385,2026-07-05,Bloemfontein,Free State,-29.0852,26.1596,Transport,True,True,True,True
3386,2026-07-05,Pretoria,Gauteng,-25.7479,28.2293,Food Stall,True,True,True,True
3387,2026-07-05,Cape Town,Western Cape,-33.9249,18.4241,Catering,True,True,False,False
3388,2026-07-05,Cape Town,Western Cape,-33.9249,18.4241,Hair Salon,True,True,True,True
3389,2026-07-05,Pretoria,Gauteng,-25.7479,28.2293,Construction,True,True,True,True
3390,2026-07-05,Pretoria,Gauteng,-25.7479,28.2293,Construction,True,False,False,False
3391,2026-07-05,Durban,KwaZulu-Natal,-29.8587,31.0218,Tech Services,True,True,True,False
3392,2026-07-05,Pretoria,Gauteng,-25.7479,28.2293,Construction,True,True,False,False
3393,2026-07-05,Bloemfontein,Free State,-29.0852,26.1596,Catering,True,False,False,False
3394,2026-07-05,East London,Eastern Cape,-33.0153,27.9116,Construction,True,False,False,False
3395,2026-07-05,Gqeberha,Eastern Cape,-33.9608,25.6022,Transport,True,True,False,False
3396,2026-07-05,Johannesburg,Gauteng,-26.2041,28.0473,Hair Salon,True,True,False,False
3397,2026-07-05,Gqeberha,Eastern Cape,-33.9608,25.6022,Construction,True,False,False,False
3398,2026-07-05,Johannesburg,Gauteng,-26.2041,28.0473,Transport,True,False,False,False
3399,2026-07-05,Johannesburg,Gauteng,-26.2041,28.0473,Food Stall,True,True,True,True
3400,2026-07-05,Gqeberha,Eastern Cape,-33.9608,25.6022,Food Stall,True,False,False,False
3401,2026-07-05,Durban,KwaZulu-Natal,-29.8587,31.0218,Retail,True,True,False,False
3402,2026-07-05,Johannesburg,Gauteng,-26.2041,28.0473,Tech Services,True,True,False,False
3403,2026-07-05,Johannesburg,Gauteng,-26.2041,28.0473,Food Stall,True,True,False,False
3404,2026-07-05,Cape Town,Western Cape,-33.9249,18.4241,Retail,True,False,False,False
3405,2026-07-05,Cape Town,Western Cape,-33.9249,18.4241,Food Stall,True,True,True,False
3406,2026-07-06,Durban,KwaZulu-Natal,-29.8587,31.0218,Catering,True,True,True,True
3407,2026-07-06,Johannesburg,Gauteng,-26.2041,28.0473,Spaza Shop,True,False,False,False
3408,2026-07-06,Johannesburg,Gauteng,-26.2041,28.0473,Catering,True,True,True,False
3409,2026-07-06,Bloemfontein,Free State,-29.0852,26.1596,Tech Services,True,False,False,False
3410,2026-07-06,Johannesburg,Gauteng,-26.2041,28.0473,Spaza Shop,True,False,False,False
3411,2026-07-06,Johannesburg,Gauteng,-26.2041,28.0473,Retail,True,True,False,False
3412,2026-07-06,Pretoria,Gauteng,-25.7479,28.2293,Retail,True,True,True,False
3413,2026-07-06,Mbombela,Mpumalanga,-25.4753,30.9694,Transport,True,True,True,True
3414,2026-07-06,Bloemfontein,Free State,-29.0852,26.1596,Tech Services,True,True,False,False
3415,2026-07-06,Johannesburg,Gauteng,-26.2041,28.0473,Hair Salon,True,True,False,False
3416,2026-07-06,Durban,KwaZulu-Natal,-29.8587,31.0218,Food Stall,True,True,False,False
3417,2026-07-06,Johannesburg,Gauteng,-26.2041,28.0473,Catering,True,True,True,True
3418,2026-07-06,Polokwane,Limpopo,-23.9045,29.4689,Retail,True,False,False,False
3419,2026-07-06,Johannesburg,Gauteng,-26.2041,28.0473,Tech Services,True,True,True,False
3420,2026-07-06,Cape Town,Western Cape,-33.9249,18.4241,Tech Services,True,True,False,False
3421,2026-07-06,Gqeberha,Eastern Cape,-33.9608,25.6022,Tech Services,True,True,False,False
3422,2026-07-06,Polokwane,Limpopo,-23.9045,29.4689,Spaza Shop,True,False,False,False
3423,2026-07-06,Durban,KwaZulu-Natal,-29.8587,31.0218,Food Stall,True,True,False,False
3424,2026-07-06,Cape Town,Western Cape,-33.9249,18.4241,Transport,True,False,False,False
3425,2026-07-06,Pretoria,Gauteng,-25.7479,28.2293,Food Stall,True,True,False,False
3426,2026-07-06,Durban,KwaZulu-Natal,-29.8587,31.0218,Tech Services,True,True,False,False
3427,2026-07-06,Johannesburg,Gauteng,-26.2041,28.0473,Retail,True,True,True,True
3428,2026-07-06,Pretoria,Gauteng,-25.7479,28.2293,Food Stall,True,True,True,False
3429,2026-07-06,Mbombela,Mpumalanga,-25.4753,30.9694,Construction,True,False,False,False
3430,2026-07-06,Durban,KwaZulu-Natal,-29.8587,31.0218,Spaza Shop,True,True,False,False
3431,2026-07-07,Cape Town,Western Cape,-33.9249,18.4241,Food Stall,True,True,True,False
3432,2026-07-07,Mbombela,Mpumalanga,-25.4753,30.9694,Transport,True,True,True,True
3433,2026-07-07,Mbombela,Mpumalanga,-25.4753,30.9694,Construction,True,True,True,True
3434,2026-07-07,Polokwane,Limpopo,-23.9045,29.4689,Transport,True,False,False,False
3435,2026-07-07,Johannesburg,Gauteng,-26.2041,28.0473,Catering,True,True,False,False
3436,2026-07-07,Johannesburg,Gauteng,-26.2041,28.0473,Retail,True,True,True,True
3437,2026-07-07,Cape Town,Western Cape,-33.9249,18.4241,Retail,True,True,False,False
3438,2026-07-07,Polokwane,Limpopo,-23.9045,29.4689,Catering,True,True,False,False
3439,2026-07-07,Cape Town,Western Cape,-33.9249,18.4241,Catering,True,True,True,True
3440,2026-07-07,Pretoria,Gauteng,-25.7479,28.2293,Spaza Shop,True,True,True,True
3441,2026-07-07,East London,Eastern Cape,-33.0153,27.9116,Hair Salon,True,True,False,False
3442,2026-07-07,Bloemfontein,Free State,-29.0852,26.1596,Hair Salon,True,True,False,False
3443,2026-07-07,Bloemfontein,Free State,-29.0852,26.1596,Catering,True,True,True,True
3444,2026-07-07,Pretoria,Gauteng,-25.7479,28.2293,Retail,True,True,False,False
3445,2026-07-07,Cape Town,Western Cape,-33.9249,18.4241,Catering,True,True,True,True
3446,2026-07-07,Johannesburg,Gauteng,-26.2041,28.0473,Construction,True,True,False,False
3447,2026-07-07,Polokwane,Limpopo,-23.9045,29.4689,Retail,True,False,False,False
3448,2026-07-07,Cape Town,Western Cape,-33.9249,18.4241,Construction,True,True,False,False
3449,2026-07-07,Johannesburg,Gauteng,-26.2041,28.0473,Catering,True,True,True,False
3450,2026-07-07,Johannesburg,Gauteng,-26.2041,28.0473,Tech Services,True,True,False,False
3451,2026-07-07,Durban,KwaZulu-Natal,-29.8587,31.0218,Food Stall,True,False,False,False
3452,2026-07-07,Mbombela,Mpumalanga,-25.4753,30.9694,Transport,True,False,False,False
3453,2026-07-07,Bloemfontein,Free State,-29.0852,26.1596,Tech Services,True,True,False,False
3454,2026-07-07,Bloemfontein,Free State,-29.0852,26.1596,Food Stall,True,True,True,False
3455,2026-07-07,Johannesburg,Gauteng,-26.2041,28.0473,Retail,True,True,True,False
3456,2026-07-07,Johannesburg,Gauteng,-26.2041,28.0473,Tech Services,True,False,False,False
3457,2026-07-08,Cape Town,Western Cape,-33.9249,18.4241,Spaza Shop,True,True,True,True
3458,2026-07-08,Pretoria,Gauteng,-25.7479,28.2293,Catering,True,False,False,False
3459,2026-07-08,Cape Town,Western Cape,-33.9249,18.4241,Catering,True,True,False,False
3460,2026-07-08,Durban,KwaZulu-Natal,-29.8587,31.0218,Construction,True,True,True,True
3461,2026-07-08,Polokwane,Limpopo,-23.9045,29.4689,Transport,True,True,True,False
3462,2026-07-08,Polokwane,Limpopo,-23.9045,29.4689,Spaza Shop,True,True,False,False
3463,2026-07-08,Pretoria,Gauteng,-25.7479,28.2293,Hair Salon,True,True,False,False
3464,2026-07-08,Pretoria,Gauteng,-25.7479,28.2293,Tech Services,True,True,True,False
3465,2026-07-08,Johannesburg,Gauteng,-26.2041,28.0473,Food Stall,True,True,False,False
3466,2026-07-08,Johannesburg,Gauteng,-26.2041,28.0473,Food Stall,True,False,False,False
3467,2026-07-08,Johannesburg,Gauteng,-26.2041,28.0473,Spaza Shop,True,True,True,False
3468,2026-07-08,Kimberley,Northern Cape,-28.7282,24.7499,Retail,True,True,False,False
3469,2026-07-08,Johannesburg,Gauteng,-26.2041,28.0473,Transport,True,True,False,False
3470,2026-07-08,Johannesburg,Gauteng,-26.2041,28.0473,Food Stall,True,True,False,False
3471,2026-07-08,Cape Town,Western Cape,-33.9249,18.4241,Hair Salon,True,True,True,False
3472,2026-07-08,Polokwane,Limpopo,-23.9045,29.4689,Tech Services,True,False,False,False
3473,2026-07-08,Bloemfontein,Free State,-29.0852,26.1596,Hair Salon,True,True,False,False
3474,2026-07-08,Kimberley,Northern Cape,-28.7282,24.7499,Transport,True,True,False,False
3475,2026-07-08,Durban,KwaZulu-Natal,-29.8587,31.0218,Retail,True,True,False,False
3476,2026-07-08,Johannesburg,Gauteng,-26.2041,28.0473,Construction,True,False,False,False
3477,2026-07-09,Johannesburg,Gauteng,-26.2041,28.0473,Retail,True,True,True,True
3478,2026-07-09,Johannesburg,Gauteng,-26.2041,28.0473,Catering,True,True,True,True
3479,2026-07-09,Cape Town,Western Cape,-33.9249,18.4241,Construction,True,True,False,False
3480,2026-07-09,Johannesburg,Gauteng,-26.2041,28.0473,Retail,True,True,False,False
3481,2026-07-09,Gqeberha,Eastern Cape,-33.9608,25.6022,Construction,True,False,False,False
3482,2026-07-09,Cape Town,Western Cape,-33.9249,18.4241,Food Stall,True,False,False,False
3483,2026-07-09,Johannesburg,Gauteng,-26.2041,28.0473,Transport,True,True,False,False
3484,2026-07-09,Durban,KwaZulu-Natal,-29.8587,31.0218,Food Stall,True,False,False,False
3485,2026-07-09,Mbombela,Mpumalanga,-25.4753,30.9694,Transport,True,True,False,False
3486,2026-07-09,Durban,KwaZulu-Natal,-29.8587,31.0218,Retail,True,True,True,False
3487,2026-07-09,East London,Eastern Cape,-33.0153,27.9116,Construction,True,False,False,False
3488,2026-07-09,Pretoria,Gauteng,-25.7479,28.2293,Transport,True,True,False,False
3489,2026-07-09,Mbombela,Mpumalanga,-25.4753,30.9694,Tech Services,True,True,False,False
3490,2026-07-09,Johannesburg,Gauteng,-26.2041,28.0473,Retail,True,True,False,False
3491,2026-07-09,Johannesburg,Gauteng,-26.2041,28.0473,Construction,True,True,True,False
3492,2026-07-09,Cape Town,Western Cape,-33.9249,18.4241,Transport,True,True,True,False
3493,2026-07-09,Cape Town,Western Cape,-33.9249,18.4241,Retail,True,True,False,False
3494,2026-07-09,Johannesburg,Gauteng,-26.2041,28.0473,Hair Salon,True,True,True,False
3495,2026-07-09,Bloemfontein,Free State,-29.0852,26.1596,Spaza Shop,True,False,False,False
3496,2026-07-09,Cape Town,Western Cape,-33.9249,18.4241,Catering,True,False,False,False
3497,2026-07-09,Cape Town,Western Cape,-33.9249,18.4241,Transport,True,False,False,False
3498,2026-07-09,Mbombela,Mpumalanga,-25.4753,30.9694,Food Stall,True,True,True,False
3499,2026-07-09,Mbombela,Mpumalanga,-25.4753,30.9694,Construction,True,True,True,False
3500,2026-07-09,Pretoria,Gauteng,-25.7479,28.2293,Transport,True,True,True,True
3501,2026-07-09,Durban,KwaZulu-Natal,-29.8587,31.0218,Hair Salon,True,False,False,False
3502,2026-07-09,Johannesburg,Gauteng,-26.2041,28.0473,Spaza Shop,True,False,False,False
3503,2026-07-10,Johannesburg,Gauteng,-26.2041,28.0473,Catering,True,True,False,False
3504,2026-07-10,Kimberley,Northern Cape,-28.7282,24.7499,Transport,True,True,True,True
3505,2026-07-10,Gqeberha,Eastern Cape,-33.9608,25.6022,Transport,True,False,False,False
3506,2026-07-10,Gqeberha,Eastern Cape,-33.9608,25.6022,Hair Salon,True,True,True,True
3507,2026-07-10,Johannesburg,Gauteng,-26.2041,28.0473,Spaza Shop,True,True,False,False
3508,2026-07-10,East London,Eastern Cape,-33.0153,27.9116,Food Stall,True,True,True,False
3509,2026-07-10,Johannesburg,Gauteng,-26.2041,28.0473,Hair Salon,True,True,False,False
3510,2026-07-10,East London,Eastern Cape,-33.0153,27.9116,Retail,True,True,True,False
3511,2026-07-10,Johannesburg,Gauteng,-26.2041,28.0473,Hair Salon,True,False,False,False
3512,2026-07-10,Cape Town,Western Cape,-33.9249,18.4241,Transport,True,True,True,True
3513,2026-07-10,Gqeberha,Eastern Cape,-33.9608,25.6022,Food Stall,True,False,False,False
3514,2026-07-10,Cape Town,Western Cape,-33.9249,18.4241,Tech Services,True,True,True,False
3515,2026-07-10,Cape Town,Western Cape,-33.9249,18.4241,Retail,True,False,False,False
3516,2026-07-10,Gqeberha,Eastern Cape,-33.9608,25.6022,Catering,True,True,False,False
3517,2026-07-10,Johannesburg,Gauteng,-26.2041,28.0473,Catering,True,True,False,False
3518,2026-07-10,Johannesburg,Gauteng,-26.2041,28.0473,Transport,True,True,True,True
3519,2026-07-10,Gqeberha,Eastern Cape,-33.9608,25.6022,Tech Services,True,True,False,False
3520,2026-07-10,Cape Town,Western Cape,-33.9249,18.4241,Retail,True,False,False,False
3521,2026-07-10,Mbombela,Mpumalanga,-25.4753,30.9694,Spaza Shop,True,True,False,False
3522,2026-07-10,Cape Town,Western Cape,-33.9249,18.4241,Retail,True,True,True,True
3523,2026-07-10,Cape Town,Western Cape,-33.9249,18.4241,Food Stall,True,False,False,False
3524,2026-07-10,Durban,KwaZulu-Natal,-29.8587,31.0218,Transport,True,True,False,False
3525,2026-07-10,Cape Town,Western Cape,-33.9249,18.4241,Tech Services,True,False,False,False
3526,2026-07-10,Durban,KwaZulu-Natal,-29.8587,31.0218,Catering,True,False,False,False
3527,2026-07-10,Johannesburg,Gauteng,-26.2041,28.0473,Retail,True,False,False,False
3528,2026-07-10,Cape Town,Western Cape,-33.9249,18.4241,Catering,True,True,False,False
3529,2026-07-10,Johannesburg,Gauteng,-26.2041,28.0473,Food Stall,True,True,False,False
3530,2026-07-10,Mbombela,Mpumalanga,-25.4753,30.9694,Catering,True,False,False,False
3531,2026-07-10,Cape Town,Western Cape,-33.9249,18.4241,Transport,True,False,False,False
3532,2026-07-10,Gqeberha,Eastern Cape,-33.9608,25.6022,Transport,True,False,False,False
3533,2026-07-10,Pretoria,Gauteng,-25.7479,28.2293,Construction,True,True,False,False
3534,2026-07-10,Johannesburg,Gauteng,-26.2041,28.0473,Retail,True,True,False,False
3535,2026-07-10,Durban,KwaZulu-Natal,-29.8587,31.0218,Construction,True,False,False,False
3536,2026-07-11,Cape Town,Western Cape,-33.9249,18.4241,Spaza Shop,True,False,False,False
3537,2026-07-11,Cape Town,Western Cape,-33.9249,18.4241,Food Stall,True,True,False,False
3538,2026-07-11,Johannesburg,Gauteng,-26.2041,28.0473,Hair Salon,True,True,True,False
3539,2026-07-11,Cape Town,Western Cape,-33.9249,18.4241,Food Stall,True,False,False,False
3540,2026-07-11,Mbombela,Mpumalanga,-25.4753,30.9694,Construction,True,True,True,True
3541,2026-07-11,Cape Town,Western Cape,-33.9249,18.4241,Spaza Shop,True,True,False,False
3542,2026-07-11,East London,Eastern Cape,-33.0153,27.9116,Retail,True,False,False,False
3543,2026-07-11,Cape Town,Western Cape,-33.9249,18.4241,Food Stall,True,True,True,True
3544,2026-07-11,Pretoria,Gauteng,-25.7479,28.2293,Retail,True,True,True,True
3545,2026-07-11,Durban,KwaZulu-Natal,-29.8587,31.0218,Tech Services,True,False,False,False
3546,2026-07-11,Johannesburg,Gauteng,-26.2041,28.0473,Retail,True,False,False,False
3547,2026-07-11,Bloemfontein,Free State,-29.0852,26.1596,Food Stall,True,False,False,False
3548,2026-07-11,Kimberley,Northern Cape,-28.7282,24.7499,Retail,True,True,False,False
3549,2026-07-11,Bloemfontein,Free State,-29.0852,26.1596,Tech Services,True,False,False,False
3550,2026-07-11,Durban,KwaZulu-Natal,-29.8587,31.0218,Construction,True,True,False,False
3551,2026-07-11,Johannesburg,Gauteng,-26.2041,28.0473,Food Stall,True,True,True,True
3552,2026-07-11,Johannesburg,Gauteng,-26.2041,28.0473,Retail,True,True,False,False
3553,2026-07-11,Johannesburg,Gauteng,-26.2041,28.0473,Tech Services,True,True,True,True
3554,2026-07-11,Johannesburg,Gauteng,-26.2041,28.0473,Retail,True,True,True,False
3555,2026-07-11,Kimberley,Northern Cape,-28.7282,24.7499,Hair Salon,True,False,False,False
3556,2026-07-11,Johannesburg,Gauteng,-26.2041,28.0473,Construction,True,True,True,False
3557,2026-07-11,Johannesburg,Gauteng,-26.2041,28.0473,Retail,True,False,False,False
3558,2026-07-11,Kimberley,Northern Cape,-28.7282,24.7499,Hair Salon,True,True,False,False
3559,2026-07-11,Cape Town,Western Cape,-33.9249,18.4241,Food Stall,True,False,False,False
3560,2026-07-11,Cape Town,Western Cape,-33.9249,18.4241,Hair Salon,True,True,False,False
3561,2026-07-11,Cape Town,Western Cape,-33.9249,18.4241,Retail,True,True,True,False
3562,2026-07-11,Gqeberha,Eastern Cape,-33.9608,25.6022,Hair Salon,True,False,False,False
3563,2026-07-11,Kimberley,Northern Cape,-28.7282,24.7499,Construction,True,True,True,False
3564,2026-07-11,Cape Town,Western Cape,-33.9249,18.4241,Transport,True,False,False,False
3565,2026-07-11,Johannesburg,Gauteng,-26.2041,28.0473,Tech Services,True,False,False,False
3566,2026-07-11,Johannesburg,Gauteng,-26.2041,28.0473,Construction,True,True,False,False
3567,2026-07-11,Johannesburg,Gauteng,-26.2041,28.0473,Hair Salon,True,True,True,False
3568,2026-07-11,Kimberley,Northern Cape,-28.7282,24.7499,Food Stall,True,False,False,False
3569,2026-07-11,Durban,KwaZulu-Natal,-29.8587,31.0218,Spaza Shop,True,True,True,False
3570,2026-07-11,Johannesburg,Gauteng,-26.2041,28.0473,Spaza Shop,True,True,False,False
3571,2026-07-11,Kimberley,Northern Cape,-28.7282,24.7499,Transport,True,False,False,False
3572,2026-07-12,Cape Town,Western Cape,-33.9249,18.4241,Transport,True,False,False,False
3573,2026-07-12,Polokwane,Limpopo,-23.9045,29.4689,Hair Salon,True,True,False,False
3574,2026-07-12,Durban,KwaZulu-Natal,-29.8587,31.0218,Transport,True,True,False,False
3575,2026-07-12,Johannesburg,Gauteng,-26.2041,28.0473,Transport,True,False,False,False
3576,2026-07-12,Pretoria,Gauteng,-25.7479,28.2293,Hair Salon,True,True,True,True
3577,2026-07-12,Johannesburg,Gauteng,-26.2041,28.0473,Catering,True,True,False,False
3578,2026-07-12,Gqeberha,Eastern Cape,-33.9608,25.6022,Catering,True,False,False,False
3579,2026-07-12,Pretoria,Gauteng,-25.7479,28.2293,Hair Salon,True,False,False,False
3580,2026-07-12,Kimberley,Northern Cape,-28.7282,24.7499,Retail,True,True,False,False
3581,2026-07-12,Cape Town,Western Cape,-33.9249,18.4241,Hair Salon,True,True,True,True
3582,2026-07-12,Polokwane,Limpopo,-23.9045,29.4689,Hair Salon,True,False,False,False
3583,2026-07-12,Cape Town,Western Cape,-33.9249,18.4241,Hair Salon,True,True,True,True
3584,2026-07-12,Johannesburg,Gauteng,-26.2041,28.0473,Construction,True,True,False,False
3585,2026-07-12,Johannesburg,Gauteng,-26.2041,28.0473,Hair Salon,True,True,False,False
3586,2026-07-12,East London,Eastern Cape,-33.0153,27.9116,Retail,True,True,False,False
3587,2026-07-12,Polokwane,Limpopo,-23.9045,29.4689,Hair Salon,True,False,False,False
3588,2026-07-12,Polokwane,Limpopo,-23.9045,29.4689,Spaza Shop,True,False,False,False
3589,2026-07-12,Pretoria,Gauteng,-25.7479,28.2293,Hair Salon,True,False,False,False
3590,2026-07-12,Durban,KwaZulu-Natal,-29.8587,31.0218,Spaza Shop,True,True,True,True
3591,2026-07-12,Johannesburg,Gauteng,-26.2041,28.0473,Hair Salon,True,True,True,True
3592,2026-07-12,Pretoria,Gauteng,-25.7479,28.2293,Construction,True,True,False,False
3593,2026-07-12,Johannesburg,Gauteng,-26.2041,28.0473,Hair Salon,True,True,False,False
3594,2026-07-12,Durban,KwaZulu-Natal,-29.8587,31.0218,Catering,True,True,True,False
3595,2026-07-12,Bloemfontein,Free State,-29.0852,26.1596,Construction,True,False,False,False
3596,2026-07-12,Kimberley,Northern Cape,-28.7282,24.7499,Retail,True,True,False,False
3597,2026-07-13,Durban,KwaZulu-Natal,-29.8587,31.0218,Construction,True,False,False,False
3598,2026-07-13,Cape Town,Western Cape,-33.9249,18.4241,Tech Services,True,True,True,False
3599,2026-07-13,Johannesburg,Gauteng,-26.2041,28.0473,Tech Services,True,True,True,False
3600,2026-07-13,Mbombela,Mpumalanga,-25.4753,30.9694,Hair Salon,True,True,True,False
3601,2026-07-13,Gqeberha,Eastern Cape,-33.9608,25.6022,Spaza Shop,True,True,False,False
3602,2026-07-13,Kimberley,Northern Cape,-28.7282,24.7499,Catering,True,True,True,False
3603,2026-07-13,Durban,KwaZulu-Natal,-29.8587,31.0218,Hair Salon,True,False,False,False
3604,2026-07-13,Kimberley,Northern Cape,-28.7282,24.7499,Construction,True,True,False,False
3605,2026-07-13,Kimberley,Northern Cape,-28.7282,24.7499,Hair Salon,True,False,False,False
3606,2026-07-13,Gqeberha,Eastern Cape,-33.9608,25.6022,Spaza Shop,True,True,True,False
3607,2026-07-13,Durban,KwaZulu-Natal,-29.8587,31.0218,Spaza Shop,True,False,False,False
3608,2026-07-13,Cape Town,Western Cape,-33.9249,18.4241,Hair Salon,True,True,True,True
3609,2026-07-13,Polokwane,Limpopo,-23.9045,29.4689,Retail,True,True,False,False
3610,2026-07-13,Cape Town,Western Cape,-33.9249,18.4241,Construction,True,True,False,False
3611,2026-07-13,Cape Town,Western Cape,-33.9249,18.4241,Construction,True,True,False,False
3612,2026-07-13,Cape Town,Western Cape,-33.9249,18.4241,Tech Services,True,False,False,False
3613,2026-07-13,Johannesburg,Gauteng,-26.2041,28.0473,Spaza Shop,True,True,True,True
3614,2026-07-13,Bloemfontein,Free State,-29.0852,26.1596,Retail,True,True,True,True
3615,2026-07-13,Johannesburg,Gauteng,-26.2041,28.0473,Hair Salon,True,True,True,True
3616,2026-07-13,Durban,KwaZulu-Natal,-29.8587,31.0218,Food Stall,True,True,False,False
3617,2026-07-13,Johannesburg,Gauteng,-26.2041,28.0473,Food Stall,True,False,False,False
3618,2026-07-13,Mbombela,Mpumalanga,-25.4753,30.9694,Food Stall,True,True,False,False
3619,2026-07-13,Polokwane,Limpopo,-23.9045,29.4689,Construction,True,True,True,False
3620,2026-07-13,Kimberley,Northern Cape,-28.7282,24.7499,Catering,True,False,False,False
3621,2026-07-13,Johannesburg,Gauteng,-26.2041,28.0473,Retail,True,False,False,False
3622,2026-07-13,Gqeberha,Eastern Cape,-33.9608,25.6022,Retail,True,True,False,False
3623,2026-07-13,Bloemfontein,Free State,-29.0852,26.1596,Hair Salon,True,True,False,False
3624,2026-07-13,Pretoria,Gauteng,-25.7479,28.2293,Catering,True,True,False,False
3625,2026-07-13,Durban,KwaZulu-Natal,-29.8587,31.0218,Spaza Shop,True,False,False,False
3626,2026-07-13,Johannesburg,Gauteng,-26.2041,28.0473,Tech Services,True,True,False,False
3627,2026-07-13,Durban,KwaZulu-Natal,-29.8587,31.0218,Retail,True,True,True,True
3628,2026-07-13,Gqeberha,Eastern Cape,-33.9608,25.6022,Retail,True,True,False,False
3629,2026-07-13,Durban,KwaZulu-Natal,-29.8587,31.0218,Transport,True,True,False,False
3630,2026-07-13,Johannesburg,Gauteng,-26.2041,28.0473,Spaza Shop,True,True,True,True
3631,2026-07-14,Polokwane,Limpopo,-23.9045,29.4689,Transport,True,True,False,False
3632,2026-07-14,Cape Town,Western Cape,-33.9249,18.4241,Hair Salon,True,True,False,False
3633,2026-07-14,Johannesburg,Gauteng,-26.2041,28.0473,Construction,True,False,False,False
3634,2026-07-14,Cape Town,Western Cape,-33.9249,18.4241,Hair Salon,True,True,True,False
3635,2026-07-14,Johannesburg,Gauteng,-26.2041,28.0473,Food Stall,True,False,False,False
3636,2026-07-14,Gqeberha,Eastern Cape,-33.9608,25.6022,Spaza Shop,True,True,True,False
3637,2026-07-14,Pretoria,Gauteng,-25.7479,28.2293,Tech Services,True,False,False,False
3638,2026-07-14,Johannesburg,Gauteng,-26.2041,28.0473,Food Stall,True,True,False,False
3639,2026-07-14,Polokwane,Limpopo,-23.9045,29.4689,Hair Salon,True,True,False,False
3640,2026-07-15,Johannesburg,Gauteng,-26.2041,28.0473,Construction,True,True,False,False
3641,2026-07-15,Johannesburg,Gauteng,-26.2041,28.0473,Spaza Shop,True,True,False,False
3642,2026-07-15,Mbombela,Mpumalanga,-25.4753,30.9694,Tech Services,True,True,False,False
3643,2026-07-15,Polokwane,Limpopo,-23.9045,29.4689,Construction,True,True,False,False
3644,2026-07-15,Mbombela,Mpumalanga,-25.4753,30.9694,Transport,True,True,False,False
3645,2026-07-15,Mbombela,Mpumalanga,-25.4753,30.9694,Catering,True,False,False,False
3646,2026-07-15,Johannesburg,Gauteng,-26.2041,28.0473,Spaza Shop,True,True,False,False
3647,2026-07-15,Gqeberha,Eastern Cape,-33.9608,25.6022,Construction,True,True,False,False
3648,2026-07-15,Bloemfontein,Free State,-29.0852,26.1596,Construction,True,False,False,False
3649,2026-07-15,East London,Eastern Cape,-33.0153,27.9116,Food Stall,True,True,True,True
3650,2026-07-15,Pretoria,Gauteng,-25.7479,28.2293,Construction,True,True,True,False
3651,2026-07-15,Cape Town,Western Cape,-33.9249,18.4241,Retail,True,False,False,False
3652,2026-07-15,East London,Eastern Cape,-33.0153,27.9116,Catering,True,True,False,False
3653,2026-07-15,Cape Town,Western Cape,-33.9249,18.4241,Tech Services,True,True,True,False
3654,2026-07-15,Johannesburg,Gauteng,-26.2041,28.0473,Construction,True,False,False,False
3655,2026-07-15,Johannesburg,Gauteng,-26.2041,28.0473,Catering,True,True,True,False
3656,2026-07-15,Pretoria,Gauteng,-25.7479,28.2293,Transport,True,True,False,False
3657,2026-07-15,Polokwane,Limpopo,-23.9045,29.4689,Construction,True,True,False,False
3658,2026-07-15,Mbombela,Mpumalanga,-25.4753,30.9694,Food Stall,True,True,False,False
3659,2026-07-15,Pretoria,Gauteng,-25.7479,28.2293,Spaza Shop,True,True,True,False
3660,2026-07-16,Johannesburg,Gauteng,-26.2041,28.0473,Food Stall,True,True,False,False
3661,2026-07-16,Mbombela,Mpumalanga,-25.4753,30.9694,Hair Salon,True,False,False,False
3662,2026-07-16,East London,Eastern Cape,-33.0153,27.9116,Hair Salon,True,True,True,False
3663,2026-07-16,Durban,KwaZulu-Natal,-29.8587,31.0218,Catering,True,True,False,False
3664,2026-07-16,Johannesburg,Gauteng,-26.2041,28.0473,Catering,True,True,False,False
3665,2026-07-16,Pretoria,Gauteng,-25.7479,28.2293,Hair Salon,True,True,False,False
3666,2026-07-16,Pretoria,Gauteng,-25.7479,28.2293,Retail,True,True,True,False
3667,2026-07-16,Pretoria,Gauteng,-25.7479,28.2293,Spaza Shop,True,True,False,False
3668,2026-07-16,Cape Town,Western Cape,-33.9249,18.4241,Construction,True,False,False,False
3669,2026-07-16,Johannesburg,Gauteng,-26.2041,28.0473,Hair Salon,True,False,False,False
3670,2026-07-16,Cape Town,Western Cape,-33.9249,18.4241,Hair Salon,True,True,True,False
3671,2026-07-16,Bloemfontein,Free State,-29.0852,26.1596,Transport,True,True,True,True
3672,2026-07-16,Johannesburg,Gauteng,-26.2041,28.0473,Spaza Shop,True,False,False,False
3673,2026-07-16,Bloemfontein,Free State,-29.0852,26.1596,Spaza Shop,True,False,False,False
3674,2026-07-16,Johannesburg,Gauteng,-26.2041,28.0473,Hair Salon,True,True,False,False
3675,2026-07-16,Johannesburg,Gauteng,-26.2041,28.0473,Hair Salon,True,True,False,False
3676,2026-07-16,Cape Town,Western Cape,-33.9249,18.4241,Transport,True,False,False,False
3677,2026-07-16,Johannesburg,Gauteng,-26.2041,28.0473,Spaza Shop,True,True,False,False
3678,2026-07-16,Gqeberha,Eastern Cape,-33.9608,25.6022,Transport,True,False,False,False
3679,2026-07-16,Cape Town,Western Cape,-33.9249,18.4241,Retail,True,True,False,False
3680,2026-07-16,Bloemfontein,Free State,-29.0852,26.1596,Food Stall,True,True,True,False
3681,2026-07-16,Pretoria,Gauteng,-25.7479,28.2293,Catering,True,True,False,False
3682,2026-07-16,Johannesburg,Gauteng,-26.2041,28.0473,Spaza Shop,True,False,False,False
3683,2026-07-16,Pretoria,Gauteng,-25.7479,28.2293,Food Stall,True,True,False,False
3684,2026-07-16,Johannesburg,Gauteng,-26.2041,28.0473,Construction,True,True,True,True
3685,2026-07-17,Cape Town,Western Cape,-33.9249,18.4241,Retail,True,True,True,False
3686,2026-07-17,Durban,KwaZulu-Natal,-29.8587,31.0218,Construction,True,True,False,False
3687,2026-07-17,Cape Town,Western Cape,-33.9249,18.4241,Construction,True,False,False,False
3688,2026-07-17,Kimberley,Northern Cape,-28.7282,24.7499,Catering,True,True,True,False
3689,2026-07-17,Bloemfontein,Free State,-29.0852,26.1596,Food Stall,True,True,True,False
3690,2026-07-17,Johannesburg,Gauteng,-26.2041,28.0473,Food Stall,True,True,True,False
3691,2026-07-17,Durban,KwaZulu-Natal,-29.8587,31.0218,Spaza Shop,True,False,False,False
3692,2026-07-17,Bloemfontein,Free State,-29.0852,26.1596,Catering,True,False,False,False
3693,2026-07-17,Johannesburg,Gauteng,-26.2041,28.0473,Hair Salon,True,True,False,False
3694,2026-07-17,Polokwane,Limpopo,-23.9045,29.4689,Spaza Shop,True,True,False,False
3695,2026-07-17,Pretoria,Gauteng,-25.7479,28.2293,Catering,True,False,False,False
3696,2026-07-17,Durban,KwaZulu-Natal,-29.8587,31.0218,Construction,True,True,False,False
3697,2026-07-17,Cape Town,Western Cape,-33.9249,18.4241,Hair Salon,True,True,False,False
3698,2026-07-17,Cape Town,Western Cape,-33.9249,18.4241,Catering,True,True,False,False
3699,2026-07-17,Gqeberha,Eastern Cape,-33.9608,25.6022,Retail,True,False,False,False
3700,2026-07-17,Gqeberha,Eastern Cape,-33.9608,25.6022,Retail,True,True,False,False
3701,2026-07-17,Cape Town,Western Cape,-33.9249,18.4241,Catering,True,True,True,True
3702,2026-07-17,Cape Town,Western Cape,-33.9249,18.4241,Retail,True,True,True,True
3703,2026-07-17,Mbombela,Mpumalanga,-25.4753,30.9694,Spaza Shop,True,True,False,False
3704,2026-07-17,East London,Eastern Cape,-33.0153,27.9116,Tech Services,True,True,False,False
3705,2026-07-17,Johannesburg,Gauteng,-26.2041,28.0473,Transport,True,False,False,False
3706,2026-07-17,Bloemfontein,Free State,-29.0852,26.1596,Spaza Shop,True,False,False,False
3707,2026-07-17,Johannesburg,Gauteng,-26.2041,28.0473,Transport,True,False,False,False
3708,2026-07-17,Pretoria,Gauteng,-25.7479,28.2293,Retail,True,False,False,False
3709,2026-07-17,Johannesburg,Gauteng,-26.2041,28.0473,Spaza Shop,True,False,False,False
3710,2026-07-17,Gqeberha,Eastern Cape,-33.9608,25.6022,Retail,True,True,True,False
3711,2026-07-17,Cape Town,Western Cape,-33.9249,18.4241,Spaza Shop,True,False,False,False
3712,2026-07-17,Bloemfontein,Free State,-29.0852,26.1596,Transport,True,False,False,False
3713,2026-07-17,Pretoria,Gauteng,-25.7479,28.2293,Catering,True,False,False,False
3714,2026-07-17,East London,Eastern Cape,-33.0153,27.9116,Catering,True,True,False,False
3715,2026-07-18,Cape Town,Western Cape,-33.9249,18.4241,Spaza Shop,True,False,False,False
3716,2026-07-18,Gqeberha,Eastern Cape,-33.9608,25.6022,Retail,True,True,True,False
3717,2026-07-18,Pretoria,Gauteng,-25.7479,28.2293,Construction,True,False,False,False
3718,2026-07-18,Kimberley,Northern Cape,-28.7282,24.7499,Construction,True,False,False,False
3719,2026-07-18,East London,Eastern Cape,-33.0153,27.9116,Tech Services,True,True,True,False
3720,2026-07-18,Gqeberha,Eastern Cape,-33.9608,25.6022,Hair Salon,True,False,False,False
3721,2026-07-18,Johannesburg,Gauteng,-26.2041,28.0473,Food Stall,True,False,False,False
3722,2026-07-18,Durban,KwaZulu-Natal,-29.8587,31.0218,Hair Salon,True,False,False,False
3723,2026-07-18,Durban,KwaZulu-Natal,-29.8587,31.0218,Construction,True,True,True,False
3724,2026-07-18,Cape Town,Western Cape,-33.9249,18.4241,Construction,True,True,False,False
3725,2026-07-18,Johannesburg,Gauteng,-26.2041,28.0473,Hair Salon,True,True,True,True
3726,2026-07-18,Mbombela,Mpumalanga,-25.4753,30.9694,Transport,True,True,False,False
3727,2026-07-18,Kimberley,Northern Cape,-28.7282,24.7499,Tech Services,True,True,False,False
3728,2026-07-18,Bloemfontein,Free State,-29.0852,26.1596,Spaza Shop,True,False,False,False
3729,2026-07-18,Johannesburg,Gauteng,-26.2041,28.0473,Spaza Shop,True,True,False,False
3730,2026-07-18,Durban,KwaZulu-Natal,-29.8587,31.0218,Spaza Shop,True,True,True,False
3731,2026-07-18,Pretoria,Gauteng,-25.7479,28.2293,Retail,True,True,True,False
3732,2026-07-18,Gqeberha,Eastern Cape,-33.9608,25.6022,Hair Salon,True,False,False,False
3733,2026-07-18,Mbombela,Mpumalanga,-25.4753,30.9694,Spaza Shop,True,False,False,False
3734,2026-07-18,Polokwane,Limpopo,-23.9045,29.4689,Tech Services,True,False,False,False
3735,2026-07-18,Cape Town,Western Cape,-33.9249,18.4241,Catering,True,False,False,False
3736,2026-07-18,Polokwane,Limpopo,-23.9045,29.4689,Hair Salon,True,True,False,False
3737,2026-07-19,Polokwane,Limpopo,-23.9045,29.4689,Retail,True,False,False,False
3738,2026-07-19,Johannesburg,Gauteng,-26.2041,28.0473,Transport,True,True,True,False
3739,2026-07-19,East London,Eastern Cape,-33.0153,27.9116,Tech Services,True,False,False,False
3740,2026-07-19,Johannesburg,Gauteng,-26.2041,28.0473,Catering,True,False,False,False
3741,2026-07-19,Mbombela,Mpumalanga,-25.4753,30.9694,Hair Salon,True,True,False,False
3742,2026-07-19,Pretoria,Gauteng,-25.7479,28.2293,Retail,True,True,True,True
3743,2026-07-19,Mbombela,Mpumalanga,-25.4753,30.9694,Retail,True,False,False,False
3744,2026-07-19,Johannesburg,Gauteng,-26.2041,28.0473,Spaza Shop,True,True,False,False
3745,2026-07-19,East London,Eastern Cape,-33.0153,27.9116,Transport,True,False,False,False
3746,2026-07-19,Pretoria,Gauteng,-25.7479,28.2293,Tech Services,True,False,False,False
3747,2026-07-19,Cape Town,Western Cape,-33.9249,18.4241,Spaza Shop,True,False,False,False
3748,2026-07-19,Cape Town,Western Cape,-33.9249,18.4241,Tech Services,True,True,False,False
3749,2026-07-19,Bloemfontein,Free State,-29.0852,26.1596,Spaza Shop,True,True,True,True
3750,2026-07-19,Cape Town,Western Cape,-33.9249,18.4241,Hair Salon,True,True,True,False
3751,2026-07-19,East London,Eastern Cape,-33.0153,27.9116,Tech Services,True,False,False,False
3752,2026-07-19,Johannesburg,Gauteng,-26.2041,28.0473,Hair Salon,True,True,True,False
3753,2026-07-19,Mbombela,Mpumalanga,-25.4753,30.9694,Retail,True,False,False,False
3754,2026-07-19,Polokwane,Limpopo,-23.9045,29.4689,Catering,True,True,False,False
3755,2026-07-19,Cape Town,Western Cape,-33.9249,18.4241,Food Stall,True,True,False,False
3756,2026-07-19,Cape Town,Western Cape,-33.9249,18.4241,Construction,True,True,False,False
3757,2026-07-19,Kimberley,Northern Cape,-28.7282,24.7499,Retail,True,False,False,False
3758,2026-07-19,Bloemfontein,Free State,-29.0852,26.1596,Spaza Shop,True,True,True,False
3759,2026-07-19,East London,Eastern Cape,-33.0153,27.9116,Construction,True,False,False,False
3760,2026-07-19,Pretoria,Gauteng,-25.7479,28.2293,Catering,True,True,False,False
3761,2026-07-19,Cape Town,Western Cape,-33.9249,18.4241,Hair Salon,True,True,False,False
3762,2026-07-19,Johannesburg,Gauteng,-26.2041,28.0473,Spaza Shop,True,True,True,False
3763,2026-07-19,Cape Town,Western Cape,-33.9249,18.4241,Hair Salon,True,False,False,False
3764,2026-07-19,East London,Eastern Cape,-33.0153,27.9116,Food Stall,True,True,True,True
3765,2026-07-19,Kimberley,Northern Cape,-28.7282,24.7499,Catering,True,False,False,False
3766,2026-07-19,Cape Town,Western Cape,-33.9249,18.4241,Tech Services,True,True,False,False
3767,2026-07-19,Bloemfontein,Free State,-29.0852,26.1596,Retail,True,True,True,False
3768,2026-07-19,East London,Eastern Cape,-33.0153,27.9116,Food Stall,True,False,False,False
3769,2026-07-20,Johannesburg,Gauteng,-26.2041,28.0473,Tech Services,True,True,True,False
3770,2026-07-20,Durban,KwaZulu-Natal,-29.8587,31.0218,Retail,True,True,True,False
3771,2026-07-20,Johannesburg,Gauteng,-26.2041,28.0473,Construction,True,True,True,False
3772,2026-07-20,Mbombela,Mpumalanga,-25.4753,30.9694,Hair Salon,True,False,False,False
3773,2026-07-20,Johannesburg,Gauteng,-26.2041,28.0473,Construction,True,False,False,False
3774,2026-07-20,Pretoria,Gauteng,-25.7479,28.2293,Tech Services,True,True,False,False
3775,2026-07-20,Durban,KwaZulu-Natal,-29.8587,31.0218,Spaza Shop,True,False,False,False
3776,2026-07-20,Cape Town,Western Cape,-33.9249,18.4241,Food Stall,True,True,False,False
3777,2026-07-20,Johannesburg,Gauteng,-26.2041,28.0473,Spaza Shop,True,True,True,False
3778,2026-07-20,Durban,KwaZulu-Natal,-29.8587,31.0218,Construction,True,True,True,False
3779,2026-07-20,Cape Town,Western Cape,-33.9249,18.4241,Transport,True,True,False,False
3780,2026-07-20,Durban,KwaZulu-Natal,-29.8587,31.0218,Catering,True,False,False,False
3781,2026-07-20,Durban,KwaZulu-Natal,-29.8587,31.0218,Retail,True,True,True,False
3782,2026-07-20,East London,Eastern Cape,-33.0153,27.9116,Tech Services,True,False,False,False
3783,2026-07-20,Polokwane,Limpopo,-23.9045,29.4689,Tech Services,True,True,True,False
3784,2026-07-20,Pretoria,Gauteng,-25.7479,28.2293,Catering,True,True,False,False
3785,2026-07-20,Cape Town,Western Cape,-33.9249,18.4241,Catering,True,False,False,False
3786,2026-07-20,Cape Town,Western Cape,-33.9249,18.4241,Tech Services,True,True,False,False
3787,2026-07-20,Durban,KwaZulu-Natal,-29.8587,31.0218,Construction,True,True,False,False
3788,2026-07-20,Johannesburg,Gauteng,-26.2041,28.0473,Catering,True,True,True,False
3789,2026-07-20,Bloemfontein,Free State,-29.0852,26.1596,Transport,True,False,False,False
3790,2026-07-20,Durban,KwaZulu-Natal,-29.8587,31.0218,Hair Salon,True,False,False,False
3791,2026-07-21,Pretoria,Gauteng,-25.7479,28.2293,Construction,True,True,True,False
3792,2026-07-21,Durban,KwaZulu-Natal,-29.8587,31.0218,Retail,True,False,False,False
3793,2026-07-21,Durban,KwaZulu-Natal,-29.8587,31.0218,Food Stall,True,True,True,False
3794,2026-07-21,Bloemfontein,Free State,-29.0852,26.1596,Tech Services,True,True,False,False
3795,2026-07-21,Durban,KwaZulu-Natal,-29.8587,31.0218,Tech Services,True,False,False,False
3796,2026-07-21,Johannesburg,Gauteng,-26.2041,28.0473,Tech Services,True,True,False,False
3797,2026-07-21,Cape Town,Western Cape,-33.9249,18.4241,Transport,True,True,False,False
3798,2026-07-21,East London,Eastern Cape,-33.0153,27.9116,Spaza Shop,True,False,False,False
3799,2026-07-21,Johannesburg,Gauteng,-26.2041,28.0473,Retail,True,True,False,False
3800,2026-07-21,Johannesburg,Gauteng,-26.2041,28.0473,Spaza Shop,True,True,True,False
3801,2026-07-21,Cape Town,Western Cape,-33.9249,18.4241,Construction,True,False,False,False
3802,2026-07-21,Polokwane,Limpopo,-23.9045,29.4689,Tech Services,True,False,False,False
3803,2026-07-21,Durban,KwaZulu-Natal,-29.8587,31.0218,Retail,True,True,True,False
3804,2026-07-21,Johannesburg,Gauteng,-26.2041,28.0473,Catering,True,True,True,True
3805,2026-07-21,Johannesburg,Gauteng,-26.2041,28.0473,Catering,True,False,False,False
3806,2026-07-21,Gqeberha,Eastern Cape,-33.9608,25.6022,Tech Services,True,False,False,False
3807,2026-07-21,Gqeberha,Eastern Cape,-33.9608,25.6022,Hair Salon,True,True,True,False
3808,2026-07-21,Bloemfontein,Free State,-29.0852,26.1596,Food Stall,True,True,False,False
3809,2026-07-21,Mbombela,Mpumalanga,-25.4753,30.9694,Catering,True,False,False,False
3810,2026-07-21,Durban,KwaZulu-Natal,-29.8587,31.0218,Hair Salon,True,False,False,False
3811,2026-07-21,Bloemfontein,Free State,-29.0852,26.1596,Retail,True,True,True,False
3812,2026-07-21,Johannesburg,Gauteng,-26.2041,28.0473,Catering,True,True,True,True
3813,2026-07-21,Mbombela,Mpumalanga,-25.4753,30.9694,Catering,True,True,False,False
3814,2026-07-21,Johannesburg,Gauteng,-26.2041,28.0473,Tech Services,True,False,False,False
3815,2026-07-21,Johannesburg,Gauteng,-26.2041,28.0473,Catering,True,True,True,True
3816,2026-07-21,Gqeberha,Eastern Cape,-33.9608,25.6022,Construction,True,True,True,False
3817,2026-07-21,Bloemfontein,Free State,-29.0852,26.1596,Transport,True,True,False,False
3818,2026-07-21,Johannesburg,Gauteng,-26.2041,28.0473,Transport,True,True,False,False
3819,2026-07-21,Cape Town,Western Cape,-33.9249,18.4241,Retail,True,True,True,False
3820,2026-07-21,Pretoria,Gauteng,-25.7479,28.2293,Catering,True,True,False,False
3821,2026-07-21,Polokwane,Limpopo,-23.9045,29.4689,Spaza Shop,True,True,True,False
3822,2026-07-21,Kimberley,Northern Cape,-28.7282,24.7499,Construction,True,True,True,False
3823,2026-07-21,Cape Town,Western Cape,-33.9249,18.4241,Tech Services,True,True,False,False
3824,2026-07-21,Cape Town,Western Cape,-33.9249,18.4241,Food Stall,True,True,True,False
3825,2026-07-21,Gqeberha,Eastern Cape,-33.9608,25.6022,Catering,True,True,True,True
3826,2026-07-21,Durban,KwaZulu-Natal,-29.8587,31.0218,Catering,True,False,False,False
3827,2026-07-21,Johannesburg,Gauteng,-26.2041,28.0473,Tech Services,True,True,False,False
3828,2026-07-21,Johannesburg,Gauteng,-26.2041,28.0473,Food Stall,True,True,False,False
3829,2026-07-22,Bloemfontein,Free State,-29.0852,26.1596,Food Stall,True,False,False,False
3830,2026-07-22,Pretoria,Gauteng,-25.7479,28.2293,Construction,True,True,False,False
3831,2026-07-22,Polokwane,Limpopo,-23.9045,29.4689,Catering,True,False,False,False
3832,2026-07-22,Durban,KwaZulu-Natal,-29.8587,31.0218,Tech Services,True,False,False,False
3833,2026-07-22,Johannesburg,Gauteng,-26.2041,28.0473,Spaza Shop,True,True,False,False
3834,2026-07-22,Cape Town,Western Cape,-33.9249,18.4241,Tech Services,True,True,False,False
3835,2026-07-22,Cape Town,Western Cape,-33.9249,18.4241,Hair Salon,True,False,False,False
3836,2026-07-22,Cape Town,Western Cape,-33.9249,18.4241,Construction,True,True,True,False
3837,2026-07-22,Polokwane,Limpopo,-23.9045,29.4689,Spaza Shop,True,True,False,False
3838,2026-07-22,Cape Town,Western Cape,-33.9249,18.4241,Hair Salon,True,True,False,False
3839,2026-07-22,Durban,KwaZulu-Natal,-29.8587,31.0218,Catering,True,True,True,True
3840,2026-07-22,Johannesburg,Gauteng,-26.2041,28.0473,Transport,True,True,False,False
3841,2026-07-22,Johannesburg,Gauteng,-26.2041,28.0473,Hair Salon,True,True,False,False
3842,2026-07-22,Gqeberha,Eastern Cape,-33.9608,25.6022,Catering,True,True,True,True
3843,2026-07-22,Johannesburg,Gauteng,-26.2041,28.0473,Food Stall,True,True,True,True
3844,2026-07-22,Bloemfontein,Free State,-29.0852,26.1596,Retail,True,False,False,False
3845,2026-07-22,Pretoria,Gauteng,-25.7479,28.2293,Spaza Shop,True,True,False,False
3846,2026-07-22,Mbombela,Mpumalanga,-25.4753,30.9694,Transport,True,True,False,False
3847,2026-07-22,East London,Eastern Cape,-33.0153,27.9116,Construction,True,False,False,False
3848,2026-07-23,Durban,KwaZulu-Natal,-29.8587,31.0218,Retail,True,True,False,False
3849,2026-07-23,Cape Town,Western Cape,-33.9249,18.4241,Transport,True,True,True,False
3850,2026-07-23,Polokwane,Limpopo,-23.9045,29.4689,Hair Salon,True,False,False,False
3851,2026-07-23,Durban,KwaZulu-Natal,-29.8587,31.0218,Food Stall,True,True,False,False
3852,2026-07-23,Mbombela,Mpumalanga,-25.4753,30.9694,Spaza Shop,True,False,False,False
3853,2026-07-23,Gqeberha,Eastern Cape,-33.9608,25.6022,Tech Services,True,True,True,True
3854,2026-07-23,Cape Town,Western Cape,-33.9249,18.4241,Catering,True,True,False,False
3855,2026-07-23,Johannesburg,Gauteng,-26.2041,28.0473,Hair Salon,True,True,True,False
3856,2026-07-23,Gqeberha,Eastern Cape,-33.9608,25.6022,Food Stall,True,False,False,False
3857,2026-07-23,Cape Town,Western Cape,-33.9249,18.4241,Tech Services,True,True,True,True
3858,2026-07-23,Cape Town,Western Cape,-33.9249,18.4241,Transport,True,True,True,False
3859,2026-07-23,Cape Town,Western Cape,-33.9249,18.4241,Spaza Shop,True,True,False,False
3860,2026-07-23,Bloemfontein,Free State,-29.0852,26.1596,Spaza Shop,True,True,False,False
3861,2026-07-23,Cape Town,Western Cape,-33.9249,18.4241,Construction,True,True,False,False
3862,2026-07-23,Cape Town,Western Cape,-33.9249,18.4241,Transport,True,True,False,False
3863,2026-07-23,Bloemfontein,Free State,-29.0852,26.1596,Transport,True,True,False,False
3864,2026-07-23,Gqeberha,Eastern Cape,-33.9608,25.6022,Retail,True,True,True,True
3865,2026-07-23,Polokwane,Limpopo,-23.9045,29.4689,Transport,True,True,False,False
3866,2026-07-23,Pretoria,Gauteng,-25.7479,28.2293,Food Stall,True,True,False,False
3867,2026-07-23,Durban,KwaZulu-Natal,-29.8587,31.0218,Retail,True,True,True,False
3868,2026-07-23,Johannesburg,Gauteng,-26.2041,28.0473,Retail,True,True,False,False
3869,2026-07-23,Bloemfontein,Free State,-29.0852,26.1596,Construction,True,False,False,False
3870,2026-07-23,Polokwane,Limpopo,-23.9045,29.4689,Hair Salon,True,True,False,False
3871,2026-07-23,Pretoria,Gauteng,-25.7479,28.2293,Transport,True,True,True,False
3872,2026-07-23,Johannesburg,Gauteng,-26.2041,28.0473,Food Stall,True,False,False,False
3873,2026-07-24,Johannesburg,Gauteng,-26.2041,28.0473,Tech Services,True,False,False,False
3874,2026-07-24,Johannesburg,Gauteng,-26.2041,28.0473,Construction,True,True,True,False
3875,2026-07-24,Cape Town,Western Cape,-33.9249,18.4241,Hair Salon,True,True,False,False
3876,2026-07-24,Pretoria,Gauteng,-25.7479,28.2293,Hair Salon,True,False,False,False
3877,2026-07-24,Durban,KwaZulu-Natal,-29.8587,31.0218,Food Stall,True,True,True,False
3878,2026-07-24,Cape Town,Western Cape,-33.9249,18.4241,Transport,True,False,False,False
3879,2026-07-24,Johannesburg,Gauteng,-26.2041,28.0473,Retail,True,True,True,False
3880,2026-07-24,Pretoria,Gauteng,-25.7479,28.2293,Hair Salon,True,True,False,False
3881,2026-07-24,Polokwane,Limpopo,-23.9045,29.4689,Hair Salon,True,False,False,False
3882,2026-07-24,Mbombela,Mpumalanga,-25.4753,30.9694,Food Stall,True,True,False,False
3883,2026-07-24,Johannesburg,Gauteng,-26.2041,28.0473,Transport,True,True,False,False
3884,2026-07-24,Durban,KwaZulu-Natal,-29.8587,31.0218,Construction,True,True,True,False
3885,2026-07-24,Cape Town,Western Cape,-33.9249,18.4241,Transport,True,True,True,True
3886,2026-07-24,Johannesburg,Gauteng,-26.2041,28.0473,Construction,True,True,True,False
3887,2026-07-25,East London,Eastern Cape,-33.0153,27.9116,Hair Salon,True,True,False,False
3888,2026-07-25,Pretoria,Gauteng,-25.7479,28.2293,Spaza Shop,True,True,False,False
3889,2026-07-25,Johannesburg,Gauteng,-26.2041,28.0473,Catering,True,True,False,False
3890,2026-07-25,Gqeberha,Eastern Cape,-33.9608,25.6022,Hair Salon,True,False,False,False
3891,2026-07-25,Pretoria,Gauteng,-25.7479,28.2293,Hair Salon,True,False,False,False
3892,2026-07-25,Johannesburg,Gauteng,-26.2041,28.0473,Hair Salon,True,True,True,False
3893,2026-07-25,Gqeberha,Eastern Cape,-33.9608,25.6022,Catering,True,True,False,False
3894,2026-07-25,Bloemfontein,Free State,-29.0852,26.1596,Transport,True,True,True,True
3895,2026-07-25,Cape Town,Western Cape,-33.9249,18.4241,Transport,True,False,False,False
3896,2026-07-25,Durban,KwaZulu-Natal,-29.8587,31.0218,Tech Services,True,False,False,False
3897,2026-07-25,Cape Town,Western Cape,-33.9249,18.4241,Tech Services,True,False,False,False
3898,2026-07-25,Bloemfontein,Free State,-29.0852,26.1596,Retail,True,True,False,False
3899,2026-07-25,Polokwane,Limpopo,-23.9045,29.4689,Transport,True,True,False,False
3900,2026-07-25,Kimberley,Northern Cape,-28.7282,24.7499,Retail,True,False,False,False
3901,2026-07-25,Durban,KwaZulu-Natal,-29.8587,31.0218,Transport,True,True,False,False
3902,2026-07-25,East London,Eastern Cape,-33.0153,27.9116,Retail,True,True,False,False
3903,2026-07-25,Johannesburg,Gauteng,-26.2041,28.0473,Hair Salon,True,True,False,False
3904,2026-07-25,Kimberley,Northern Cape,-28.7282,24.7499,Tech Services,True,False,False,False
3905,2026-07-25,Kimberley,Northern Cape,-28.7282,24.7499,Spaza Shop,True,True,False,False
3906,2026-07-25,Polokwane,Limpopo,-23.9045,29.4689,Transport,True,True,False,False
3907,2026-07-25,Durban,KwaZulu-Natal,-29.8587,31.0218,Hair Salon,True,True,False,False
3908,2026-07-25,Mbombela,Mpumalanga,-25.4753,30.9694,Hair Salon,True,True,False,False
3909,2026-07-25,East London,Eastern Cape,-33.0153,27.9116,Hair Salon,True,False,False,False
3910,2026-07-25,Johannesburg,Gauteng,-26.2041,28.0473,Tech Services,True,True,True,False
3911,2026-07-26,Durban,KwaZulu-Natal,-29.8587,31.0218,Tech Services,True,True,True,True
3912,2026-07-26,Cape Town,Western Cape,-33.9249,18.4241,Catering,True,True,False,False
3913,2026-07-26,Cape Town,Western Cape,-33.9249,18.4241,Construction,True,False,False,False
3914,2026-07-26,Cape Town,Western Cape,-33.9249,18.4241,Food Stall,True,False,False,False
3915,2026-07-26,Gqeberha,Eastern Cape,-33.9608,25.6022,Spaza Shop,True,True,False,False
3916,2026-07-26,Johannesburg,Gauteng,-26.2041,28.0473,Catering,True,False,False,False
3917,2026-07-26,Mbombela,Mpumalanga,-25.4753,30.9694,Hair Salon,True,True,False,False
3918,2026-07-26,Durban,KwaZulu-Natal,-29.8587,31.0218,Catering,True,False,False,False
3919,2026-07-26,Gqeberha,Eastern Cape,-33.9608,25.6022,Hair Salon,True,False,False,False
3920,2026-07-26,Bloemfontein,Free State,-29.0852,26.1596,Catering,True,True,True,True
3921,2026-07-26,Polokwane,Limpopo,-23.9045,29.4689,Retail,True,False,False,False
3922,2026-07-26,Durban,KwaZulu-Natal,-29.8587,31.0218,Hair Salon,True,True,False,False
3923,2026-07-26,Cape Town,Western Cape,-33.9249,18.4241,Food Stall,True,True,True,True
3924,2026-07-26,Cape Town,Western Cape,-33.9249,18.4241,Tech Services,True,True,False,False
3925,2026-07-26,Cape Town,Western Cape,-33.9249,18.4241,Transport,True,True,True,False
3926,2026-07-26,Cape Town,Western Cape,-33.9249,18.4241,Transport,True,True,False,False
3927,2026-07-26,Durban,KwaZulu-Natal,-29.8587,31.0218,Spaza Shop,True,True,True,True
3928,2026-07-26,Pretoria,Gauteng,-25.7479,28.2293,Food Stall,True,True,False,False
3929,2026-07-26,Cape Town,Western Cape,-33.9249,18.4241,Spaza Shop,True,True,True,True
3930,2026-07-26,Durban,KwaZulu-Natal,-29.8587,31.0218,Food Stall,True,True,True,True
3931,2026-07-26,Johannesburg,Gauteng,-26.2041,28.0473,Construction,True,True,True,False
3932,2026-07-26,Mbombela,Mpumalanga,-25.4753,30.9694,Catering,True,False,False,False
3933,2026-07-26,Mbombela,Mpumalanga,-25.4753,30.9694,Transport,True,False,False,False
3934,2026-07-26,Johannesburg,Gauteng,-26.2041,28.0473,Construction,True,True,False,False
3935,2026-07-27,Bloemfontein,Free State,-29.0852,26.1596,Hair Salon,True,False,False,False
3936,2026-07-27,Gqeberha,Eastern Cape,-33.9608,25.6022,Hair Salon,True,False,False,False
3937,2026-07-27,Durban,KwaZulu-Natal,-29.8587,31.0218,Construction,True,True,False,False
3938,2026-07-27,Polokwane,Limpopo,-23.9045,29.4689,Construction,True,True,True,False
3939,2026-07-27,Pretoria,Gauteng,-25.7479,28.2293,Retail,True,False,False,False
3940,2026-07-27,Cape Town,Western Cape,-33.9249,18.4241,Food Stall,True,True,False,False
3941,2026-07-27,Pretoria,Gauteng,-25.7479,28.2293,Retail,True,False,False,False
3942,2026-07-27,Pretoria,Gauteng,-25.7479,28.2293,Food Stall,True,True,True,False
3943,2026-07-27,Durban,KwaZulu-Natal,-29.8587,31.0218,Catering,True,False,False,False
3944,2026-07-27,Polokwane,Limpopo,-23.9045,29.4689,Food Stall,True,False,False,False
3945,2026-07-27,Johannesburg,Gauteng,-26.2041,28.0473,Transport,True,True,True,True
3946,2026-07-27,Pretoria,Gauteng,-25.7479,28.2293,Food Stall,True,False,False,False
3947,2026-07-27,Bloemfontein,Free State,-29.0852,26.1596,Hair Salon,True,False,False,False
3948,2026-07-27,Johannesburg,Gauteng,-26.2041,28.0473,Transport,True,False,False,False
3949,2026-07-27,Johannesburg,Gauteng,-26.2041,28.0473,Construction,True,False,False,False
3950,2026-07-27,Johannesburg,Gauteng,-26.2041,28.0473,Hair Salon,True,True,False,False
3951,2026-07-27,Johannesburg,Gauteng,-26.2041,28.0473,Spaza Shop,True,True,False,False
3952,2026-07-27,Durban,KwaZulu-Natal,-29.8587,31.0218,Retail,True,True,False,False
3953,2026-07-27,Bloemfontein,Free State,-29.0852,26.1596,Food Stall,True,True,False,False
3954,2026-07-27,Cape Town,Western Cape,-33.9249,18.4241,Transport,True,True,False,False
3955,2026-07-27,Gqeberha,Eastern Cape,-33.9608,25.6022,Transport,True,False,False,False
3956,2026-07-27,Gqeberha,Eastern Cape,-33.9608,25.6022,Spaza Shop,True,True,True,False
3957,2026-07-27,East London,Eastern Cape,-33.0153,27.9116,Spaza Shop,True,False,False,False
3958,2026-07-27,Johannesburg,Gauteng,-26.2041,28.0473,Hair Salon,True,True,True,False
3959,2026-07-27,East London,Eastern Cape,-33.0153,27.9116,Transport,True,False,False,False
3960,2026-07-27,Johannesburg,Gauteng,-26.2041,28.0473,Catering,True,True,False,False
3961,2026-07-28,Mbombela,Mpumalanga,-25.4753,30.9694,Hair Salon,True,False,False,False
3962,2026-07-28,Johannesburg,Gauteng,-26.2041,28.0473,Transport,True,True,False,False
3963,2026-07-28,Durban,KwaZulu-Natal,-29.8587,31.0218,Construction,True,True,True,True
3964,2026-07-28,Johannesburg,Gauteng,-26.2041,28.0473,Spaza Shop,True,False,False,False
3965,2026-07-28,Durban,KwaZulu-Natal,-29.8587,31.0218,Hair Salon,True,False,False,False
3966,2026-07-28,Johannesburg,Gauteng,-26.2041,28.0473,Catering,True,True,True,False
3967,2026-07-28,Cape Town,Western Cape,-33.9249,18.4241,Hair Salon,True,True,False,False
3968,2026-07-28,Johannesburg,Gauteng,-26.2041,28.0473,Food Stall,True,True,False,False
3969,2026-07-28,Cape Town,Western Cape,-33.9249,18.4241,Catering,True,False,False,False
3970,2026-07-28,Johannesburg,Gauteng,-26.2041,28.0473,Hair Salon,True,True,False,False
3971,2026-07-28,Johannesburg,Gauteng,-26.2041,28.0473,Spaza Shop,True,True,True,False
3972,2026-07-28,Johannesburg,Gauteng,-26.2041,28.0473,Food Stall,True,False,False,False
3973,2026-07-28,Johannesburg,Gauteng,-26.2041,28.0473,Food Stall,True,True,False,False
3974,2026-07-28,Mbombela,Mpumalanga,-25.4753,30.9694,Construction,True,True,False,False
3975,2026-07-28,Johannesburg,Gauteng,-26.2041,28.0473,Spaza Shop,True,True,True,True
3976,2026-07-28,Durban,KwaZulu-Natal,-29.8587,31.0218,Retail,True,True,False,False
3977,2026-07-28,Bloemfontein,Free State,-29.0852,26.1596,Retail,True,True,False,False
3978,2026-07-28,Johannesburg,Gauteng,-26.2041,28.0473,Tech Services,True,True,True,False
3979,2026-07-28,Durban,KwaZulu-Natal,-29.8587,31.0218,Transport,True,True,True,True
3980,2026-07-28,Kimberley,Northern Cape,-28.7282,24.7499,Construction,True,True,True,True
3981,2026-07-28,Gqeberha,Eastern Cape,-33.9608,25.6022,Tech Services,True,True,False,False
3982,2026-07-28,East London,Eastern Cape,-33.0153,27.9116,Spaza Shop,True,True,False,False
3983,2026-07-28,East London,Eastern Cape,-33.0153,27.9116,Transport,True,True,False,False
3984,2026-07-28,Johannesburg,Gauteng,-26.2041,28.0473,Hair Salon,True,True,True,True
3985,2026-07-28,Pretoria,Gauteng,-25.7479,28.2293,Transport,True,True,True,True
3986,2026-07-28,Durban,KwaZulu-Natal,-29.8587,31.0218,Catering,True,True,True,False
3987,2026-07-28,Johannesburg,Gauteng,-26.2041,28.0473,Catering,True,True,False,False
3988,2026-07-28,Johannesburg,Gauteng,-26.2041,28.0473,Spaza Shop,True,False,False,False
3989,2026-07-28,Cape Town,Western Cape,-33.9249,18.4241,Food Stall,True,True,True,True
3990,2026-07-28,Pretoria,Gauteng,-25.7479,28.2293,Food Stall,True,True,False,False
3991,2026-07-28,Gqeberha,Eastern Cape,-33.9608,25.6022,Tech Services,True,False,False,False
3992,2026-07-28,Cape Town,Western Cape,-33.9249,18.4241,Retail,True,True,True,True
3993,2026-07-29,Durban,KwaZulu-Natal,-29.8587,31.0218,Hair Salon,True,False,False,False
3994,2026-07-29,Pretoria,Gauteng,-25.7479,28.2293,Spaza Shop,True,True,False,False
3995,2026-07-29,Pretoria,Gauteng,-25.7479,28.2293,Retail,True,False,False,False
3996,2026-07-29,Johannesburg,Gauteng,-26.2041,28.0473,Tech Services,True,True,True,True
3997,2026-07-29,Mbombela,Mpumalanga,-25.4753,30.9694,Food Stall,True,True,False,False
3998,2026-07-29,Cape Town,Western Cape,-33.9249,18.4241,Retail,True,False,False,False
3999,2026-07-29,Durban,KwaZulu-Natal,-29.8587,31.0218,Transport,True,True,False,False
4000,2026-07-29,Cape Town,Western Cape,-33.9249,18.4241,Food Stall,True,True,True,True
4001,2026-07-29,East London,Eastern Cape,-33.0153,27.9116,Food Stall,True,True,False,False
4002,2026-07-29,Cape Town,Western Cape,-33.9249,18.4241,Hair Salon,True,True,False,False
4003,2026-07-29,East London,Eastern Cape,-33.0153,27.9116,Tech Services,True,True,True,True
4004,2026-07-29,Durban,KwaZulu-Natal,-29.8587,31.0218,Hair Salon,True,True,True,False
4005,2026-07-29,Cape Town,Western Cape,-33.9249,18.4241,Hair Salon,True,True,True,True
4006,2026-07-29,East London,Eastern Cape,-33.0153,27.9116,Food Stall,True,False,False,False
4007,2026-07-29,Johannesburg,Gauteng,-26.2041,28.0473,Hair Salon,True,True,False,False
4008,2026-07-29,Kimberley,Northern Cape,-28.7282,24.7499,Food Stall,True,False,False,False
4009,2026-07-30,Johannesburg,Gauteng,-26.2041,28.0473,Spaza Shop,True,True,True,True
4010,2026-07-30,Cape Town,Western Cape,-33.9249,18.4241,Retail,True,True,True,True
4011,2026-07-30,Cape Town,Western Cape,-33.9249,18.4241,Tech Services,True,True,True,True
4012,2026-07-30,Johannesburg,Gauteng,-26.2041,28.0473,Spaza Shop,True,False,False,False
4013,2026-07-30,Johannesburg,Gauteng,-26.2041,28.0473,Transport,True,True,True,False
4014,2026-07-30,Cape Town,Western Cape,-33.9249,18.4241,Food Stall,True,True,False,False
4015,2026-07-30,Johannesburg,Gauteng,-26.2041,28.0473,Construction,True,True,True,True
4016,2026-07-30,Durban,KwaZulu-Natal,-29.8587,31.0218,Food Stall,True,True,False,False
4017,2026-07-30,Mbombela,Mpumalanga,-25.4753,30.9694,Tech Services,True,False,False,False
4018,2026-07-30,Cape Town,Western Cape,-33.9249,18.4241,Construction,True,True,True,True
4019,2026-07-30,East London,Eastern Cape,-33.0153,27.9116,Food Stall,True,False,False,False
4020,2026-07-30,Johannesburg,Gauteng,-26.2041,28.0473,Hair Salon,True,True,True,False
4021,2026-07-30,Pretoria,Gauteng,-25.7479,28.2293,Hair Salon,True,True,False,False
4022,2026-07-30,East London,Eastern Cape,-33.0153,27.9116,Food Stall,True,True,False,False
4023,2026-07-30,Johannesburg,Gauteng,-26.2041,28.0473,Construction,True,True,True,False
4024,2026-07-30,Durban,KwaZulu-Natal,-29.8587,31.0218,Hair Salon,True,False,False,False
4025,2026-07-30,East London,Eastern Cape,-33.0153,27.9116,Retail,True,True,False,False
4026,2026-07-30,Durban,KwaZulu-Natal,-29.8587,31.0218,Hair Salon,True,True,False,False
4027,2026-07-30,Pretoria,Gauteng,-25.7479,28.2293,Spaza Shop,True,True,True,False
4028,2026-07-30,East London,Eastern Cape,-33.0153,27.9116,Food Stall,True,True,False,False
4029,2026-07-30,Mbombela,Mpumalanga,-25.4753,30.9694,Food Stall,True,True,False,False
4030,2026-07-30,Durban,KwaZulu-Natal,-29.8587,31.0218,Hair Salon,True,True,True,False
4031,2026-07-30,East London,Eastern Cape,-33.0153,27.9116,Retail,True,True,False,False
4032,2026-07-30,Johannesburg,Gauteng,-26.2041,28.0473,Hair Salon,True,False,False,False
4033,2026-07-30,Johannesburg,Gauteng,-26.2041,28.0473,Food Stall,True,True,False,False
4034,2026-07-30,Cape Town,Western Cape,-33.9249,18.4241,Transport,True,True,True,True
4035,2026-07-30,Cape Town,Western Cape,-33.9249,18.4241,Retail,True,True,False,False
4036,2026-07-30,Durban,KwaZulu-Natal,-29.8587,31.0218,Food Stall,True,False,False,False
4037,2026-07-30,East London,Eastern Cape,-33.0153,27.9116,Retail,True,True,False,False
4038,2026-07-31,Johannesburg,Gauteng,-26.2041,28.0473,Catering,True,True,False,False
4039,2026-07-31,Johannesburg,Gauteng,-26.2041,28.0473,Catering,True,True,False,False
4040,2026-07-31,Johannesburg,Gauteng,-26.2041,28.0473,Spaza Shop,True,True,False,False
4041,2026-07-31,Durban,KwaZulu-Natal,-29.8587,31.0218,Retail,True,False,False,False
4042,2026-07-31,Johannesburg,Gauteng,-26.2041,28.0473,Hair Salon,True,False,False,False
4043,2026-07-31,Pretoria,Gauteng,-25.7479,28.2293,Food Stall,True,False,False,False
4044,2026-07-31,Polokwane,Limpopo,-23.9045,29.4689,Hair Salon,True,False,False,False
4045,2026-07-31,Kimberley,Northern Cape,-28.7282,24.7499,Retail,True,False,False,False
4046,2026-07-31,Mbombela,Mpumalanga,-25.4753,30.9694,Hair Salon,True,True,False,False
4047,2026-07-31,Kimberley,Northern Cape,-28.7282,24.7499,Retail,True,False,False,False
4048,2026-07-31,Pretoria,Gauteng,-25.7479,28.2293,Food Stall,True,True,False,False
4049,2026-07-31,Mbombela,Mpumalanga,-25.4753,30.9694,Construction,True,False,False,False
4050,2026-07-31,Durban,KwaZulu-Natal,-29.8587,31.0218,Food Stall,True,True,False,False
4051,2026-07-31,Mbombela,Mpumalanga,-25.4753,30.9694,Spaza Shop,True,True,True,True
4052,2026-07-31,Cape Town,Western Cape,-33.9249,18.4241,Catering,True,True,False,False
4053,2026-07-31,East London,Eastern Cape,-33.0153,27.9116,Hair Salon,True,True,True,False
4054,2026-07-31,Bloemfontein,Free State,-29.0852,26.1596,Catering,True,False,False,False
4055,2026-07-31,Cape Town,Western Cape,-33.9249,18.4241,Retail,True,True,False,False
4056,2026-07-31,Bloemfontein,Free State,-29.0852,26.1596,Catering,True,True,True,False
4057,2026-07-31,Cape Town,Western Cape,-33.9249,18.4241,Food Stall,True,False,False,False
4058,2026-07-31,Gqeberha,Eastern Cape,-33.9608,25.6022,Hair Salon,True,True,True,False
4059,2026-07-31,Pretoria,Gauteng,-25.7479,28.2293,Tech Services,True,False,False,False
4060,2026-07-31,Johannesburg,Gauteng,-26.2041,28.0473,Construction,True,True,True,False
4061,2026-07-31,Johannesburg,Gauteng,-26.2041,28.0473,Construction,True,True,False,False
4062,2026-07-31,Pretoria,Gauteng,-25.7479,28.2293,Tech Services,True,True,True,False
4063,2026-07-31,Johannesburg,Gauteng,-26.2041,28.0473,Tech Services,True,True,False,False
4064,2026-07-31,Gqeberha,Eastern Cape,-33.9608,25.6022,Tech Services,True,True,False,False
4065,2026-08-01,Durban,KwaZulu-Natal,-29.8587,31.0218,Tech Services,True,False,False,False
4066,2026-08-01,Johannesburg,Gauteng,-26.2041,28.0473,Spaza Shop,True,True,True,True
4067,2026-08-01,Johannesburg,Gauteng,-26.2041,28.0473,Transport,True,True,True,True
4068,2026-08-01,Durban,KwaZulu-Natal,-29.8587,31.0218,Retail,True,True,False,False
4069,2026-08-01,Durban,KwaZulu-Natal,-29.8587,31.0218,Construction,True,True,False,False
4070,2026-08-01,Pretoria,Gauteng,-25.7479,28.2293,Construction,True,True,False,False
4071,2026-08-01,Durban,KwaZulu-Natal,-29.8587,31.0218,Catering,True,False,False,False
4072,2026-08-01,Kimberley,Northern Cape,-28.7282,24.7499,Food Stall,True,True,True,False
4073,2026-08-01,Durban,KwaZulu-Natal,-29.8587,31.0218,Hair Salon,True,True,True,False
4074,2026-08-01,Pretoria,Gauteng,-25.7479,28.2293,Construction,True,True,False,False
4075,2026-08-01,Cape Town,Western Cape,-33.9249,18.4241,Catering,True,False,False,False
4076,2026-08-01,Kimberley,Northern Cape,-28.7282,24.7499,Tech Services,True,False,False,False
4077,2026-08-01,Johannesburg,Gauteng,-26.2041,28.0473,Spaza Shop,True,True,False,False
4078,2026-08-01,Pretoria,Gauteng,-25.7479,28.2293,Spaza Shop,True,False,False,False
4079,2026-08-01,Mbombela,Mpumalanga,-25.4753,30.9694,Tech Services,True,True,False,False
4080,2026-08-01,Pretoria,Gauteng,-25.7479,28.2293,Spaza Shop,True,False,False,False
4081,2026-08-02,Mbombela,Mpumalanga,-25.4753,30.9694,Retail,True,True,False,False
4082,2026-08-02,Cape Town,Western Cape,-33.9249,18.4241,Tech Services,True,True,False,False
4083,2026-08-02,Pretoria,Gauteng,-25.7479,28.2293,Spaza Shop,True,True,True,True
4084,2026-08-02,Bloemfontein,Free State,-29.0852,26.1596,Food Stall,True,True,False,False
4085,2026-08-02,Bloemfontein,Free State,-29.0852,26.1596,Hair Salon,True,True,False,False
4086,2026-08-02,Bloemfontein,Free State,-29.0852,26.1596,Spaza Shop,True,True,True,False
4087,2026-08-02,Durban,KwaZulu-Natal,-29.8587,31.0218,Spaza Shop,True,False,False,False
4088,2026-08-02,Polokwane,Limpopo,-23.9045,29.4689,Hair Salon,True,True,False,False
4089,2026-08-02,Pretoria,Gauteng,-25.7479,28.2293,Hair Salon,True,True,True,False
4090,2026-08-02,Bloemfontein,Free State,-29.0852,26.1596,Catering,True,False,False,False
4091,2026-08-02,Mbombela,Mpumalanga,-25.4753,30.9694,Retail,True,False,False,False
4092,2026-08-02,Durban,KwaZulu-Natal,-29.8587,31.0218,Construction,True,True,False,False
4093,2026-08-02,Gqeberha,Eastern Cape,-33.9608,25.6022,Food Stall,True,True,False,False
4094,2026-08-02,Pretoria,Gauteng,-25.7479,28.2293,Hair Salon,True,True,False,False
4095,2026-08-02,Pretoria,Gauteng,-25.7479,28.2293,Spaza Shop,True,True,False,False
4096,2026-08-02,Johannesburg,Gauteng,-26.2041,28.0473,Catering,True,True,False,False
4097,2026-08-02,Johannesburg,Gauteng,-26.2041,28.0473,Tech Services,True,True,True,True
4098,2026-08-02,Polokwane,Limpopo,-23.9045,29.4689,Tech Services,True,True,True,False
4099,2026-08-02,Gqeberha,Eastern Cape,-33.9608,25.6022,Tech Services,True,True,False,False
4100,2026-08-02,Johannesburg,Gauteng,-26.2041,28.0473,Catering,True,True,True,False
4101,2026-08-02,Johannesburg,Gauteng,-26.2041,28.0473,Tech Services,True,True,True,False
4102,2026-08-03,Cape Town,Western Cape,-33.9249,18.4241,Retail,True,True,False,False
4103,2026-08-03,East London,Eastern Cape,-33.0153,27.9116,Retail,True,True,False,False
4104,2026-08-03,Johannesburg,Gauteng,-26.2041,28.0473,Retail,True,True,True,True
4105,2026-08-03,Bloemfontein,Free State,-29.0852,26.1596,Tech Services,True,False,False,False
4106,2026-08-03,Cape Town,Western Cape,-33.9249,18.4241,Catering,True,True,True,False
4107,2026-08-03,Johannesburg,Gauteng,-26.2041,28.0473,Retail,True,False,False,False
4108,2026-08-03,Pretoria,Gauteng,-25.7479,28.2293,Food Stall,True,False,False,False
4109,2026-08-03,Bloemfontein,Free State,-29.0852,26.1596,Food Stall,True,True,False,False
4110,2026-08-03,Bloemfontein,Free State,-29.0852,26.1596,Spaza Shop,True,True,True,True
4111,2026-08-03,Cape Town,Western Cape,-33.9249,18.4241,Retail,True,True,False,False
4112,2026-08-03,East London,Eastern Cape,-33.0153,27.9116,Catering,True,False,False,False
4113,2026-08-03,Polokwane,Limpopo,-23.9045,29.4689,Retail,True,True,False,False
4114,2026-08-03,Johannesburg,Gauteng,-26.2041,28.0473,Construction,True,True,True,False
4115,2026-08-03,Mbombela,Mpumalanga,-25.4753,30.9694,Tech Services,True,True,False,False
4116,2026-08-03,Johannesburg,Gauteng,-26.2041,28.0473,Food Stall,True,True,True,True
4117,2026-08-03,Cape Town,Western Cape,-33.9249,18.4241,Food Stall,True,False,False,False
4118,2026-08-03,Pretoria,Gauteng,-25.7479,28.2293,Spaza Shop,True,True,True,True
4119,2026-08-03,Johannesburg,Gauteng,-26.2041,28.0473,Hair Salon,True,True,False,False
4120,2026-08-03,Johannesburg,Gauteng,-26.2041,28.0473,Retail,True,False,False,False
4121,2026-08-03,Durban,KwaZulu-Natal,-29.8587,31.0218,Spaza Shop,True,True,True,True
4122,2026-08-03,Johannesburg,Gauteng,-26.2041,28.0473,Food Stall,True,True,False,False
4123,2026-08-03,Gqeberha,Eastern Cape,-33.9608,25.6022,Catering,True,False,False,False
4124,2026-08-03,Johannesburg,Gauteng,-26.2041,28.0473,Transport,True,True,False,False
4125,2026-08-04,Cape Town,Western Cape,-33.9249,18.4241,Spaza Shop,True,False,False,False
4126,2026-08-04,Mbombela,Mpumalanga,-25.4753,30.9694,Retail,True,True,True,False
4127,2026-08-04,Polokwane,Limpopo,-23.9045,29.4689,Tech Services,True,False,False,False
4128,2026-08-04,Johannesburg,Gauteng,-26.2041,28.0473,Catering,True,False,False,False
4129,2026-08-04,Johannesburg,Gauteng,-26.2041,28.0473,Food Stall,True,True,True,False
4130,2026-08-04,Pretoria,Gauteng,-25.7479,28.2293,Tech Services,True,True,False,False
4131,2026-08-04,Polokwane,Limpopo,-23.9045,29.4689,Transport,True,True,False,False
4132,2026-08-04,Kimberley,Northern Cape,-28.7282,24.7499,Transport,True,False,False,False
4133,2026-08-04,Kimberley,Northern Cape,-28.7282,24.7499,Catering,True,False,False,False
4134,2026-08-04,Pretoria,Gauteng,-25.7479,28.2293,Construction,True,True,False,False
4135,2026-08-04,Cape Town,Western Cape,-33.9249,18.4241,Transport,True,False,False,False
4136,2026-08-04,East London,Eastern Cape,-33.0153,27.9116,Retail,True,False,False,False
4137,2026-08-04,Johannesburg,Gauteng,-26.2041,28.0473,Transport,True,True,True,True
4138,2026-08-04,Pretoria,Gauteng,-25.7479,28.2293,Construction,True,True,False,False
4139,2026-08-04,Polokwane,Limpopo,-23.9045,29.4689,Food Stall,True,True,True,True
4140,2026-08-04,Pretoria,Gauteng,-25.7479,28.2293,Food Stall,True,True,False,False
4141,2026-08-04,Gqeberha,Eastern Cape,-33.9608,25.6022,Hair Salon,True,False,False,False
4142,2026-08-04,Cape Town,Western Cape,-33.9249,18.4241,Tech Services,True,False,False,False
4143,2026-08-04,Bloemfontein,Free State,-29.0852,26.1596,Catering,True,True,True,False
4144,2026-08-04,Cape Town,Western Cape,-33.9249,18.4241,Tech Services,True,True,False,False
4145,2026-08-04,Gqeberha,Eastern Cape,-33.9608,25.6022,Food Stall,True,False,False,False
4146,2026-08-04,Cape Town,Western Cape,-33.9249,18.4241,Hair Salon,True,True,False,False
4147,2026-08-04,Durban,KwaZulu-Natal,-29.8587,31.0218,Transport,True,True,True,True
4148,2026-08-04,Gqeberha,Eastern Cape,-33.9608,25.6022,Construction,True,True,True,False
4149,2026-08-04,Pretoria,Gauteng,-25.7479,28.2293,Retail,True,True,False,False
4150,2026-08-04,Durban,KwaZulu-Natal,-29.8587,31.0218,Retail,True,True,False,False
4151,2026-08-04,Johannesburg,Gauteng,-26.2041,28.0473,Hair Salon,True,False,False,False
4152,2026-08-04,Cape Town,Western Cape,-33.9249,18.4241,Retail,True,True,True,False
4153,2026-08-04,Cape Town,Western Cape,-33.9249,18.4241,Retail,True,True,True,False
4154,2026-08-04,Pretoria,Gauteng,-25.7479,28.2293,Transport,True,False,False,False
4155,2026-08-04,Pretoria,Gauteng,-25.7479,28.2293,Construction,True,True,False,False
4156,2026-08-04,East London,Eastern Cape,-33.0153,27.9116,Hair Salon,True,False,False,False
4157,2026-08-04,Cape Town,Western Cape,-33.9249,18.4241,Hair Salon,True,True,True,False
4158,2026-08-04,Johannesburg,Gauteng,-26.2041,28.0473,Transport,True,True,False,False
4159,2026-08-05,Pretoria,Gauteng,-25.7479,28.2293,Retail,True,True,True,False
4160,2026-08-05,Polokwane,Limpopo,-23.9045,29.4689,Tech Services,True,False,False,False
4161,2026-08-05,Kimberley,Northern Cape,-28.7282,24.7499,Spaza Shop,True,True,False,False
4162,2026-08-05,Pretoria,Gauteng,-25.7479,28.2293,Food Stall,True,False,False,False
4163,2026-08-05,Durban,KwaZulu-Natal,-29.8587,31.0218,Retail,True,True,False,False
4164,2026-08-05,East London,Eastern Cape,-33.0153,27.9116,Retail,True,False,False,False
4165,2026-08-05,Cape Town,Western Cape,-33.9249,18.4241,Tech Services,True,True,True,False
4166,2026-08-05,Gqeberha,Eastern Cape,-33.9608,25.6022,Construction,True,True,True,True
4167,2026-08-05,Durban,KwaZulu-Natal,-29.8587,31.0218,Hair Salon,True,True,True,False
4168,2026-08-05,Johannesburg,Gauteng,-26.2041,28.0473,Food Stall,True,True,False,False
4169,2026-08-05,Johannesburg,Gauteng,-26.2041,28.0473,Catering,True,False,False,False
4170,2026-08-05,Mbombela,Mpumalanga,-25.4753,30.9694,Spaza Shop,True,True,False,False
4171,2026-08-05,Gqeberha,Eastern Cape,-33.9608,25.6022,Spaza Shop,True,True,True,True
4172,2026-08-05,East London,Eastern Cape,-33.0153,27.9116,Spaza Shop,True,True,True,False
4173,2026-08-05,Johannesburg,Gauteng,-26.2041,28.0473,Spaza Shop,True,True,True,True
4174,2026-08-05,Mbombela,Mpumalanga,-25.4753,30.9694,Food Stall,True,True,False,False
4175,2026-08-05,Gqeberha,Eastern Cape,-33.9608,25.6022,Retail,True,True,False,False
4176,2026-08-05,Johannesburg,Gauteng,-26.2041,28.0473,Construction,True,True,True,True
4177,2026-08-05,Polokwane,Limpopo,-23.9045,29.4689,Hair Salon,True,True,True,True
4178,2026-08-05,Durban,KwaZulu-Natal,-29.8587,31.0218,Food Stall,True,False,False,False
4179,2026-08-05,Pretoria,Gauteng,-25.7479,28.2293,Catering,True,False,False,False
4180,2026-08-05,Johannesburg,Gauteng,-26.2041,28.0473,Transport,True,True,False,False
4181,2026-08-05,East London,Eastern Cape,-33.0153,27.9116,Spaza Shop,True,False,False,False
4182,2026-08-05,Johannesburg,Gauteng,-26.2041,28.0473,Spaza Shop,True,False,False,False
4183,2026-08-06,Cape Town,Western Cape,-33.9249,18.4241,Catering,True,False,False,False
4184,2026-08-06,Johannesburg,Gauteng,-26.2041,28.0473,Retail,True,False,False,False
4185,2026-08-06,Mbombela,Mpumalanga,-25.4753,30.9694,Tech Services,True,False,False,False
4186,2026-08-06,Cape Town,Western Cape,-33.9249,18.4241,Tech Services,True,True,True,False
4187,2026-08-06,Cape Town,Western Cape,-33.9249,18.4241,Tech Services,True,False,False,False
4188,2026-08-06,Cape Town,Western Cape,-33.9249,18.4241,Transport,True,True,True,False
4189,2026-08-06,Pretoria,Gauteng,-25.7479,28.2293,Construction,True,True,True,False
4190,2026-08-06,Kimberley,Northern Cape,-28.7282,24.7499,Transport,True,True,False,False
4191,2026-08-06,Johannesburg,Gauteng,-26.2041,28.0473,Retail,True,True,False,False
4192,2026-08-06,Bloemfontein,Free State,-29.0852,26.1596,Spaza Shop,True,True,False,False
4193,2026-08-06,Cape Town,Western Cape,-33.9249,18.4241,Construction,True,True,True,True
4194,2026-08-06,Pretoria,Gauteng,-25.7479,28.2293,Tech Services,True,True,False,False
4195,2026-08-06,Johannesburg,Gauteng,-26.2041,28.0473,Construction,True,True,False,False
4196,2026-08-06,Durban,KwaZulu-Natal,-29.8587,31.0218,Hair Salon,True,True,False,False
4197,2026-08-06,Cape Town,Western Cape,-33.9249,18.4241,Food Stall,True,False,False,False
4198,2026-08-06,Bloemfontein,Free State,-29.0852,26.1596,Tech Services,True,True,True,False
4199,2026-08-06,Johannesburg,Gauteng,-26.2041,28.0473,Tech Services,True,True,True,False
4200,2026-08-06,Johannesburg,Gauteng,-26.2041,28.0473,Catering,True,True,True,False
4201,2026-08-06,Cape Town,Western Cape,-33.9249,18.4241,Food Stall,True,True,False,False
4202,2026-08-06,Polokwane,Limpopo,-23.9045,29.4689,Catering,True,False,False,False
4203,2026-08-06,Cape Town,Western Cape,-33.9249,18.4241,Transport,True,True,True,False
4204,2026-08-06,Mbombela,Mpumalanga,-25.4753,30.9694,Food Stall,True,False,False,False
4205,2026-08-06,Cape Town,Western Cape,-33.9249,18.4241,Hair Salon,True,True,False,False
4206,2026-08-07,Cape Town,Western Cape,-33.9249,18.4241,Catering,True,True,False,False
4207,2026-08-07,Cape Town,Western Cape,-33.9249,18.4241,Catering,True,True,True,True
4208,2026-08-07,Pretoria,Gauteng,-25.7479,28.2293,Catering,True,True,False,False
4209,2026-08-07,Cape Town,Western Cape,-33.9249,18.4241,Transport,True,True,True,False
4210,2026-08-07,Cape Town,Western Cape,-33.9249,18.4241,Retail,True,True,True,False
4211,2026-08-07,Gqeberha,Eastern Cape,-33.9608,25.6022,Hair Salon,True,True,False,False
4212,2026-08-07,East London,Eastern Cape,-33.0153,27.9116,Spaza Shop,True,True,True,False
4213,2026-08-07,Pretoria,Gauteng,-25.7479,28.2293,Catering,True,False,False,False
4214,2026-08-07,Johannesburg,Gauteng,-26.2041,28.0473,Food Stall,True,True,True,False
4215,2026-08-07,East London,Eastern Cape,-33.0153,27.9116,Spaza Shop,True,False,False,False
4216,2026-08-07,Mbombela,Mpumalanga,-25.4753,30.9694,Construction,True,True,False,False
4217,2026-08-07,Mbombela,Mpumalanga,-25.4753,30.9694,Tech Services,True,False,False,False
4218,2026-08-07,Pretoria,Gauteng,-25.7479,28.2293,Retail,True,True,True,False
4219,2026-08-07,Polokwane,Limpopo,-23.9045,29.4689,Transport,True,True,True,True
4220,2026-08-07,Polokwane,Limpopo,-23.9045,29.4689,Retail,True,False,False,False
4221,2026-08-07,Johannesburg,Gauteng,-26.2041,28.0473,Catering,True,True,False,False
4222,2026-08-07,Johannesburg,Gauteng,-26.2041,28.0473,Tech Services,True,True,True,True
4223,2026-08-07,Johannesburg,Gauteng,-26.2041,28.0473,Transport,True,False,False,False
4224,2026-08-07,Johannesburg,Gauteng,-26.2041,28.0473,Spaza Shop,True,True,False,False
4225,2026-08-07,Johannesburg,Gauteng,-26.2041,28.0473,Catering,True,True,False,False
4226,2026-08-07,Polokwane,Limpopo,-23.9045,29.4689,Hair Salon,True,False,False,False
4227,2026-08-07,Kimberley,Northern Cape,-28.7282,24.7499,Transport,True,False,False,False
4228,2026-08-07,Johannesburg,Gauteng,-26.2041,28.0473,Transport,True,True,False,False
4229,2026-08-07,Pretoria,Gauteng,-25.7479,28.2293,Food Stall,True,False,False,False
4230,2026-08-08,Johannesburg,Gauteng,-26.2041,28.0473,Hair Salon,True,True,True,True
4231,2026-08-08,East London,Eastern Cape,-33.0153,27.9116,Spaza Shop,True,False,False,False
4232,2026-08-08,Johannesburg,Gauteng,-26.2041,28.0473,Hair Salon,True,True,False,False
4233,2026-08-08,Polokwane,Limpopo,-23.9045,29.4689,Retail,True,True,True,False
4234,2026-08-08,Pretoria,Gauteng,-25.7479,28.2293,Food Stall,True,True,False,False
4235,2026-08-08,Cape Town,Western Cape,-33.9249,18.4241,Transport,True,True,True,False
4236,2026-08-08,Johannesburg,Gauteng,-26.2041,28.0473,Hair Salon,True,True,False,False
4237,2026-08-08,Cape Town,Western Cape,-33.9249,18.4241,Catering,True,False,False,False
4238,2026-08-08,Kimberley,Northern Cape,-28.7282,24.7499,Construction,True,True,True,False
4239,2026-08-08,Polokwane,Limpopo,-23.9045,29.4689,Hair Salon,True,False,False,False
4240,2026-08-08,Johannesburg,Gauteng,-26.2041,28.0473,Tech Services,True,True,True,False
4241,2026-08-08,Pretoria,Gauteng,-25.7479,28.2293,Transport,True,True,True,True
4242,2026-08-08,Cape Town,Western Cape,-33.9249,18.4241,Construction,True,True,False,False
4243,2026-08-08,Pretoria,Gauteng,-25.7479,28.2293,Tech Services,True,False,False,False
4244,2026-08-08,Durban,KwaZulu-Natal,-29.8587,31.0218,Spaza Shop,True,True,True,False
4245,2026-08-08,Bloemfontein,Free State,-29.0852,26.1596,Construction,True,True,False,False
4246,2026-08-08,Kimberley,Northern Cape,-28.7282,24.7499,Retail,True,False,False,False
4247,2026-08-08,Mbombela,Mpumalanga,-25.4753,30.9694,Catering,True,True,False,False
4248,2026-08-08,Pretoria,Gauteng,-25.7479,28.2293,Retail,True,True,False,False
4249,2026-08-08,Cape Town,Western Cape,-33.9249,18.4241,Food Stall,True,True,True,True
4250,2026-08-08,East London,Eastern Cape,-33.0153,27.9116,Spaza Shop,True,False,False,False
4251,2026-08-08,Cape Town,Western Cape,-33.9249,18.4241,Tech Services,True,True,True,True
4252,2026-08-08,Johannesburg,Gauteng,-26.2041,28.0473,Spaza Shop,True,True,False,False
4253,2026-08-08,Durban,KwaZulu-Natal,-29.8587,31.0218,Hair Salon,True,True,True,False
4254,2026-08-09,Johannesburg,Gauteng,-26.2041,28.0473,Hair Salon,True,True,True,True
4255,2026-08-09,Polokwane,Limpopo,-23.9045,29.4689,Tech Services,True,True,True,True
4256,2026-08-09,Johannesburg,Gauteng,-26.2041,28.0473,Spaza Shop,True,False,False,False
4257,2026-08-09,Johannesburg,Gauteng,-26.2041,28.0473,Food Stall,True,False,False,False
4258,2026-08-09,Gqeberha,Eastern Cape,-33.9608,25.6022,Catering,True,True,False,False
4259,2026-08-09,Durban,KwaZulu-Natal,-29.8587,31.0218,Construction,True,True,False,False
4260,2026-08-09,Pretoria,Gauteng,-25.7479,28.2293,Retail,True,False,False,False
4261,2026-08-09,Gqeberha,Eastern Cape,-33.9608,25.6022,Hair Salon,True,True,True,True
4262,2026-08-09,Gqeberha,Eastern Cape,-33.9608,25.6022,Transport,True,True,False,False
4263,2026-08-09,Polokwane,Limpopo,-23.9045,29.4689,Spaza Shop,True,True,True,False
4264,2026-08-09,Johannesburg,Gauteng,-26.2041,28.0473,Catering,True,True,True,False
4265,2026-08-09,Polokwane,Limpopo,-23.9045,29.4689,Retail,True,True,False,False
4266,2026-08-09,Cape Town,Western Cape,-33.9249,18.4241,Transport,True,False,False,False
4267,2026-08-09,Johannesburg,Gauteng,-26.2041,28.0473,Food Stall,True,True,False,False
4268,2026-08-09,Johannesburg,Gauteng,-26.2041,28.0473,Spaza Shop,True,True,True,True
4269,2026-08-09,Mbombela,Mpumalanga,-25.4753,30.9694,Transport,True,False,False,False
4270,2026-08-09,Durban,KwaZulu-Natal,-29.8587,31.0218,Hair Salon,True,False,False,False
4271,2026-08-09,Johannesburg,Gauteng,-26.2041,28.0473,Retail,True,False,False,False
4272,2026-08-09,Mbombela,Mpumalanga,-25.4753,30.9694,Retail,True,False,False,False
4273,2026-08-09,Bloemfontein,Free State,-29.0852,26.1596,Hair Salon,True,True,False,False
4274,2026-08-09,Johannesburg,Gauteng,-26.2041,28.0473,Construction,True,True,False,False
4275,2026-08-09,Cape Town,Western Cape,-33.9249,18.4241,Retail,True,True,False,False
4276,2026-08-09,Johannesburg,Gauteng,-26.2041,28.0473,Hair Salon,True,True,False,False
4277,2026-08-09,Mbombela,Mpumalanga,-25.4753,30.9694,Transport,True,False,False,False
4278,2026-08-09,Polokwane,Limpopo,-23.9045,29.4689,Catering,True,False,False,False
4279,2026-08-09,Mbombela,Mpumalanga,-25.4753,30.9694,Construction,True,True,False,False
4280,2026-08-09,Mbombela,Mpumalanga,-25.4753,30.9694,Transport,True,False,False,False
4281,2026-08-09,Johannesburg,Gauteng,-26.2041,28.0473,Food Stall,True,True,True,True
4282,2026-08-10,Durban,KwaZulu-Natal,-29.8587,31.0218,Tech Services,True,True,False,False
4283,2026-08-10,Durban,KwaZulu-Natal,-29.8587,31.0218,Spaza Shop,True,False,False,False
4284,2026-08-10,Johannesburg,Gauteng,-26.2041,28.0473,Construction,True,True,True,True
4285,2026-08-10,Kimberley,Northern Cape,-28.7282,24.7499,Catering,True,True,False,False
4286,2026-08-10,Gqeberha,Eastern Cape,-33.9608,25.6022,Construction,True,False,False,False
4287,2026-08-10,Durban,KwaZulu-Natal,-29.8587,31.0218,Transport,True,True,False,False
4288,2026-08-10,Polokwane,Limpopo,-23.9045,29.4689,Catering,True,True,True,False
4289,2026-08-10,Pretoria,Gauteng,-25.7479,28.2293,Spaza Shop,True,True,True,True
4290,2026-08-10,Johannesburg,Gauteng,-26.2041,28.0473,Tech Services,True,True,True,True
4291,2026-08-10,Johannesburg,Gauteng,-26.2041,28.0473,Catering,True,True,False,False
4292,2026-08-10,Durban,KwaZulu-Natal,-29.8587,31.0218,Catering,True,True,False,False
4293,2026-08-10,Pretoria,Gauteng,-25.7479,28.2293,Spaza Shop,True,True,True,True
4294,2026-08-10,Bloemfontein,Free State,-29.0852,26.1596,Tech Services,True,True,True,False
4295,2026-08-11,East London,Eastern Cape,-33.0153,27.9116,Tech Services,True,True,True,False
4296,2026-08-11,Cape Town,Western Cape,-33.9249,18.4241,Hair Salon,True,True,True,False
4297,2026-08-11,Cape Town,Western Cape,-33.9249,18.4241,Spaza Shop,True,True,False,False
4298,2026-08-11,Pretoria,Gauteng,-25.7479,28.2293,Food Stall,True,True,False,False
4299,2026-08-11,Pretoria,Gauteng,-25.7479,28.2293,Food Stall,True,False,False,False
4300,2026-08-11,Pretoria,Gauteng,-25.7479,28.2293,Tech Services,True,True,True,True
4301,2026-08-11,Pretoria,Gauteng,-25.7479,28.2293,Tech Services,True,True,True,False
4302,2026-08-11,Gqeberha,Eastern Cape,-33.9608,25.6022,Spaza Shop,True,False,False,False
4303,2026-08-11,Polokwane,Limpopo,-23.9045,29.4689,Hair Salon,True,True,True,False
4304,2026-08-11,Pretoria,Gauteng,-25.7479,28.2293,Spaza Shop,True,False,False,False
4305,2026-08-11,Gqeberha,Eastern Cape,-33.9608,25.6022,Hair Salon,True,True,False,False
4306,2026-08-11,Johannesburg,Gauteng,-26.2041,28.0473,Spaza Shop,True,True,True,False
4307,2026-08-11,Johannesburg,Gauteng,-26.2041,28.0473,Hair Salon,True,True,False,False
4308,2026-08-11,Durban,KwaZulu-Natal,-29.8587,31.0218,Hair Salon,True,True,False,False
4309,2026-08-11,Cape Town,Western Cape,-33.9249,18.4241,Hair Salon,True,False,False,False
4310,2026-08-11,Durban,KwaZulu-Natal,-29.8587,31.0218,Spaza Shop,True,False,False,False
4311,2026-08-12,Gqeberha,Eastern Cape,-33.9608,25.6022,Hair Salon,True,True,False,False
4312,2026-08-12,Cape Town,Western Cape,-33.9249,18.4241,Hair Salon,True,True,True,False
4313,2026-08-12,Gqeberha,Eastern Cape,-33.9608,25.6022,Food Stall,True,False,False,False
4314,2026-08-12,Gqeberha,Eastern Cape,-33.9608,25.6022,Hair Salon,True,True,False,False
4315,2026-08-12,Cape Town,Western Cape,-33.9249,18.4241,Transport,True,True,False,False
4316,2026-08-12,Mbombela,Mpumalanga,-25.4753,30.9694,Construction,True,True,False,False
4317,2026-08-12,Johannesburg,Gauteng,-26.2041,28.0473,Catering,True,False,False,False
4318,2026-08-12,Cape Town,Western Cape,-33.9249,18.4241,Retail,True,True,False,False
4319,2026-08-12,Pretoria,Gauteng,-25.7479,28.2293,Spaza Shop,True,False,False,False
4320,2026-08-12,Durban,KwaZulu-Natal,-29.8587,31.0218,Catering,True,False,False,False
4321,2026-08-12,Johannesburg,Gauteng,-26.2041,28.0473,Catering,True,False,False,False
4322,2026-08-12,Johannesburg,Gauteng,-26.2041,28.0473,Catering,True,True,True,True
4323,2026-08-12,Durban,KwaZulu-Natal,-29.8587,31.0218,Construction,True,False,False,False
4324,2026-08-12,Johannesburg,Gauteng,-26.2041,28.0473,Spaza Shop,True,False,False,False
4325,2026-08-12,Pretoria,Gauteng,-25.7479,28.2293,Retail,True,True,False,False
4326,2026-08-12,Durban,KwaZulu-Natal,-29.8587,31.0218,Hair Salon,True,False,False,False
4327,2026-08-13,Johannesburg,Gauteng,-26.2041,28.0473,Transport,True,False,False,False
4328,2026-08-13,Durban,KwaZulu-Natal,-29.8587,31.0218,Spaza Shop,True,False,False,False
4329,2026-08-13,Gqeberha,Eastern Cape,-33.9608,25.6022,Spaza Shop,True,False,False,False
4330,2026-08-13,Johannesburg,Gauteng,-26.2041,28.0473,Retail,True,True,False,False
4331,2026-08-13,Mbombela,Mpumalanga,-25.4753,30.9694,Construction,True,False,False,False
4332,2026-08-13,Polokwane,Limpopo,-23.9045,29.4689,Transport,True,True,False,False
4333,2026-08-13,Polokwane,Limpopo,-23.9045,29.4689,Construction,True,True,False,False
4334,2026-08-13,Cape Town,Western Cape,-33.9249,18.4241,Catering,True,True,False,False
4335,2026-08-13,Cape Town,Western Cape,-33.9249,18.4241,Tech Services,True,True,False,False
4336,2026-08-13,Pretoria,Gauteng,-25.7479,28.2293,Spaza Shop,True,True,False,False
4337,2026-08-13,Cape Town,Western Cape,-33.9249,18.4241,Construction,True,False,False,False
4338,2026-08-13,Mbombela,Mpumalanga,-25.4753,30.9694,Tech Services,True,True,False,False
4339,2026-08-13,Polokwane,Limpopo,-23.9045,29.4689,Catering,True,True,False,False
4340,2026-08-13,Bloemfontein,Free State,-29.0852,26.1596,Catering,True,False,False,False
4341,2026-08-13,Kimberley,Northern Cape,-28.7282,24.7499,Hair Salon,True,True,False,False
4342,2026-08-13,Cape Town,Western Cape,-33.9249,18.4241,Catering,True,True,False,False
4343,2026-08-13,Durban,KwaZulu-Natal,-29.8587,31.0218,Construction,True,False,False,False
4344,2026-08-13,Johannesburg,Gauteng,-26.2041,28.0473,Retail,True,False,False,False
4345,2026-08-14,Pretoria,Gauteng,-25.7479,28.2293,Retail,True,False,False,False
4346,2026-08-14,Johannesburg,Gauteng,-26.2041,28.0473,Construction,True,True,True,False
4347,2026-08-14,Mbombela,Mpumalanga,-25.4753,30.9694,Tech Services,True,True,True,True
4348,2026-08-14,Durban,KwaZulu-Natal,-29.8587,31.0218,Tech Services,True,True,False,False
4349,2026-08-14,Cape Town,Western Cape,-33.9249,18.4241,Spaza Shop,True,False,False,False
4350,2026-08-14,Cape Town,Western Cape,-33.9249,18.4241,Hair Salon,True,True,False,False
4351,2026-08-14,Durban,KwaZulu-Natal,-29.8587,31.0218,Transport,True,False,False,False
4352,2026-08-14,Cape Town,Western Cape,-33.9249,18.4241,Retail,True,True,True,False
4353,2026-08-14,Pretoria,Gauteng,-25.7479,28.2293,Tech Services,True,True,False,False
4354,2026-08-14,Kimberley,Northern Cape,-28.7282,24.7499,Construction,True,False,False,False
4355,2026-08-14,Gqeberha,Eastern Cape,-33.9608,25.6022,Tech Services,True,True,True,True
4356,2026-08-14,Johannesburg,Gauteng,-26.2041,28.0473,Tech Services,True,True,False,False
4357,2026-08-14,Johannesburg,Gauteng,-26.2041,28.0473,Hair Salon,True,False,False,False
4358,2026-08-14,Johannesburg,Gauteng,-26.2041,28.0473,Retail,True,False,False,False
4359,2026-08-14,Pretoria,Gauteng,-25.7479,28.2293,Transport,True,True,True,False
4360,2026-08-14,Mbombela,Mpumalanga,-25.4753,30.9694,Hair Salon,True,True,True,False
4361,2026-08-14,Gqeberha,Eastern Cape,-33.9608,25.6022,Spaza Shop,True,False,False,False
4362,2026-08-14,Durban,KwaZulu-Natal,-29.8587,31.0218,Hair Salon,True,True,False,False
4363,2026-08-14,Bloemfontein,Free State,-29.0852,26.1596,Catering,True,False,False,False
4364,2026-08-14,Durban,KwaZulu-Natal,-29.8587,31.0218,Hair Salon,True,False,False,False
4365,2026-08-14,Durban,KwaZulu-Natal,-29.8587,31.0218,Transport,True,True,True,True
4366,2026-08-14,East London,Eastern Cape,-33.0153,27.9116,Retail,True,False,False,False
4367,2026-08-14,Mbombela,Mpumalanga,-25.4753,30.9694,Catering,True,False,False,False
4368,2026-08-14,Polokwane,Limpopo,-23.9045,29.4689,Transport,True,False,False,False
4369,2026-08-14,Durban,KwaZulu-Natal,-29.8587,31.0218,Spaza Shop,True,True,True,True
4370,2026-08-14,East London,Eastern Cape,-33.0153,27.9116,Food Stall,True,True,True,False
4371,2026-08-14,Cape Town,Western Cape,-33.9249,18.4241,Transport,True,True,False,False
4372,2026-08-14,Polokwane,Limpopo,-23.9045,29.4689,Tech Services,True,False,False,False
4373,2026-08-14,Mbombela,Mpumalanga,-25.4753,30.9694,Food Stall,True,True,True,False
4374,2026-08-14,Cape Town,Western Cape,-33.9249,18.4241,Retail,True,True,False,False
4375,2026-08-14,Gqeberha,Eastern Cape,-33.9608,25.6022,Transport,True,False,False,False
4376,2026-08-14,Mbombela,Mpumalanga,-25.4753,30.9694,Food Stall,True,True,True,False
4377,2026-08-14,Kimberley,Northern Cape,-28.7282,24.7499,Tech Services,True,True,False,False
4378,2026-08-14,Mbombela,Mpumalanga,-25.4753,30.9694,Hair Salon,True,True,True,True
4379,2026-08-14,Johannesburg,Gauteng,-26.2041,28.0473,Spaza Shop,True,True,True,False
4380,2026-08-15,Durban,KwaZulu-Natal,-29.8587,31.0218,Retail,True,False,False,False
4381,2026-08-15,Cape Town,Western Cape,-33.9249,18.4241,Catering,True,False,False,False
4382,2026-08-15,Bloemfontein,Free State,-29.0852,26.1596,Tech Services,True,True,True,False
4383,2026-08-15,Cape Town,Western Cape,-33.9249,18.4241,Catering,True,False,False,False
4384,2026-08-15,Johannesburg,Gauteng,-26.2041,28.0473,Spaza Shop,True,False,False,False
4385,2026-08-15,Cape Town,Western Cape,-33.9249,18.4241,Catering,True,False,False,False
4386,2026-08-15,Pretoria,Gauteng,-25.7479,28.2293,Hair Salon,True,False,False,False
4387,2026-08-15,Pretoria,Gauteng,-25.7479,28.2293,Retail,True,True,False,False
4388,2026-08-15,Johannesburg,Gauteng,-26.2041,28.0473,Construction,True,True,True,False
4389,2026-08-15,Pretoria,Gauteng,-25.7479,28.2293,Tech Services,True,False,False,False
4390,2026-08-15,East London,Eastern Cape,-33.0153,27.9116,Spaza Shop,True,True,True,False
4391,2026-08-15,Cape Town,Western Cape,-33.9249,18.4241,Food Stall,True,True,False,False
4392,2026-08-15,Pretoria,Gauteng,-25.7479,28.2293,Spaza Shop,True,False,False,False
4393,2026-08-15,Johannesburg,Gauteng,-26.2041,28.0473,Food Stall,True,True,False,False
4394,2026-08-15,Mbombela,Mpumalanga,-25.4753,30.9694,Catering,True,False,False,False
4395,2026-08-15,Johannesburg,Gauteng,-26.2041,28.0473,Hair Salon,True,True,True,False
4396,2026-08-15,Mbombela,Mpumalanga,-25.4753,30.9694,Retail,True,True,True,True
4397,2026-08-15,Bloemfontein,Free State,-29.0852,26.1596,Food Stall,True,True,False,False
4398,2026-08-15,Pretoria,Gauteng,-25.7479,28.2293,Food Stall,True,False,False,False
4399,2026-08-15,Johannesburg,Gauteng,-26.2041,28.0473,Catering,True,True,False,False
4400,2026-08-15,Polokwane,Limpopo,-23.9045,29.4689,Spaza Shop,True,False,False,False
4401,2026-08-15,Gqeberha,Eastern Cape,-33.9608,25.6022,Catering,True,True,True,False
4402,2026-08-15,Pretoria,Gauteng,-25.7479,28.2293,Tech Services,True,True,True,False
4403,2026-08-15,Gqeberha,Eastern Cape,-33.9608,25.6022,Retail,True,True,True,True
4404,2026-08-15,Mbombela,Mpumalanga,-25.4753,30.9694,Spaza Shop,True,False,False,False
4405,2026-08-15,Mbombela,Mpumalanga,-25.4753,30.9694,Transport,True,False,False,False
4406,2026-08-15,East London,Eastern Cape,-33.0153,27.9116,Hair Salon,True,False,False,False
4407,2026-08-15,Johannesburg,Gauteng,-26.2041,28.0473,Transport,True,False,False,False
4408,2026-08-16,Durban,KwaZulu-Natal,-29.8587,31.0218,Spaza Shop,True,False,False,False
4409,2026-08-16,Johannesburg,Gauteng,-26.2041,28.0473,Food Stall,True,False,False,False
4410,2026-08-16,Polokwane,Limpopo,-23.9045,29.4689,Transport,True,True,True,False
4411,2026-08-16,Cape Town,Western Cape,-33.9249,18.4241,Construction,True,False,False,False
4412,2026-08-16,Johannesburg,Gauteng,-26.2041,28.0473,Hair Salon,True,True,True,False
4413,2026-08-16,Bloemfontein,Free State,-29.0852,26.1596,Hair Salon,True,True,True,False
4414,2026-08-16,Cape Town,Western Cape,-33.9249,18.4241,Tech Services,True,True,True,True
4415,2026-08-16,Durban,KwaZulu-Natal,-29.8587,31.0218,Catering,True,True,True,False
4416,2026-08-16,Polokwane,Limpopo,-23.9045,29.4689,Food Stall,True,True,False,False
4417,2026-08-16,Bloemfontein,Free State,-29.0852,26.1596,Transport,True,True,False,False
4418,2026-08-16,East London,Eastern Cape,-33.0153,27.9116,Construction,True,False,False,False
4419,2026-08-16,Mbombela,Mpumalanga,-25.4753,30.9694,Food Stall,True,True,True,False
4420,2026-08-16,Pretoria,Gauteng,-25.7479,28.2293,Catering,True,True,False,False
4421,2026-08-16,Johannesburg,Gauteng,-26.2041,28.0473,Construction,True,True,True,False
4422,2026-08-16,Bloemfontein,Free State,-29.0852,26.1596,Transport,True,True,True,False
4423,2026-08-16,Kimberley,Northern Cape,-28.7282,24.7499,Food Stall,True,True,True,True
4424,2026-08-16,Johannesburg,Gauteng,-26.2041,28.0473,Hair Salon,True,True,False,False
4425,2026-08-16,Bloemfontein,Free State,-29.0852,26.1596,Construction,True,False,False,False
4426,2026-08-17,Cape Town,Western Cape,-33.9249,18.4241,Hair Salon,True,True,True,True
4427,2026-08-17,Cape Town,Western Cape,-33.9249,18.4241,Construction,True,False,False,False
4428,2026-08-17,Polokwane,Limpopo,-23.9045,29.4689,Catering,True,True,False,False
4429,2026-08-17,Gqeberha,Eastern Cape,-33.9608,25.6022,Food Stall,True,False,False,False
4430,2026-08-17,Gqeberha,Eastern Cape,-33.9608,25.6022,Tech Services,True,False,False,False
4431,2026-08-17,Mbombela,Mpumalanga,-25.4753,30.9694,Retail,True,False,False,False
4432,2026-08-17,Bloemfontein,Free State,-29.0852,26.1596,Catering,True,True,True,False
4433,2026-08-17,Johannesburg,Gauteng,-26.2041,28.0473,Construction,True,False,False,False
4434,2026-08-17,Kimberley,Northern Cape,-28.7282,24.7499,Catering,True,False,False,False
4435,2026-08-17,Mbombela,Mpumalanga,-25.4753,30.9694,Spaza Shop,True,False,False,False
4436,2026-08-17,Durban,KwaZulu-Natal,-29.8587,31.0218,Retail,True,False,False,False
4437,2026-08-17,Pretoria,Gauteng,-25.7479,28.2293,Catering,True,True,False,False
4438,2026-08-17,Gqeberha,Eastern Cape,-33.9608,25.6022,Catering,True,False,False,False
4439,2026-08-17,Johannesburg,Gauteng,-26.2041,28.0473,Tech Services,True,False,False,False
4440,2026-08-17,Johannesburg,Gauteng,-26.2041,28.0473,Transport,True,True,False,False
4441,2026-08-17,Johannesburg,Gauteng,-26.2041,28.0473,Construction,True,True,False,False
4442,2026-08-17,East London,Eastern Cape,-33.0153,27.9116,Food Stall,True,False,False,False
4443,2026-08-17,Polokwane,Limpopo,-23.9045,29.4689,Hair Salon,True,True,False,False
4444,2026-08-18,Durban,KwaZulu-Natal,-29.8587,31.0218,Food Stall,True,True,False,False
4445,2026-08-18,Pretoria,Gauteng,-25.7479,28.2293,Spaza Shop,True,False,False,False
4446,2026-08-18,Cape Town,Western Cape,-33.9249,18.4241,Retail,True,True,False,False
4447,2026-08-18,Bloemfontein,Free State,-29.0852,26.1596,Transport,True,False,False,False
4448,2026-08-18,Johannesburg,Gauteng,-26.2041,28.0473,Hair Salon,True,False,False,False
4449,2026-08-18,Pretoria,Gauteng,-25.7479,28.2293,Retail,True,True,True,True
4450,2026-08-18,Durban,KwaZulu-Natal,-29.8587,31.0218,Food Stall,True,True,False,False
4451,2026-08-18,Durban,KwaZulu-Natal,-29.8587,31.0218,Food Stall,True,True,True,True
4452,2026-08-18,Johannesburg,Gauteng,-26.2041,28.0473,Catering,True,True,False,False
4453,2026-08-18,Mbombela,Mpumalanga,-25.4753,30.9694,Transport,True,False,False,False
4454,2026-08-18,Johannesburg,Gauteng,-26.2041,28.0473,Retail,True,False,False,False
4455,2026-08-18,Johannesburg,Gauteng,-26.2041,28.0473,Transport,True,True,False,False
4456,2026-08-18,Pretoria,Gauteng,-25.7479,28.2293,Hair Salon,True,True,False,False
4457,2026-08-18,Durban,KwaZulu-Natal,-29.8587,31.0218,Transport,True,True,False,False
4458,2026-08-18,Cape Town,Western Cape,-33.9249,18.4241,Spaza Shop,True,True,False,False
4459,2026-08-18,Cape Town,Western Cape,-33.9249,18.4241,Tech Services,True,True,True,True
4460,2026-08-18,Kimberley,Northern Cape,-28.7282,24.7499,Hair Salon,True,False,False,False
4461,2026-08-18,Durban,KwaZulu-Natal,-29.8587,31.0218,Hair Salon,True,False,False,False
4462,2026-08-19,Johannesburg,Gauteng,-26.2041,28.0473,Construction,True,True,True,True
4463,2026-08-19,Durban,KwaZulu-Natal,-29.8587,31.0218,Tech Services,True,False,False,False
4464,2026-08-19,Polokwane,Limpopo,-23.9045,29.4689,Food Stall,True,False,False,False
4465,2026-08-19,Durban,KwaZulu-Natal,-29.8587,31.0218,Food Stall,True,True,True,False
4466,2026-08-19,Pretoria,Gauteng,-25.7479,28.2293,Food Stall,True,True,False,False
4467,2026-08-19,Pretoria,Gauteng,-25.7479,28.2293,Catering,True,False,False,False
4468,2026-08-19,Johannesburg,Gauteng,-26.2041,28.0473,Spaza Shop,True,True,False,False
4469,2026-08-19,Cape Town,Western Cape,-33.9249,18.4241,Food Stall,True,True,False,False
4470,2026-08-19,Durban,KwaZulu-Natal,-29.8587,31.0218,Construction,True,True,True,False
4471,2026-08-19,Mbombela,Mpumalanga,-25.4753,30.9694,Retail,True,False,False,False
4472,2026-08-19,Johannesburg,Gauteng,-26.2041,28.0473,Tech Services,True,True,False,False
4473,2026-08-19,Pretoria,Gauteng,-25.7479,28.2293,Transport,True,True,False,False
4474,2026-08-19,Johannesburg,Gauteng,-26.2041,28.0473,Hair Salon,True,True,True,True
4475,2026-08-19,Cape Town,Western Cape,-33.9249,18.4241,Retail,True,True,True,False
4476,2026-08-19,Kimberley,Northern Cape,-28.7282,24.7499,Food Stall,True,False,False,False
4477,2026-08-19,East London,Eastern Cape,-33.0153,27.9116,Catering,True,True,True,True
4478,2026-08-20,Cape Town,Western Cape,-33.9249,18.4241,Tech Services,True,True,True,True
4479,2026-08-20,Cape Town,Western Cape,-33.9249,18.4241,Retail,True,True,True,False
4480,2026-08-20,Polokwane,Limpopo,-23.9045,29.4689,Tech Services,True,True,False,False
4481,2026-08-20,Polokwane,Limpopo,-23.9045,29.4689,Retail,True,True,False,False
4482,2026-08-20,Polokwane,Limpopo,-23.9045,29.4689,Transport,True,True,False,False
4483,2026-08-20,Pretoria,Gauteng,-25.7479,28.2293,Tech Services,True,True,True,False
4484,2026-08-20,Kimberley,Northern Cape,-28.7282,24.7499,Catering,True,False,False,False
4485,2026-08-20,Mbombela,Mpumalanga,-25.4753,30.9694,Transport,True,True,True,False
4486,2026-08-20,Johannesburg,Gauteng,-26.2041,28.0473,Transport,True,True,True,True
4487,2026-08-20,Durban,KwaZulu-Natal,-29.8587,31.0218,Catering,True,False,False,False
4488,2026-08-20,Cape Town,Western Cape,-33.9249,18.4241,Construction,True,True,True,False
4489,2026-08-20,Cape Town,Western Cape,-33.9249,18.4241,Retail,True,True,True,True
4490,2026-08-20,Mbombela,Mpumalanga,-25.4753,30.9694,Transport,True,False,False,False
4491,2026-08-20,Durban,KwaZulu-Natal,-29.8587,31.0218,Construction,True,True,True,False
4492,2026-08-20,Pretoria,Gauteng,-25.7479,28.2293,Retail,True,True,True,False
4493,2026-08-20,Bloemfontein,Free State,-29.0852,26.1596,Retail,True,True,True,True
4494,2026-08-20,Durban,KwaZulu-Natal,-29.8587,31.0218,Construction,True,True,False,False
4495,2026-08-20,Bloemfontein,Free State,-29.0852,26.1596,Retail,True,True,False,False
4496,2026-08-21,Pretoria,Gauteng,-25.7479,28.2293,Tech Services,True,True,True,False
4497,2026-08-21,Pretoria,Gauteng,-25.7479,28.2293,Catering,True,True,False,False
4498,2026-08-21,Johannesburg,Gauteng,-26.2041,28.0473,Food Stall,True,True,True,False
4499,2026-08-21,Gqeberha,Eastern Cape,-33.9608,25.6022,Retail,True,True,False,False
4500,2026-08-21,Johannesburg,Gauteng,-26.2041,28.0473,Food Stall,True,True,False,False
4501,2026-08-21,Johannesburg,Gauteng,-26.2041,28.0473,Spaza Shop,True,True,True,False
4502,2026-08-21,Cape Town,Western Cape,-33.9249,18.4241,Transport,True,True,False,False
4503,2026-08-21,Johannesburg,Gauteng,-26.2041,28.0473,Transport,True,True,False,False
4504,2026-08-21,Pretoria,Gauteng,-25.7479,28.2293,Catering,True,False,False,False
4505,2026-08-21,Polokwane,Limpopo,-23.9045,29.4689,Retail,True,True,True,True
4506,2026-08-21,Durban,KwaZulu-Natal,-29.8587,31.0218,Tech Services,True,False,False,False
4507,2026-08-21,Mbombela,Mpumalanga,-25.4753,30.9694,Spaza Shop,True,True,False,False
4508,2026-08-21,East London,Eastern Cape,-33.0153,27.9116,Transport,True,True,False,False
4509,2026-08-21,Johannesburg,Gauteng,-26.2041,28.0473,Construction,True,False,False,False
4510,2026-08-21,Gqeberha,Eastern Cape,-33.9608,25.6022,Transport,True,True,False,False
4511,2026-08-21,Durban,KwaZulu-Natal,-29.8587,31.0218,Food Stall,True,True,True,False
4512,2026-08-21,Mbombela,Mpumalanga,-25.4753,30.9694,Hair Salon,True,True,False,False
4513,2026-08-21,Mbombela,Mpumalanga,-25.4753,30.9694,Retail,True,True,False,False
4514,2026-08-21,Gqeberha,Eastern Cape,-33.9608,25.6022,Tech Services,True,True,True,False
4515,2026-08-21,Cape Town,Western Cape,-33.9249,18.4241,Transport,True,True,True,False
4516,2026-08-21,Johannesburg,Gauteng,-26.2041,28.0473,Construction,True,True,False,False
4517,2026-08-21,East London,Eastern Cape,-33.0153,27.9116,Catering,True,True,False,False
4518,2026-08-21,Johannesburg,Gauteng,-26.2041,28.0473,Retail,True,True,True,True
4519,2026-08-21,Cape Town,Western Cape,-33.9249,18.4241,Food Stall,True,True,True,True
4520,2026-08-21,Gqeberha,Eastern Cape,-33.9608,25.6022,Tech Services,True,True,False,False
4521,2026-08-22,Bloemfontein,Free State,-29.0852,26.1596,Transport,True,True,True,False
4522,2026-08-22,Gqeberha,Eastern Cape,-33.9608,25.6022,Retail,True,False,False,False
4523,2026-08-22,Cape Town,Western Cape,-33.9249,18.4241,Hair Salon,True,True,True,False
4524,2026-08-22,Durban,KwaZulu-Natal,-29.8587,31.0218,Food Stall,True,False,False,False
4525,2026-08-22,Polokwane,Limpopo,-23.9045,29.4689,Retail,True,True,True,False
4526,2026-08-22,Johannesburg,Gauteng,-26.2041,28.0473,Transport,True,True,True,False
4527,2026-08-22,Mbombela,Mpumalanga,-25.4753,30.9694,Retail,True,True,False,False
4528,2026-08-22,Cape Town,Western Cape,-33.9249,18.4241,Catering,True,True,True,True
4529,2026-08-22,Johannesburg,Gauteng,-26.2041,28.0473,Construction,True,True,False,False
4530,2026-08-22,Johannesburg,Gauteng,-26.2041,28.0473,Hair Salon,True,True,True,False
4531,2026-08-22,Pretoria,Gauteng,-25.7479,28.2293,Construction,True,False,False,False
4532,2026-08-22,Johannesburg,Gauteng,-26.2041,28.0473,Hair Salon,True,True,True,False
4533,2026-08-22,Gqeberha,Eastern Cape,-33.9608,25.6022,Spaza Shop,True,True,False,False
4534,2026-08-22,Cape Town,Western Cape,-33.9249,18.4241,Transport,True,True,False,False
4535,2026-08-22,Bloemfontein,Free State,-29.0852,26.1596,Spaza Shop,True,True,False,False
4536,2026-08-22,Johannesburg,Gauteng,-26.2041,28.0473,Catering,True,True,True,True
4537,2026-08-22,Mbombela,Mpumalanga,-25.4753,30.9694,Retail,True,False,False,False
4538,2026-08-22,East London,Eastern Cape,-33.0153,27.9116,Catering,True,True,True,False
4539,2026-08-22,Johannesburg,Gauteng,-26.2041,28.0473,Spaza Shop,True,True,True,False
4540,2026-08-22,Johannesburg,Gauteng,-26.2041,28.0473,Catering,True,False,False,False
4541,2026-08-22,Durban,KwaZulu-Natal,-29.8587,31.0218,Food Stall,True,True,True,False
4542,2026-08-22,East London,Eastern Cape,-33.0153,27.9116,Retail,True,False,False,False
4543,2026-08-22,Durban,KwaZulu-Natal,-29.8587,31.0218,Hair Salon,True,True,False,False
4544,2026-08-22,East London,Eastern Cape,-33.0153,27.9116,Food Stall,True,True,False,False
4545,2026-08-22,Pretoria,Gauteng,-25.7479,28.2293,Catering,True,True,True,False
4546,2026-08-22,Mbombela,Mpumalanga,-25.4753,30.9694,Food Stall,True,True,True,False
4547,2026-08-22,Johannesburg,Gauteng,-26.2041,28.0473,Transport,True,True,False,False
4548,2026-08-23,Cape Town,Western Cape,-33.9249,18.4241,Catering,True,False,False,False
4549,2026-08-23,Johannesburg,Gauteng,-26.2041,28.0473,Transport,True,True,False,False
4550,2026-08-23,Cape Town,Western Cape,-33.9249,18.4241,Retail,True,False,False,False
4551,2026-08-23,Gqeberha,Eastern Cape,-33.9608,25.6022,Catering,True,False,False,False
4552,2026-08-23,Mbombela,Mpumalanga,-25.4753,30.9694,Food Stall,True,True,False,False
4553,2026-08-23,Durban,KwaZulu-Natal,-29.8587,31.0218,Catering,True,False,False,False
4554,2026-08-23,Johannesburg,Gauteng,-26.2041,28.0473,Hair Salon,True,True,False,False
4555,2026-08-23,Durban,KwaZulu-Natal,-29.8587,31.0218,Spaza Shop,True,False,False,False
4556,2026-08-23,Pretoria,Gauteng,-25.7479,28.2293,Tech Services,True,True,False,False
4557,2026-08-23,East London,Eastern Cape,-33.0153,27.9116,Spaza Shop,True,False,False,False
4558,2026-08-23,Gqeberha,Eastern Cape,-33.9608,25.6022,Hair Salon,True,False,False,False
4559,2026-08-24,Cape Town,Western Cape,-33.9249,18.4241,Retail,True,True,False,False
4560,2026-08-24,Gqeberha,Eastern Cape,-33.9608,25.6022,Construction,True,False,False,False
4561,2026-08-24,Durban,KwaZulu-Natal,-29.8587,31.0218,Retail,True,True,False,False
4562,2026-08-24,Gqeberha,Eastern Cape,-33.9608,25.6022,Hair Salon,True,True,True,False
4563,2026-08-24,Cape Town,Western Cape,-33.9249,18.4241,Tech Services,True,True,True,False
4564,2026-08-24,Bloemfontein,Free State,-29.0852,26.1596,Catering,True,True,False,False
4565,2026-08-24,Johannesburg,Gauteng,-26.2041,28.0473,Tech Services,True,True,True,True
4566,2026-08-24,Johannesburg,Gauteng,-26.2041,28.0473,Retail,True,True,False,False
4567,2026-08-24,Durban,KwaZulu-Natal,-29.8587,31.0218,Construction,True,True,False,False
4568,2026-08-24,Mbombela,Mpumalanga,-25.4753,30.9694,Spaza Shop,True,False,False,False
4569,2026-08-24,Gqeberha,Eastern Cape,-33.9608,25.6022,Construction,True,False,False,False
4570,2026-08-24,Kimberley,Northern Cape,-28.7282,24.7499,Spaza Shop,True,True,False,False
4571,2026-08-24,Pretoria,Gauteng,-25.7479,28.2293,Food Stall,True,False,False,False
4572,2026-08-24,Cape Town,Western Cape,-33.9249,18.4241,Spaza Shop,True,True,True,True
4573,2026-08-24,East London,Eastern Cape,-33.0153,27.9116,Tech Services,True,True,False,False
4574,2026-08-24,Bloemfontein,Free State,-29.0852,26.1596,Hair Salon,True,False,False,False
4575,2026-08-24,Durban,KwaZulu-Natal,-29.8587,31.0218,Construction,True,False,False,False
4576,2026-08-24,Bloemfontein,Free State,-29.0852,26.1596,Catering,True,True,True,False
4577,2026-08-25,Cape Town,Western Cape,-33.9249,18.4241,Transport,True,True,True,False
4578,2026-08-25,Cape Town,Western Cape,-33.9249,18.4241,Transport,True,True,True,False
4579,2026-08-25,East London,Eastern Cape,-33.0153,27.9116,Tech Services,True,True,True,True
4580,2026-08-25,Johannesburg,Gauteng,-26.2041,28.0473,Catering,True,True,False,False
4581,2026-08-25,East London,Eastern Cape,-33.0153,27.9116,Catering,True,True,False,False
4582,2026-08-25,Johannesburg,Gauteng,-26.2041,28.0473,Tech Services,True,True,True,False
4583,2026-08-25,Pretoria,Gauteng,-25.7479,28.2293,Tech Services,True,True,True,False
4584,2026-08-25,Pretoria,Gauteng,-25.7479,28.2293,Catering,True,True,False,False
4585,2026-08-25,Durban,KwaZulu-Natal,-29.8587,31.0218,Retail,True,True,False,False
4586,2026-08-25,Durban,KwaZulu-Natal,-29.8587,31.0218,Spaza Shop,True,False,False,False
4587,2026-08-25,Cape Town,Western Cape,-33.9249,18.4241,Spaza Shop,True,True,False,False
4588,2026-08-25,Durban,KwaZulu-Natal,-29.8587,31.0218,Hair Salon,True,True,True,True
4589,2026-08-25,Pretoria,Gauteng,-25.7479,28.2293,Spaza Shop,True,True,False,False
4590,2026-08-25,Pretoria,Gauteng,-25.7479,28.2293,Catering,True,True,False,False
4591,2026-08-25,Johannesburg,Gauteng,-26.2041,28.0473,Catering,True,True,True,True
4592,2026-08-25,Bloemfontein,Free State,-29.0852,26.1596,Hair Salon,True,True,True,False
4593,2026-08-25,Gqeberha,Eastern Cape,-33.9608,25.6022,Tech Services,True,True,False,False
4594,2026-08-25,Durban,KwaZulu-Natal,-29.8587,31.0218,Retail,True,False,False,False
4595,2026-08-25,Polokwane,Limpopo,-23.9045,29.4689,Transport,True,True,False,False
4596,2026-08-25,Pretoria,Gauteng,-25.7479,28.2293,Catering,True,True,True,False
4597,2026-08-25,East London,Eastern Cape,-33.0153,27.9116,Spaza Shop,True,False,False,False
4598,2026-08-25,East London,Eastern Cape,-33.0153,27.9116,Food Stall,True,True,False,False
4599,2026-08-26,Cape Town,Western Cape,-33.9249,18.4241,Transport,True,True,True,True
4600,2026-08-26,Bloemfontein,Free State,-29.0852,26.1596,Tech Services,True,False,False,False
4601,2026-08-26,Pretoria,Gauteng,-25.7479,28.2293,Retail,True,False,False,False
4602,2026-08-26,Bloemfontein,Free State,-29.0852,26.1596,Catering,True,True,False,False
4603,2026-08-26,Pretoria,Gauteng,-25.7479,28.2293,Tech Services,True,True,True,True
4604,2026-08-26,East London,Eastern Cape,-33.0153,27.9116,Hair Salon,True,True,True,True
4605,2026-08-26,Johannesburg,Gauteng,-26.2041,28.0473,Hair Salon,True,True,True,True
4606,2026-08-26,Pretoria,Gauteng,-25.7479,28.2293,Hair Salon,True,True,False,False
4607,2026-08-26,Johannesburg,Gauteng,-26.2041,28.0473,Food Stall,True,False,False,False
4608,2026-08-26,Johannesburg,Gauteng,-26.2041,28.0473,Retail,True,False,False,False
4609,2026-08-26,Durban,KwaZulu-Natal,-29.8587,31.0218,Construction,True,True,False,False
4610,2026-08-26,Johannesburg,Gauteng,-26.2041,28.0473,Tech Services,True,True,True,False
4611,2026-08-26,Cape Town,Western Cape,-33.9249,18.4241,Catering,True,False,False,False
4612,2026-08-26,Gqeberha,Eastern Cape,-33.9608,25.6022,Catering,True,True,True,True
4613,2026-08-26,Durban,KwaZulu-Natal,-29.8587,31.0218,Spaza Shop,True,True,True,False
4614,2026-08-26,Pretoria,Gauteng,-25.7479,28.2293,Retail,True,True,False,False
4615,2026-08-26,Pretoria,Gauteng,-25.7479,28.2293,Transport,True,True,True,False
4616,2026-08-26,Durban,KwaZulu-Natal,-29.8587,31.0218,Catering,True,True,True,False
4617,2026-08-26,Durban,KwaZulu-Natal,-29.8587,31.0218,Spaza Shop,True,True,False,False
4618,2026-08-26,Cape Town,Western Cape,-33.9249,18.4241,Tech Services,True,True,True,False
4619,2026-08-26,Mbombela,Mpumalanga,-25.4753,30.9694,Catering,True,False,False,False
4620,2026-08-26,Polokwane,Limpopo,-23.9045,29.4689,Construction,True,False,False,False
4621,2026-08-26,Polokwane,Limpopo,-23.9045,29.4689,Construction,True,True,False,False
4622,2026-08-26,Pretoria,Gauteng,-25.7479,28.2293,Hair Salon,True,True,False,False
4623,2026-08-26,Cape Town,Western Cape,-33.9249,18.4241,Tech Services,True,True,False,False
4624,2026-08-26,Johannesburg,Gauteng,-26.2041,28.0473,Hair Salon,True,True,True,False
4625,2026-08-26,Johannesburg,Gauteng,-26.2041,28.0473,Catering,True,True,True,False
4626,2026-08-27,Johannesburg,Gauteng,-26.2041,28.0473,Hair Salon,True,True,False,False
4627,2026-08-27,Gqeberha,Eastern Cape,-33.9608,25.6022,Construction,True,False,False,False
4628,2026-08-27,Cape Town,Western Cape,-33.9249,18.4241,Hair Salon,True,True,False,False
4629,2026-08-27,Durban,KwaZulu-Natal,-29.8587,31.0218,Spaza Shop,True,True,False,False
4630,2026-08-27,Cape Town,Western Cape,-33.9249,18.4241,Food Stall,True,False,False,False
4631,2026-08-27,Cape Town,Western Cape,-33.9249,18.4241,Transport,True,True,True,False
4632,2026-08-27,East London,Eastern Cape,-33.0153,27.9116,Hair Salon,True,True,False,False
4633,2026-08-27,Polokwane,Limpopo,-23.9045,29.4689,Construction,True,False,False,False
4634,2026-08-27,Bloemfontein,Free State,-29.0852,26.1596,Food Stall,True,True,False,False
4635,2026-08-27,Mbombela,Mpumalanga,-25.4753,30.9694,Hair Salon,True,True,False,False
4636,2026-08-27,Cape Town,Western Cape,-33.9249,18.4241,Construction,True,True,False,False
4637,2026-08-27,Durban,KwaZulu-Natal,-29.8587,31.0218,Catering,True,True,False,False
4638,2026-08-27,Gqeberha,Eastern Cape,-33.9608,25.6022,Catering,True,True,False,False
4639,2026-08-27,Gqeberha,Eastern Cape,-33.9608,25.6022,Tech Services,True,True,False,False
4640,2026-08-27,Durban,KwaZulu-Natal,-29.8587,31.0218,Transport,True,False,False,False
4641,2026-08-27,Durban,KwaZulu-Natal,-29.8587,31.0218,Catering,True,True,True,True
4642,2026-08-27,Cape Town,Western Cape,-33.9249,18.4241,Spaza Shop,True,True,True,False
4643,2026-08-27,Bloemfontein,Free State,-29.0852,26.1596,Catering,True,False,False,False
4644,2026-08-27,Durban,KwaZulu-Natal,-29.8587,31.0218,Catering,True,True,True,False
4645,2026-08-27,Bloemfontein,Free State,-29.0852,26.1596,Retail,True,True,False,False
4646,2026-08-27,Johannesburg,Gauteng,-26.2041,28.0473,Food Stall,True,True,False,False
4647,2026-08-27,Johannesburg,Gauteng,-26.2041,28.0473,Food Stall,True,True,False,False
4648,2026-08-27,Pretoria,Gauteng,-25.7479,28.2293,Retail,True,True,True,True
4649,2026-08-27,Cape Town,Western Cape,-33.9249,18.4241,Retail,True,True,True,False
4650,2026-08-28,Johannesburg,Gauteng,-26.2041,28.0473,Transport,True,True,True,False
4651,2026-08-28,Johannesburg,Gauteng,-26.2041,28.0473,Hair Salon,True,False,False,False
4652,2026-08-28,Kimberley,Northern Cape,-28.7282,24.7499,Spaza Shop,True,True,False,False
4653,2026-08-28,Pretoria,Gauteng,-25.7479,28.2293,Catering,True,True,False,False
4654,2026-08-28,Durban,KwaZulu-Natal,-29.8587,31.0218,Catering,True,True,True,True
4655,2026-08-28,Johannesburg,Gauteng,-26.2041,28.0473,Spaza Shop,True,False,False,False
4656,2026-08-28,Johannesburg,Gauteng,-26.2041,28.0473,Retail,True,True,True,True
4657,2026-08-28,Durban,KwaZulu-Natal,-29.8587,31.0218,Spaza Shop,True,False,False,False
4658,2026-08-28,East London,Eastern Cape,-33.0153,27.9116,Retail,True,True,False,False
4659,2026-08-28,Cape Town,Western Cape,-33.9249,18.4241,Construction,True,True,True,False
4660,2026-08-28,Polokwane,Limpopo,-23.9045,29.4689,Transport,True,False,False,False
4661,2026-08-28,Cape Town,Western Cape,-33.9249,18.4241,Construction,True,True,False,False
4662,2026-08-28,Durban,KwaZulu-Natal,-29.8587,31.0218,Retail,True,False,False,False
4663,2026-08-28,East London,Eastern Cape,-33.0153,27.9116,Hair Salon,True,False,False,False
4664,2026-08-28,Durban,KwaZulu-Natal,-29.8587,31.0218,Spaza Shop,True,True,False,False
4665,2026-08-28,Johannesburg,Gauteng,-26.2041,28.0473,Transport,True,False,False,False
4666,2026-08-28,Mbombela,Mpumalanga,-25.4753,30.9694,Tech Services,True,True,True,False
4667,2026-08-28,Bloemfontein,Free State,-29.0852,26.1596,Transport,True,True,False,False
4668,2026-08-28,Durban,KwaZulu-Natal,-29.8587,31.0218,Transport,True,True,False,False
4669,2026-08-28,Cape Town,Western Cape,-33.9249,18.4241,Food Stall,True,True,True,False
4670,2026-08-28,Kimberley,Northern Cape,-28.7282,24.7499,Retail,True,False,False,False
4671,2026-08-28,Cape Town,Western Cape,-33.9249,18.4241,Spaza Shop,True,True,True,False
4672,2026-08-28,Durban,KwaZulu-Natal,-29.8587,31.0218,Spaza Shop,True,True,True,False
4673,2026-08-28,Johannesburg,Gauteng,-26.2041,28.0473,Hair Salon,True,True,True,True
4674,2026-08-28,Johannesburg,Gauteng,-26.2041,28.0473,Retail,True,True,True,False
4675,2026-08-29,Johannesburg,Gauteng,-26.2041,28.0473,Transport,True,True,True,False
4676,2026-08-29,Mbombela,Mpumalanga,-25.4753,30.9694,Transport,True,True,False,False
4677,2026-08-29,Johannesburg,Gauteng,-26.2041,28.0473,Tech Services,True,False,False,False
4678,2026-08-29,Johannesburg,Gauteng,-26.2041,28.0473,Hair Salon,True,False,False,False
4679,2026-08-29,Pretoria,Gauteng,-25.7479,28.2293,Food Stall,True,True,False,False
4680,2026-08-29,Johannesburg,Gauteng,-26.2041,28.0473,Catering,True,False,False,False
4681,2026-08-29,Johannesburg,Gauteng,-26.2041,28.0473,Hair Salon,True,False,False,False
4682,2026-08-29,Durban,KwaZulu-Natal,-29.8587,31.0218,Retail,True,True,True,False
4683,2026-08-29,Cape Town,Western Cape,-33.9249,18.4241,Tech Services,True,True,True,False
4684,2026-08-29,Pretoria,Gauteng,-25.7479,28.2293,Transport,True,True,False,False
4685,2026-08-29,Durban,KwaZulu-Natal,-29.8587,31.0218,Construction,True,True,True,True
4686,2026-08-29,Durban,KwaZulu-Natal,-29.8587,31.0218,Hair Salon,True,True,False,False
4687,2026-08-29,Kimberley,Northern Cape,-28.7282,24.7499,Construction,True,True,False,False
4688,2026-08-29,Johannesburg,Gauteng,-26.2041,28.0473,Spaza Shop,True,False,False,False
4689,2026-08-29,Johannesburg,Gauteng,-26.2041,28.0473,Hair Salon,True,True,True,True
4690,2026-08-30,Mbombela,Mpumalanga,-25.4753,30.9694,Food Stall,True,True,False,False
4691,2026-08-30,Pretoria,Gauteng,-25.7479,28.2293,Catering,True,False,False,False
4692,2026-08-30,Durban,KwaZulu-Natal,-29.8587,31.0218,Construction,True,True,True,False
4693,2026-08-30,Durban,KwaZulu-Natal,-29.8587,31.0218,Transport,True,True,False,False
4694,2026-08-30,Durban,KwaZulu-Natal,-29.8587,31.0218,Retail,True,True,False,False
4695,2026-08-30,Johannesburg,Gauteng,-26.2041,28.0473,Catering,True,False,False,False
4696,2026-08-30,Gqeberha,Eastern Cape,-33.9608,25.6022,Transport,True,True,True,False
4697,2026-08-30,Cape Town,Western Cape,-33.9249,18.4241,Spaza Shop,True,True,True,True
4698,2026-08-30,Durban,KwaZulu-Natal,-29.8587,31.0218,Retail,True,True,True,False
4699,2026-08-30,Cape Town,Western Cape,-33.9249,18.4241,Construction,True,True,True,False
4700,2026-08-30,Cape Town,Western Cape,-33.9249,18.4241,Retail,True,True,True,False
4701,2026-08-30,Johannesburg,Gauteng,-26.2041,28.0473,Food Stall,True,False,False,False
4702,2026-08-30,Johannesburg,Gauteng,-26.2041,28.0473,Food Stall,True,True,False,False
4703,2026-08-30,Johannesburg,Gauteng,-26.2041,28.0473,Construction,True,True,False,False
4704,2026-08-30,Johannesburg,Gauteng,-26.2041,28.0473,Spaza Shop,True,True,False,False
4705,2026-08-30,Pretoria,Gauteng,-25.7479,28.2293,Hair Salon,True,True,True,True
4706,2026-08-30,Gqeberha,Eastern Cape,-33.9608,25.6022,Catering,True,True,False,False
4707,2026-08-30,Cape Town,Western Cape,-33.9249,18.4241,Catering,True,True,True,False
4708,2026-08-30,East London,Eastern Cape,-33.0153,27.9116,Food Stall,True,True,True,True
4709,2026-08-30,Johannesburg,Gauteng,-26.2041,28.0473,Catering,True,True,False,False
4710,2026-08-30,Pretoria,Gauteng,-25.7479,28.2293,Retail,True,True,True,False
4711,2026-08-30,Cape Town,Western Cape,-33.9249,18.4241,Construction,True,False,False,False
4712,2026-08-30,Mbombela,Mpumalanga,-25.4753,30.9694,Food Stall,True,False,False,False
4713,2026-08-30,East London,Eastern Cape,-33.0153,27.9116,Spaza Shop,True,False,False,False
4714,2026-08-30,Johannesburg,Gauteng,-26.2041,28.0473,Food Stall,True,True,True,False
4715,2026-08-31,Johannesburg,Gauteng,-26.2041,28.0473,Food Stall,True,True,True,True
4716,2026-08-31,Cape Town,Western Cape,-33.9249,18.4241,Hair Salon,True,True,True,False
4717,2026-08-31,Kimberley,Northern Cape,-28.7282,24.7499,Catering,True,True,False,False
4718,2026-08-31,Durban,KwaZulu-Natal,-29.8587,31.0218,Tech Services,True,True,False,False
4719,2026-08-31,Pretoria,Gauteng,-25.7479,28.2293,Spaza Shop,True,False,False,False
4720,2026-08-31,Durban,KwaZulu-Natal,-29.8587,31.0218,Spaza Shop,True,True,False,False
4721,2026-08-31,Johannesburg,Gauteng,-26.2041,28.0473,Food Stall,True,True,False,False
4722,2026-08-31,Pretoria,Gauteng,-25.7479,28.2293,Transport,True,True,False,False
4723,2026-08-31,Johannesburg,Gauteng,-26.2041,28.0473,Tech Services,True,False,False,False
4724,2026-08-31,Durban,KwaZulu-Natal,-29.8587,31.0218,Tech Services,True,True,True,False
4725,2026-08-31,Pretoria,Gauteng,-25.7479,28.2293,Retail,True,False,False,False
4726,2026-08-31,Durban,KwaZulu-Natal,-29.8587,31.0218,Food Stall,True,False,False,False
4727,2026-08-31,Durban,KwaZulu-Natal,-29.8587,31.0218,Transport,True,True,False,False
4728,2026-08-31,East London,Eastern Cape,-33.0153,27.9116,Transport,True,False,False,False
4729,2026-08-31,Durban,KwaZulu-Natal,-29.8587,31.0218,Catering,True,True,False,False
4730,2026-08-31,Mbombela,Mpumalanga,-25.4753,30.9694,Spaza Shop,True,False,False,False
4731,2026-08-31,Johannesburg,Gauteng,-26.2041,28.0473,Food Stall,True,True,False,False
4732,2026-08-31,Gqeberha,Eastern Cape,-33.9608,25.6022,Hair Salon,True,True,False,False
4733,2026-08-31,East London,Eastern Cape,-33.0153,27.9116,Food Stall,True,True,False,False
4734,2026-08-31,Polokwane,Limpopo,-23.9045,29.4689,Retail,True,True,False,False
4735,2026-09-01,Mbombela,Mpumalanga,-25.4753,30.9694,Retail,True,True,True,True
4736,2026-09-01,East London,Eastern Cape,-33.0153,27.9116,Catering,True,True,False,False
4737,2026-09-01,Durban,KwaZulu-Natal,-29.8587,31.0218,Hair Salon,True,True,False,False
4738,2026-09-01,Johannesburg,Gauteng,-26.2041,28.0473,Transport,True,True,True,False
4739,2026-09-01,Bloemfontein,Free State,-29.0852,26.1596,Hair Salon,True,False,False,False
4740,2026-09-01,Bloemfontein,Free State,-29.0852,26.1596,Food Stall,True,True,False,False
4741,2026-09-01,East London,Eastern Cape,-33.0153,27.9116,Transport,True,True,False,False
4742,2026-09-01,Durban,KwaZulu-Natal,-29.8587,31.0218,Spaza Shop,True,False,False,False
4743,2026-09-01,Bloemfontein,Free State,-29.0852,26.1596,Catering,True,True,False,False
4744,2026-09-01,East London,Eastern Cape,-33.0153,27.9116,Transport,True,True,False,False
4745,2026-09-01,Pretoria,Gauteng,-25.7479,28.2293,Construction,True,True,True,False
4746,2026-09-01,Pretoria,Gauteng,-25.7479,28.2293,Hair Salon,True,False,False,False
4747,2026-09-01,Durban,KwaZulu-Natal,-29.8587,31.0218,Spaza Shop,True,False,False,False
4748,2026-09-01,Bloemfontein,Free State,-29.0852,26.1596,Transport,True,True,False,False
4749,2026-09-01,Johannesburg,Gauteng,-26.2041,28.0473,Hair Salon,True,True,True,False
4750,2026-09-01,Durban,KwaZulu-Natal,-29.8587,31.0218,Hair Salon,True,False,False,False
4751,2026-09-01,Johannesburg,Gauteng,-26.2041,28.0473,Catering,True,False,False,False
4752,2026-09-01,Polokwane,Limpopo,-23.9045,29.4689,Retail,True,False,False,False
4753,2026-09-01,Johannesburg,Gauteng,-26.2041,28.0473,Transport,True,False,False,False
4754,2026-09-02,Johannesburg,Gauteng,-26.2041,28.0473,Spaza Shop,True,False,False,False
4755,2026-09-02,Durban,KwaZulu-Natal,-29.8587,31.0218,Transport,True,False,False,False
4756,2026-09-02,East London,Eastern Cape,-33.0153,27.9116,Hair Salon,True,False,False,False
4757,2026-09-02,Johannesburg,Gauteng,-26.2041,28.0473,Retail,True,True,False,False
4758,2026-09-02,Johannesburg,Gauteng,-26.2041,28.0473,Food Stall,True,True,True,False
4759,2026-09-02,Johannesburg,Gauteng,-26.2041,28.0473,Catering,True,False,False,False
4760,2026-09-02,Mbombela,Mpumalanga,-25.4753,30.9694,Tech Services,True,True,False,False
4761,2026-09-02,Durban,KwaZulu-Natal,-29.8587,31.0218,Spaza Shop,True,True,True,False
4762,2026-09-02,Durban,KwaZulu-Natal,-29.8587,31.0218,Tech Services,True,True,False,False
4763,2026-09-02,Johannesburg,Gauteng,-26.2041,28.0473,Hair Salon,True,True,True,False
4764,2026-09-02,Durban,KwaZulu-Natal,-29.8587,31.0218,Tech Services,True,False,False,False
4765,2026-09-02,Pretoria,Gauteng,-25.7479,28.2293,Hair Salon,True,True,True,True
4766,2026-09-02,Johannesburg,Gauteng,-26.2041,28.0473,Spaza Shop,True,True,True,False
4767,2026-09-02,Durban,KwaZulu-Natal,-29.8587,31.0218,Construction,True,False,False,False
4768,2026-09-02,Cape Town,Western Cape,-33.9249,18.4241,Tech Services,True,True,True,True
4769,2026-09-02,Kimberley,Northern Cape,-28.7282,24.7499,Tech Services,True,False,False,False
4770,2026-09-02,Johannesburg,Gauteng,-26.2041,28.0473,Retail,True,False,False,False
4771,2026-09-03,Johannesburg,Gauteng,-26.2041,28.0473,Retail,True,True,False,False
4772,2026-09-03,Johannesburg,Gauteng,-26.2041,28.0473,Tech Services,True,False,False,False
4773,2026-09-03,Johannesburg,Gauteng,-26.2041,28.0473,Food Stall,True,False,False,False
4774,2026-09-03,Mbombela,Mpumalanga,-25.4753,30.9694,Transport,True,True,False,False
4775,2026-09-03,Durban,KwaZulu-Natal,-29.8587,31.0218,Retail,True,False,False,False
4776,2026-09-03,Cape Town,Western Cape,-33.9249,18.4241,Hair Salon,True,True,False,False
4777,2026-09-03,Johannesburg,Gauteng,-26.2041,28.0473,Catering,True,True,False,False
4778,2026-09-03,Cape Town,Western Cape,-33.9249,18.4241,Construction,True,True,True,False
4779,2026-09-03,Cape Town,Western Cape,-33.9249,18.4241,Hair Salon,True,False,False,False
4780,2026-09-03,Pretoria,Gauteng,-25.7479,28.2293,Construction,True,True,True,True
4781,2026-09-03,Durban,KwaZulu-Natal,-29.8587,31.0218,Spaza Shop,True,False,False,False
4782,2026-09-03,Durban,KwaZulu-Natal,-29.8587,31.0218,Retail,True,True,True,False
4783,2026-09-03,Gqeberha,Eastern Cape,-33.9608,25.6022,Spaza Shop,True,False,False,False
4784,2026-09-03,Durban,KwaZulu-Natal,-29.8587,31.0218,Retail,True,True,False,False
4785,2026-09-03,Mbombela,Mpumalanga,-25.4753,30.9694,Transport,True,True,False,False
4786,2026-09-03,Bloemfontein,Free State,-29.0852,26.1596,Construction,True,True,False,False
4787,2026-09-03,East London,Eastern Cape,-33.0153,27.9116,Food Stall,True,False,False,False
4788,2026-09-03,Johannesburg,Gauteng,-26.2041,28.0473,Spaza Shop,True,True,True,False
4789,2026-09-03,Durban,KwaZulu-Natal,-29.8587,31.0218,Hair Salon,True,True,False,False
4790,2026-09-03,Bloemfontein,Free State,-29.0852,26.1596,Retail,True,False,False,False
4791,2026-09-03,Bloemfontein,Free State,-29.0852,26.1596,Spaza Shop,True,False,False,False
4792,2026-09-03,Johannesburg,Gauteng,-26.2041,28.0473,Hair Salon,True,False,False,False
4793,2026-09-03,Cape Town,Western Cape,-33.9249,18.4241,Transport,True,True,True,False
4794,2026-09-03,Mbombela,Mpumalanga,-25.4753,30.9694,Food Stall,True,True,True,False
4795,2026-09-03,Cape Town,Western Cape,-33.9249,18.4241,Hair Salon,True,False,False,False
4796,2026-09-03,Pretoria,Gauteng,-25.7479,28.2293,Transport,True,True,True,False
4797,2026-09-03,Johannesburg,Gauteng,-26.2041,28.0473,Tech Services,True,False,False,False
4798,2026-09-04,Kimberley,Northern Cape,-28.7282,24.7499,Retail,True,True,True,True
4799,2026-09-04,Bloemfontein,Free State,-29.0852,26.1596,Retail,True,False,False,False
4800,2026-09-04,Johannesburg,Gauteng,-26.2041,28.0473,Construction,True,False,False,False
4801,2026-09-04,Polokwane,Limpopo,-23.9045,29.4689,Transport,True,False,False,False
4802,2026-09-04,Cape Town,Western Cape,-33.9249,18.4241,Spaza Shop,True,True,True,True
4803,2026-09-04,Johannesburg,Gauteng,-26.2041,28.0473,Retail,True,True,False,False
4804,2026-09-04,Johannesburg,Gauteng,-26.2041,28.0473,Construction,True,True,True,False
4805,2026-09-04,East London,Eastern Cape,-33.0153,27.9116,Spaza Shop,True,False,False,False
4806,2026-09-04,Durban,KwaZulu-Natal,-29.8587,31.0218,Retail,True,False,False,False
4807,2026-09-04,Johannesburg,Gauteng,-26.2041,28.0473,Food Stall,True,True,True,False
4808,2026-09-04,Johannesburg,Gauteng,-26.2041,28.0473,Food Stall,True,False,False,False
4809,2026-09-04,Johannesburg,Gauteng,-26.2041,28.0473,Tech Services,True,True,True,False
4810,2026-09-04,Johannesburg,Gauteng,-26.2041,28.0473,Retail,True,True,True,False
4811,2026-09-04,East London,Eastern Cape,-33.0153,27.9116,Construction,True,True,True,False
4812,2026-09-04,Johannesburg,Gauteng,-26.2041,28.0473,Spaza Shop,True,True,False,False
4813,2026-09-04,Johannesburg,Gauteng,-26.2041,28.0473,Hair Salon,True,True,False,False
4814,2026-09-04,Gqeberha,Eastern Cape,-33.9608,25.6022,Catering,True,True,False,False
4815,2026-09-04,Durban,KwaZulu-Natal,-29.8587,31.0218,Spaza Shop,True,True,False,False
4816,2026-09-04,Mbombela,Mpumalanga,-25.4753,30.9694,Construction,True,True,True,False
4817,2026-09-04,Cape Town,Western Cape,-33.9249,18.4241,Catering,True,False,False,False
4818,2026-09-04,Johannesburg,Gauteng,-26.2041,28.0473,Spaza Shop,True,True,True,False
4819,2026-09-04,Johannesburg,Gauteng,-26.2041,28.0473,Spaza Shop,True,True,False,False
4820,2026-09-04,Johannesburg,Gauteng,-26.2041,28.0473,Spaza Shop,True,True,True,False
4821,2026-09-04,Johannesburg,Gauteng,-26.2041,28.0473,Hair Salon,True,True,False,False
4822,2026-09-04,Johannesburg,Gauteng,-26.2041,28.0473,Food Stall,True,False,False,False
4823,2026-09-04,Johannesburg,Gauteng,-26.2041,28.0473,Spaza Shop,True,True,True,False
4824,2026-09-04,Bloemfontein,Free State,-29.0852,26.1596,Catering,True,True,True,False
4825,2026-09-04,Johannesburg,Gauteng,-26.2041,28.0473,Transport,True,True,False,False
4826,2026-09-04,Polokwane,Limpopo,-23.9045,29.4689,Retail,True,False,False,False
4827,2026-09-04,Bloemfontein,Free State,-29.0852,26.1596,Food Stall,True,False,False,False
4828,2026-09-04,Johannesburg,Gauteng,-26.2041,28.0473,Hair Salon,True,True,False,False
4829,2026-09-04,Cape Town,Western Cape,-33.9249,18.4241,Spaza Shop,True,True,True,True
4830,2026-09-04,Kimberley,Northern Cape,-28.7282,24.7499,Catering,True,True,True,False
4831,2026-09-05,Johannesburg,Gauteng,-26.2041,28.0473,Spaza Shop,True,True,False,False
4832,2026-09-05,Johannesburg,Gauteng,-26.2041,28.0473,Retail,True,True,False,False
4833,2026-09-05,Bloemfontein,Free State,-29.0852,26.1596,Spaza Shop,True,True,False,False
4834,2026-09-05,Durban,KwaZulu-Natal,-29.8587,31.0218,Food Stall,True,True,False,False
4835,2026-09-05,Polokwane,Limpopo,-23.9045,29.4689,Tech Services,True,True,True,False
4836,2026-09-05,Durban,KwaZulu-Natal,-29.8587,31.0218,Food Stall,True,True,True,False
4837,2026-09-05,Cape Town,Western Cape,-33.9249,18.4241,Retail,True,True,False,False
4838,2026-09-05,Gqeberha,Eastern Cape,-33.9608,25.6022,Catering,True,True,False,False
4839,2026-09-05,Pretoria,Gauteng,-25.7479,28.2293,Transport,True,True,False,False
4840,2026-09-05,Johannesburg,Gauteng,-26.2041,28.0473,Hair Salon,True,True,True,False
4841,2026-09-05,Pretoria,Gauteng,-25.7479,28.2293,Hair Salon,True,False,False,False
4842,2026-09-05,Johannesburg,Gauteng,-26.2041,28.0473,Retail,True,True,False,False
4843,2026-09-05,Gqeberha,Eastern Cape,-33.9608,25.6022,Tech Services,True,False,False,False
4844,2026-09-05,Pretoria,Gauteng,-25.7479,28.2293,Tech Services,True,True,False,False
4845,2026-09-05,Johannesburg,Gauteng,-26.2041,28.0473,Spaza Shop,True,True,False,False
4846,2026-09-06,Cape Town,Western Cape,-33.9249,18.4241,Construction,True,True,True,True
4847,2026-09-06,Cape Town,Western Cape,-33.9249,18.4241,Hair Salon,True,True,False,False
4848,2026-09-06,Durban,KwaZulu-Natal,-29.8587,31.0218,Catering,True,True,False,False
4849,2026-09-06,Johannesburg,Gauteng,-26.2041,28.0473,Construction,True,True,True,False
4850,2026-09-06,Cape Town,Western Cape,-33.9249,18.4241,Catering,True,False,False,False
4851,2026-09-06,East London,Eastern Cape,-33.0153,27.9116,Construction,True,False,False,False
4852,2026-09-06,Pretoria,Gauteng,-25.7479,28.2293,Spaza Shop,True,True,True,False
4853,2026-09-06,Cape Town,Western Cape,-33.9249,18.4241,Tech Services,True,True,False,False
4854,2026-09-06,Pretoria,Gauteng,-25.7479,28.2293,Catering,True,True,True,False
4855,2026-09-06,Johannesburg,Gauteng,-26.2041,28.0473,Food Stall,True,True,False,False
4856,2026-09-06,Gqeberha,Eastern Cape,-33.9608,25.6022,Spaza Shop,True,False,False,False
4857,2026-09-06,Cape Town,Western Cape,-33.9249,18.4241,Construction,True,True,False,False
4858,2026-09-06,Johannesburg,Gauteng,-26.2041,28.0473,Tech Services,True,True,False,False
4859,2026-09-06,Pretoria,Gauteng,-25.7479,28.2293,Tech Services,True,True,False,False
4860,2026-09-06,Cape Town,Western Cape,-33.9249,18.4241,Spaza Shop,True,True,False,False
4861,2026-09-06,Cape Town,Western Cape,-33.9249,18.4241,Hair Salon,True,True,False,False
4862,2026-09-06,Johannesburg,Gauteng,-26.2041,28.0473,Spaza Shop,True,True,False,False
4863,2026-09-06,Durban,KwaZulu-Natal,-29.8587,31.0218,Hair Salon,True,False,False,False
4864,2026-09-06,Cape Town,Western Cape,-33.9249,18.4241,Catering,True,False,False,False
4865,2026-09-06,East London,Eastern Cape,-33.0153,27.9116,Food Stall,True,True,False,False
4866,2026-09-06,Bloemfontein,Free State,-29.0852,26.1596,Food Stall,True,True,False,False
4867,2026-09-06,Bloemfontein,Free State,-29.0852,26.1596,Transport,True,True,True,False
4868,2026-09-06,Pretoria,Gauteng,-25.7479,28.2293,Hair Salon,True,False,False,False
4869,2026-09-06,Mbombela,Mpumalanga,-25.4753,30.9694,Tech Services,True,False,False,False
4870,2026-09-06,Cape Town,Western Cape,-33.9249,18.4241,Retail,True,True,True,True
4871,2026-09-06,Gqeberha,Eastern Cape,-33.9608,25.6022,Construction,True,True,True,True
4872,2026-09-06,Mbombela,Mpumalanga,-25.4753,30.9694,Transport,True,True,True,False
4873,2026-09-06,Johannesburg,Gauteng,-26.2041,28.0473,Retail,True,True,False,False
4874,2026-09-07,Pretoria,Gauteng,-25.7479,28.2293,Retail,True,True,False,False
4875,2026-09-07,Johannesburg,Gauteng,-26.2041,28.0473,Spaza Shop,True,True,False,False
4876,2026-09-07,Johannesburg,Gauteng,-26.2041,28.0473,Retail,True,True,False,False
4877,2026-09-07,Cape Town,Western Cape,-33.9249,18.4241,Retail,True,True,True,False
4878,2026-09-07,Pretoria,Gauteng,-25.7479,28.2293,Retail,True,False,False,False
4879,2026-09-07,Polokwane,Limpopo,-23.9045,29.4689,Spaza Shop,True,True,True,True
4880,2026-09-07,Durban,KwaZulu-Natal,-29.8587,31.0218,Spaza Shop,True,True,False,False
4881,2026-09-07,East London,Eastern Cape,-33.0153,27.9116,Hair Salon,True,False,False,False
4882,2026-09-07,Gqeberha,Eastern Cape,-33.9608,25.6022,Food Stall,True,True,True,True
4883,2026-09-07,Durban,KwaZulu-Natal,-29.8587,31.0218,Spaza Shop,True,False,False,False
4884,2026-09-07,Johannesburg,Gauteng,-26.2041,28.0473,Catering,True,False,False,False
4885,2026-09-07,Johannesburg,Gauteng,-26.2041,28.0473,Food Stall,True,True,False,False
4886,2026-09-07,Pretoria,Gauteng,-25.7479,28.2293,Transport,True,True,True,True
4887,2026-09-07,Durban,KwaZulu-Natal,-29.8587,31.0218,Construction,True,True,True,False
4888,2026-09-07,Cape Town,Western Cape,-33.9249,18.4241,Hair Salon,True,True,True,True
4889,2026-09-07,Kimberley,Northern Cape,-28.7282,24.7499,Catering,True,False,False,False
4890,2026-09-07,Durban,KwaZulu-Natal,-29.8587,31.0218,Tech Services,True,True,False,False
4891,2026-09-07,Mbombela,Mpumalanga,-25.4753,30.9694,Transport,True,False,False,False
4892,2026-09-07,Cape Town,Western Cape,-33.9249,18.4241,Tech Services,True,True,False,False
4893,2026-09-07,Johannesburg,Gauteng,-26.2041,28.0473,Spaza Shop,True,True,True,True
4894,2026-09-07,Pretoria,Gauteng,-25.7479,28.2293,Construction,True,True,True,True
4895,2026-09-07,Durban,KwaZulu-Natal,-29.8587,31.0218,Catering,True,True,True,False
4896,2026-09-07,Johannesburg,Gauteng,-26.2041,28.0473,Tech Services,True,False,False,False
4897,2026-09-07,Johannesburg,Gauteng,-26.2041,28.0473,Transport,True,True,True,False
4898,2026-09-08,Johannesburg,Gauteng,-26.2041,28.0473,Tech Services,True,False,False,False
4899,2026-09-08,Bloemfontein,Free State,-29.0852,26.1596,Retail,True,True,False,False
4900,2026-09-08,Pretoria,Gauteng,-25.7479,28.2293,Retail,True,False,False,False
4901,2026-09-08,Durban,KwaZulu-Natal,-29.8587,31.0218,Food Stall,True,False,False,False
4902,2026-09-08,Cape Town,Western Cape,-33.9249,18.4241,Tech Services,True,True,False,False
4903,2026-09-08,East London,Eastern Cape,-33.0153,27.9116,Transport,True,True,False,False
4904,2026-09-08,Pretoria,Gauteng,-25.7479,28.2293,Construction,True,True,False,False
4905,2026-09-08,Mbombela,Mpumalanga,-25.4753,30.9694,Retail,True,True,False,False
4906,2026-09-08,Pretoria,Gauteng,-25.7479,28.2293,Tech Services,True,True,True,False
4907,2026-09-08,Durban,KwaZulu-Natal,-29.8587,31.0218,Catering,True,True,True,True
4908,2026-09-08,East London,Eastern Cape,-33.0153,27.9116,Catering,True,False,False,False
4909,2026-09-08,Cape Town,Western Cape,-33.9249,18.4241,Tech Services,True,False,False,False
4910,2026-09-08,Polokwane,Limpopo,-23.9045,29.4689,Tech Services,True,False,False,False
4911,2026-09-08,Mbombela,Mpumalanga,-25.4753,30.9694,Tech Services,True,False,False,False
4912,2026-09-08,Mbombela,Mpumalanga,-25.4753,30.9694,Retail,True,False,False,False
4913,2026-09-08,Kimberley,Northern Cape,-28.7282,24.7499,Food Stall,True,False,False,False
4914,2026-09-08,Polokwane,Limpopo,-23.9045,29.4689,Retail,True,True,False,False
4915,2026-09-08,Bloemfontein,Free State,-29.0852,26.1596,Hair Salon,True,True,False,False
4916,2026-09-08,Durban,KwaZulu-Natal,-29.8587,31.0218,Transport,True,True,False,False
4917,2026-09-08,Johannesburg,Gauteng,-26.2041,28.0473,Retail,True,True,False,False
4918,2026-09-08,Cape Town,Western Cape,-33.9249,18.4241,Construction,True,True,True,True
4919,2026-09-09,Pretoria,Gauteng,-25.7479,28.2293,Tech Services,True,True,True,True
4920,2026-09-09,Polokwane,Limpopo,-23.9045,29.4689,Catering,True,False,False,False
4921,2026-09-09,Mbombela,Mpumalanga,-25.4753,30.9694,Retail,True,True,True,False
4922,2026-09-09,Durban,KwaZulu-Natal,-29.8587,31.0218,Catering,True,False,False,False
4923,2026-09-09,Cape Town,Western Cape,-33.9249,18.4241,Retail,True,True,True,False
4924,2026-09-09,East London,Eastern Cape,-33.0153,27.9116,Hair Salon,True,False,False,False
4925,2026-09-09,Bloemfontein,Free State,-29.0852,26.1596,Food Stall,True,True,False,False
4926,2026-09-09,Bloemfontein,Free State,-29.0852,26.1596,Construction,True,True,True,True
4927,2026-09-09,Johannesburg,Gauteng,-26.2041,28.0473,Retail,True,True,True,True
4928,2026-09-09,Cape Town,Western Cape,-33.9249,18.4241,Catering,True,False,False,False
4929,2026-09-09,Gqeberha,Eastern Cape,-33.9608,25.6022,Spaza Shop,True,True,True,False
4930,2026-09-09,Kimberley,Northern Cape,-28.7282,24.7499,Spaza Shop,True,True,False,False
4931,2026-09-09,Cape Town,Western Cape,-33.9249,18.4241,Hair Salon,True,True,True,True
4932,2026-09-09,Johannesburg,Gauteng,-26.2041,28.0473,Retail,True,False,False,False
4933,2026-09-09,Johannesburg,Gauteng,-26.2041,28.0473,Hair Salon,True,False,False,False
4934,2026-09-09,East London,Eastern Cape,-33.0153,27.9116,Hair Salon,True,True,False,False
4935,2026-09-09,Gqeberha,Eastern Cape,-33.9608,25.6022,Tech Services,True,True,False,False
4936,2026-09-09,Johannesburg,Gauteng,-26.2041,28.0473,Food Stall,True,False,False,False
4937,2026-09-09,Johannesburg,Gauteng,-26.2041,28.0473,Tech Services,True,False,False,False
4938,2026-09-09,Johannesburg,Gauteng,-26.2041,28.0473,Construction,True,True,True,False
4939,2026-09-09,Johannesburg,Gauteng,-26.2041,28.0473,Spaza Shop,True,True,False,False
4940,2026-09-09,Johannesburg,Gauteng,-26.2041,28.0473,Spaza Shop,True,False,False,False
4941,2026-09-09,Mbombela,Mpumalanga,-25.4753,30.9694,Food Stall,True,True,False,False
4942,2026-09-09,East London,Eastern Cape,-33.0153,27.9116,Food Stall,True,True,False,False
4943,2026-09-09,Bloemfontein,Free State,-29.0852,26.1596,Tech Services,True,True,False,False
4944,2026-09-09,Johannesburg,Gauteng,-26.2041,28.0473,Tech Services,True,False,False,False
4945,2026-09-09,Polokwane,Limpopo,-23.9045,29.4689,Transport,True,True,False,False
4946,2026-09-09,Gqeberha,Eastern Cape,-33.9608,25.6022,Spaza Shop,True,False,False,False
4947,2026-09-09,Gqeberha,Eastern Cape,-33.9608,25.6022,Retail,True,True,False,False
4948,2026-09-10,Polokwane,Limpopo,-23.9045,29.4689,Transport,True,False,False,False
4949,2026-09-10,Polokwane,Limpopo,-23.9045,29.4689,Hair Salon,True,False,False,False
4950,2026-09-10,Johannesburg,Gauteng,-26.2041,28.0473,Transport,True,False,False,False
4951,2026-09-10,Pretoria,Gauteng,-25.7479,28.2293,Spaza Shop,True,True,False,False
4952,2026-09-10,Cape Town,Western Cape,-33.9249,18.4241,Food Stall,True,True,True,False
4953,2026-09-10,Durban,KwaZulu-Natal,-29.8587,31.0218,Spaza Shop,True,True,True,False
4954,2026-09-10,Gqeberha,Eastern Cape,-33.9608,25.6022,Hair Salon,True,True,False,False
4955,2026-09-10,Cape Town,Western Cape,-33.9249,18.4241,Food Stall,True,True,True,False
4956,2026-09-10,Kimberley,Northern Cape,-28.7282,24.7499,Tech Services,True,True,False,False
4957,2026-09-10,Pretoria,Gauteng,-25.7479,28.2293,Transport,True,True,True,True
4958,2026-09-10,East London,Eastern Cape,-33.0153,27.9116,Hair Salon,True,True,False,False
4959,2026-09-10,Polokwane,Limpopo,-23.9045,29.4689,Spaza Shop,True,True,False,False
4960,2026-09-10,Gqeberha,Eastern Cape,-33.9608,25.6022,Transport,True,False,False,False
4961,2026-09-10,Bloemfontein,Free State,-29.0852,26.1596,Spaza Shop,True,True,False,False
4962,2026-09-10,Johannesburg,Gauteng,-26.2041,28.0473,Retail,True,True,False,False
4963,2026-09-10,Johannesburg,Gauteng,-26.2041,28.0473,Construction,True,False,False,False
4964,2026-09-10,Polokwane,Limpopo,-23.9045,29.4689,Catering,True,False,False,False
4965,2026-09-10,Kimberley,Northern Cape,-28.7282,24.7499,Tech Services,True,True,False,False
4966,2026-09-10,Durban,KwaZulu-Natal,-29.8587,31.0218,Transport,True,False,False,False
4967,2026-09-10,Polokwane,Limpopo,-23.9045,29.4689,Spaza Shop,True,True,False,False
4968,2026-09-10,Cape Town,Western Cape,-33.9249,18.4241,Hair Salon,True,True,False,False
4969,2026-09-10,Cape Town,Western Cape,-33.9249,18.4241,Transport,True,True,True,False
4970,2026-09-10,Gqeberha,Eastern Cape,-33.9608,25.6022,Catering,True,False,False,False
4971,2026-09-10,Johannesburg,Gauteng,-26.2041,28.0473,Retail,True,True,True,False
4972,2026-09-10,East London,Eastern Cape,-33.0153,27.9116,Construction,True,True,True,False
4973,2026-09-10,Johannesburg,Gauteng,-26.2041,28.0473,Retail,True,True,False,False
4974,2026-09-10,Polokwane,Limpopo,-23.9045,29.4689,Hair Salon,True,True,False,False
4975,2026-09-10,Durban,KwaZulu-Natal,-29.8587,31.0218,Catering,True,False,False,False
4976,2026-09-11,Pretoria,Gauteng,-25.7479,28.2293,Hair Salon,True,False,False,False
4977,2026-09-11,Pretoria,Gauteng,-25.7479,28.2293,Tech Services,True,True,False,False
4978,2026-09-11,Durban,KwaZulu-Natal,-29.8587,31.0218,Spaza Shop,True,False,False,False
4979,2026-09-11,Pretoria,Gauteng,-25.7479,28.2293,Hair Salon,True,True,True,True
4980,2026-09-11,Cape Town,Western Cape,-33.9249,18.4241,Tech Services,True,True,False,False
4981,2026-09-11,Gqeberha,Eastern Cape,-33.9608,25.6022,Construction,True,True,False,False
4982,2026-09-11,Gqeberha,Eastern Cape,-33.9608,25.6022,Transport,True,False,False,False
4983,2026-09-11,Pretoria,Gauteng,-25.7479,28.2293,Hair Salon,True,True,True,True
4984,2026-09-11,Polokwane,Limpopo,-23.9045,29.4689,Retail,True,True,False,False
4985,2026-09-11,Bloemfontein,Free State,-29.0852,26.1596,Tech Services,True,True,False,False
4986,2026-09-11,Polokwane,Limpopo,-23.9045,29.4689,Transport,True,True,False,False
4987,2026-09-11,Pretoria,Gauteng,-25.7479,28.2293,Hair Salon,True,False,False,False
4988,2026-09-11,Johannesburg,Gauteng,-26.2041,28.0473,Food Stall,True,False,False,False
4989,2026-09-11,Mbombela,Mpumalanga,-25.4753,30.9694,Transport,True,True,True,True
4990,2026-09-11,Bloemfontein,Free State,-29.0852,26.1596,Catering,True,True,True,False
4991,2026-09-12,Cape Town,Western Cape,-33.9249,18.4241,Spaza Shop,True,False,False,False
4992,2026-09-12,Bloemfontein,Free State,-29.0852,26.1596,Food Stall,True,False,False,False
4993,2026-09-12,Johannesburg,Gauteng,-26.2041,28.0473,Spaza Shop,True,False,False,False
4994,2026-09-12,Johannesburg,Gauteng,-26.2041,28.0473,Tech Services,True,False,False,False
4995,2026-09-12,Bloemfontein,Free State,-29.0852,26.1596,Transport,True,False,False,False
4996,2026-09-12,Bloemfontein,Free State,-29.0852,26.1596,Catering,True,True,False,False
4997,2026-09-12,Johannesburg,Gauteng,-26.2041,28.0473,Spaza Shop,True,True,True,False
4998,2026-09-12,East London,Eastern Cape,-33.0153,27.9116,Food Stall,True,True,True,False
4999,2026-09-12,Durban,KwaZulu-Natal,-29.8587,31.0218,Spaza Shop,True,True,True,False
5000,2026-09-12,Pretoria,Gauteng,-25.7479,28.2293,Spaza Shop,True,True,True,True
5001,2026-09-12,Bloemfontein,Free State,-29.0852,26.1596,Retail,True,False,False,False
5002,2026-09-12,East London,Eastern Cape,-33.0153,27.9116,Transport,True,False,False,False
5003,2026-09-12,Gqeberha,Eastern Cape,-33.9608,25.6022,Tech Services,True,False,False,False
5004,2026-09-12,Johannesburg,Gauteng,-26.2041,28.0473,Tech Services,True,True,True,False
5005,2026-09-12,Gqeberha,Eastern Cape,-33.9608,25.6022,Retail,True,True,True,False
5006,2026-09-12,Kimberley,Northern Cape,-28.7282,24.7499,Catering,True,True,False,False
5007,2026-09-12,Johannesburg,Gauteng,-26.2041,28.0473,Food Stall,True,True,True,True
5008,2026-09-12,Mbombela,Mpumalanga,-25.4753,30.9694,Construction,True,False,False,False
5009,2026-09-12,Mbombela,Mpumalanga,-25.4753,30.9694,Tech Services,True,True,False,False
5010,2026-09-12,Cape Town,Western Cape,-33.9249,18.4241,Tech Services,True,True,True,True
5011,2026-09-12,Gqeberha,Eastern Cape,-33.9608,25.6022,Spaza Shop,True,False,False,False
5012,2026-09-13,Cape Town,Western Cape,-33.9249,18.4241,Tech Services,True,True,True,True
5013,2026-09-13,Durban,KwaZulu-Natal,-29.8587,31.0218,Transport,True,True,True,True
5014,2026-09-13,Bloemfontein,Free State,-29.0852,26.1596,Catering,True,True,True,True
5015,2026-09-13,Cape Town,Western Cape,-33.9249,18.4241,Transport,True,True,False,False
5016,2026-09-13,Durban,KwaZulu-Natal,-29.8587,31.0218,Spaza Shop,True,True,False,False
5017,2026-09-13,Pretoria,Gauteng,-25.7479,28.2293,Transport,True,False,False,False
5018,2026-09-13,Cape Town,Western Cape,-33.9249,18.4241,Food Stall,True,True,True,False
5019,2026-09-13,Cape Town,Western Cape,-33.9249,18.4241,Hair Salon,True,True,True,False
5020,2026-09-13,Durban,KwaZulu-Natal,-29.8587,31.0218,Construction,True,False,False,False
5021,2026-09-13,East London,Eastern Cape,-33.0153,27.9116,Construction,True,True,True,True
5022,2026-09-13,Polokwane,Limpopo,-23.9045,29.4689,Catering,True,False,False,False
5023,2026-09-13,Cape Town,Western Cape,-33.9249,18.4241,Catering,True,True,True,True
5024,2026-09-13,Cape Town,Western Cape,-33.9249,18.4241,Transport,True,True,True,False
5025,2026-09-13,Durban,KwaZulu-Natal,-29.8587,31.0218,Food Stall,True,True,False,False
5026,2026-09-13,Johannesburg,Gauteng,-26.2041,28.0473,Catering,True,True,False,False
5027,2026-09-13,Durban,KwaZulu-Natal,-29.8587,31.0218,Tech Services,True,True,True,True
5028,2026-09-13,Durban,KwaZulu-Natal,-29.8587,31.0218,Tech Services,True,True,True,False
5029,2026-09-13,Mbombela,Mpumalanga,-25.4753,30.9694,Catering,True,True,False,False
5030,2026-09-13,Johannesburg,Gauteng,-26.2041,28.0473,Tech Services,True,False,False,False
5031,2026-09-14,Kimberley,Northern Cape,-28.7282,24.7499,Spaza Shop,True,False,False,False
5032,2026-09-14,Johannesburg,Gauteng,-26.2041,28.0473,Retail,True,False,False,False
5033,2026-09-14,Johannesburg,Gauteng,-26.2041,28.0473,Tech Services,True,True,True,True
5034,2026-09-14,Durban,KwaZulu-Natal,-29.8587,31.0218,Food Stall,True,False,False,False
5035,2026-09-14,Cape Town,Western Cape,-33.9249,18.4241,Spaza Shop,True,False,False,False
5036,2026-09-14,Mbombela,Mpumalanga,-25.4753,30.9694,Hair Salon,True,False,False,False
5037,2026-09-14,Cape Town,Western Cape,-33.9249,18.4241,Spaza Shop,True,True,False,False
5038,2026-09-14,Polokwane,Limpopo,-23.9045,29.4689,Spaza Shop,True,False,False,False
5039,2026-09-14,Pretoria,Gauteng,-25.7479,28.2293,Catering,True,True,True,False
5040,2026-09-14,Pretoria,Gauteng,-25.7479,28.2293,Hair Salon,True,True,False,False
5041,2026-09-14,Polokwane,Limpopo,-23.9045,29.4689,Food Stall,True,True,False,False
5042,2026-09-14,Cape Town,Western Cape,-33.9249,18.4241,Construction,True,True,False,False
5043,2026-09-14,Mbombela,Mpumalanga,-25.4753,30.9694,Retail,True,True,True,False
5044,2026-09-14,Johannesburg,Gauteng,-26.2041,28.0473,Transport,True,False,False,False
5045,2026-09-14,Johannesburg,Gauteng,-26.2041,28.0473,Construction,True,True,False,False
5046,2026-09-14,Johannesburg,Gauteng,-26.2041,28.0473,Food Stall,True,False,False,False
5047,2026-09-14,Johannesburg,Gauteng,-26.2041,28.0473,Catering,True,False,False,False
5048,2026-09-14,Polokwane,Limpopo,-23.9045,29.4689,Spaza Shop,True,True,True,False
5049,2026-09-14,Pretoria,Gauteng,-25.7479,28.2293,Tech Services,True,False,False,False
5050,2026-09-15,Johannesburg,Gauteng,-26.2041,28.0473,Tech Services,True,False,False,False
5051,2026-09-15,Cape Town,Western Cape,-33.9249,18.4241,Food Stall,True,True,False,False
5052,2026-09-15,Polokwane,Limpopo,-23.9045,29.4689,Food Stall,True,True,True,False
5053,2026-09-15,Pretoria,Gauteng,-25.7479,28.2293,Transport,True,False,False,False
5054,2026-09-15,Johannesburg,Gauteng,-26.2041,28.0473,Tech Services,True,False,False,False
5055,2026-09-15,Pretoria,Gauteng,-25.7479,28.2293,Transport,True,True,False,False
5056,2026-09-15,Bloemfontein,Free State,-29.0852,26.1596,Spaza Shop,True,False,False,False
5057,2026-09-15,Johannesburg,Gauteng,-26.2041,28.0473,Hair Salon,True,True,False,False
5058,2026-09-15,Durban,KwaZulu-Natal,-29.8587,31.0218,Catering,True,False,False,False
5059,2026-09-15,Durban,KwaZulu-Natal,-29.8587,31.0218,Transport,True,True,False,False
5060,2026-09-15,Bloemfontein,Free State,-29.0852,26.1596,Construction,True,False,False,False
5061,2026-09-15,Durban,KwaZulu-Natal,-29.8587,31.0218,Spaza Shop,True,True,False,False
5062,2026-09-15,Durban,KwaZulu-Natal,-29.8587,31.0218,Construction,True,True,True,False
5063,2026-09-15,Johannesburg,Gauteng,-26.2041,28.0473,Spaza Shop,True,True,True,True
5064,2026-09-16,Johannesburg,Gauteng,-26.2041,28.0473,Transport,True,True,False,False
5065,2026-09-16,Cape Town,Western Cape,-33.9249,18.4241,Hair Salon,True,False,False,False
5066,2026-09-16,Durban,KwaZulu-Natal,-29.8587,31.0218,Transport,True,False,False,False
5067,2026-09-16,Pretoria,Gauteng,-25.7479,28.2293,Spaza Shop,True,False,False,False
5068,2026-09-16,Pretoria,Gauteng,-25.7479,28.2293,Retail,True,True,False,False
5069,2026-09-16,Gqeberha,Eastern Cape,-33.9608,25.6022,Construction,True,True,True,False
5070,2026-09-16,Polokwane,Limpopo,-23.9045,29.4689,Tech Services,True,True,True,False
5071,2026-09-16,Johannesburg,Gauteng,-26.2041,28.0473,Spaza Shop,True,False,False,False
5072,2026-09-16,Cape Town,Western Cape,-33.9249,18.4241,Construction,True,False,False,False
5073,2026-09-16,Johannesburg,Gauteng,-26.2041,28.0473,Retail,True,False,False,False
5074,2026-09-16,Bloemfontein,Free State,-29.0852,26.1596,Spaza Shop,True,True,False,False
5075,2026-09-16,Cape Town,Western Cape,-33.9249,18.4241,Transport,True,True,False,False
5076,2026-09-16,Mbombela,Mpumalanga,-25.4753,30.9694,Spaza Shop,True,True,False,False
5077,2026-09-16,Johannesburg,Gauteng,-26.2041,28.0473,Food Stall,True,True,True,True
5078,2026-09-16,Cape Town,Western Cape,-33.9249,18.4241,Spaza Shop,True,True,True,True
5079,2026-09-16,Cape Town,Western Cape,-33.9249,18.4241,Hair Salon,True,True,False,False
5080,2026-09-17,Durban,KwaZulu-Natal,-29.8587,31.0218,Transport,True,False,False,False
5081,2026-09-17,Durban,KwaZulu-Natal,-29.8587,31.0218,Catering,True,False,False,False
5082,2026-09-17,Johannesburg,Gauteng,-26.2041,28.0473,Hair Salon,True,True,False,False
5083,2026-09-17,Cape Town,Western Cape,-33.9249,18.4241,Retail,True,True,True,False
5084,2026-09-17,Cape Town,Western Cape,-33.9249,18.4241,Tech Services,True,True,False,False
5085,2026-09-17,Pretoria,Gauteng,-25.7479,28.2293,Spaza Shop,True,True,False,False
5086,2026-09-17,Polokwane,Limpopo,-23.9045,29.4689,Construction,True,True,False,False
5087,2026-09-17,Johannesburg,Gauteng,-26.2041,28.0473,Retail,True,True,True,False
5088,2026-09-17,Pretoria,Gauteng,-25.7479,28.2293,Hair Salon,True,True,True,True
5089,2026-09-17,Johannesburg,Gauteng,-26.2041,28.0473,Transport,True,True,False,False
5090,2026-09-17,Johannesburg,Gauteng,-26.2041,28.0473,Hair Salon,True,True,True,False
5091,2026-09-17,Durban,KwaZulu-Natal,-29.8587,31.0218,Food Stall,True,True,True,False
5092,2026-09-17,Cape Town,Western Cape,-33.9249,18.4241,Retail,True,True,False,False
5093,2026-09-17,Cape Town,Western Cape,-33.9249,18.4241,Transport,True,False,False,False
5094,2026-09-17,Gqeberha,Eastern Cape,-33.9608,25.6022,Construction,True,True,True,False
5095,2026-09-17,Gqeberha,Eastern Cape,-33.9608,25.6022,Transport,True,True,False,False
5096,2026-09-17,Gqeberha,Eastern Cape,-33.9608,25.6022,Spaza Shop,True,True,True,True
5097,2026-09-17,Pretoria,Gauteng,-25.7479,28.2293,Tech Services,True,True,False,False
5098,2026-09-17,Cape Town,Western Cape,-33.9249,18.4241,Construction,True,True,False,False
5099,2026-09-17,Polokwane,Limpopo,-23.9045,29.4689,Tech Services,True,False,False,False
5100,2026-09-17,Cape Town,Western Cape,-33.9249,18.4241,Spaza Shop,True,True,False,False
5101,2026-09-17,Johannesburg,Gauteng,-26.2041,28.0473,Retail,True,True,False,False
5102,2026-09-17,Mbombela,Mpumalanga,-25.4753,30.9694,Transport,True,True,False,False
5103,2026-09-17,Durban,KwaZulu-Natal,-29.8587,31.0218,Transport,True,False,False,False
5104,2026-09-17,Gqeberha,Eastern Cape,-33.9608,25.6022,Catering,True,True,False,False
5105,2026-09-17,Kimberley,Northern Cape,-28.7282,24.7499,Food Stall,True,True,False,False
5106,2026-09-17,Johannesburg,Gauteng,-26.2041,28.0473,Spaza Shop,True,False,False,False
5107,2026-09-17,Bloemfontein,Free State,-29.0852,26.1596,Catering,True,True,False,False
5108,2026-09-17,Cape Town,Western Cape,-33.9249,18.4241,Transport,True,False,False,False
5109,2026-09-17,Bloemfontein,Free State,-29.0852,26.1596,Catering,True,True,False,False
5110,2026-09-17,Durban,KwaZulu-Natal,-29.8587,31.0218,Spaza Shop,True,True,False,False
5111,2026-09-17,Bloemfontein,Free State,-29.0852,26.1596,Tech Services,True,True,True,False
5112,2026-09-17,Johannesburg,Gauteng,-26.2041,28.0473,Retail,True,False,False,False
5113,2026-09-18,Cape Town,Western Cape,-33.9249,18.4241,Catering,True,True,True,False
5114,2026-09-18,Durban,KwaZulu-Natal,-29.8587,31.0218,Catering,True,True,False,False
5115,2026-09-18,Pretoria,Gauteng,-25.7479,28.2293,Spaza Shop,True,True,True,False
5116,2026-09-18,Bloemfontein,Free State,-29.0852,26.1596,Tech Services,True,True,False,False
5117,2026-09-18,Johannesburg,Gauteng,-26.2041,28.0473,Spaza Shop,True,True,True,False
5118,2026-09-18,Pretoria,Gauteng,-25.7479,28.2293,Transport,True,False,False,False
5119,2026-09-18,East London,Eastern Cape,-33.0153,27.9116,Tech Services,True,True,False,False
5120,2026-09-18,Johannesburg,Gauteng,-26.2041,28.0473,Spaza Shop,True,True,False,False
5121,2026-09-18,Johannesburg,Gauteng,-26.2041,28.0473,Hair Salon,True,True,True,False
5122,2026-09-18,Durban,KwaZulu-Natal,-29.8587,31.0218,Catering,True,True,False,False
5123,2026-09-18,Johannesburg,Gauteng,-26.2041,28.0473,Construction,True,True,True,True
5124,2026-09-18,Cape Town,Western Cape,-33.9249,18.4241,Catering,True,True,True,False
5125,2026-09-18,Cape Town,Western Cape,-33.9249,18.4241,Hair Salon,True,True,True,True
5126,2026-09-18,Mbombela,Mpumalanga,-25.4753,30.9694,Spaza Shop,True,False,False,False
5127,2026-09-18,Cape Town,Western Cape,-33.9249,18.4241,Transport,True,True,True,True
5128,2026-09-18,Johannesburg,Gauteng,-26.2041,28.0473,Retail,True,True,True,True
5129,2026-09-18,Cape Town,Western Cape,-33.9249,18.4241,Construction,True,True,True,True
5130,2026-09-18,Gqeberha,Eastern Cape,-33.9608,25.6022,Construction,True,True,False,False
5131,2026-09-18,Bloemfontein,Free State,-29.0852,26.1596,Retail,True,True,False,False
5132,2026-09-19,Pretoria,Gauteng,-25.7479,28.2293,Construction,True,True,True,True
5133,2026-09-19,Gqeberha,Eastern Cape,-33.9608,25.6022,Hair Salon,True,True,True,False
5134,2026-09-19,Mbombela,Mpumalanga,-25.4753,30.9694,Tech Services,True,True,True,False
5135,2026-09-19,Durban,KwaZulu-Natal,-29.8587,31.0218,Spaza Shop,True,True,True,False
5136,2026-09-19,Cape Town,Western Cape,-33.9249,18.4241,Retail,True,True,False,False
5137,2026-09-19,Johannesburg,Gauteng,-26.2041,28.0473,Retail,True,False,False,False
5138,2026-09-19,Polokwane,Limpopo,-23.9045,29.4689,Food Stall,True,False,False,False
5139,2026-09-19,Pretoria,Gauteng,-25.7479,28.2293,Food Stall,True,True,False,False
5140,2026-09-19,Johannesburg,Gauteng,-26.2041,28.0473,Construction,True,True,False,False
5141,2026-09-19,Johannesburg,Gauteng,-26.2041,28.0473,Construction,True,True,True,True
5142,2026-09-19,Cape Town,Western Cape,-33.9249,18.4241,Catering,True,True,True,False
5143,2026-09-19,Pretoria,Gauteng,-25.7479,28.2293,Construction,True,True,False,False
5144,2026-09-19,Cape Town,Western Cape,-33.9249,18.4241,Spaza Shop,True,True,True,False
5145,2026-09-19,Johannesburg,Gauteng,-26.2041,28.0473,Transport,True,False,False,False
5146,2026-09-19,Bloemfontein,Free State,-29.0852,26.1596,Tech Services,True,True,False,False
5147,2026-09-19,Durban,KwaZulu-Natal,-29.8587,31.0218,Catering,True,True,False,False
5148,2026-09-19,Johannesburg,Gauteng,-26.2041,28.0473,Hair Salon,True,True,False,False
5149,2026-09-19,Durban,KwaZulu-Natal,-29.8587,31.0218,Spaza Shop,True,False,False,False
5150,2026-09-19,Durban,KwaZulu-Natal,-29.8587,31.0218,Transport,True,True,False,False
5151,2026-09-19,Cape Town,Western Cape,-33.9249,18.4241,Catering,True,False,False,False
5152,2026-09-19,Johannesburg,Gauteng,-26.2041,28.0473,Construction,True,False,False,False
5153,2026-09-19,Pretoria,Gauteng,-25.7479,28.2293,Construction,True,True,True,False
5154,2026-09-19,Cape Town,Western Cape,-33.9249,18.4241,Spaza Shop,True,True,False,False
5155,2026-09-19,Pretoria,Gauteng,-25.7479,28.2293,Tech Services,True,False,False,False
5156,2026-09-19,Bloemfontein,Free State,-29.0852,26.1596,Retail,True,True,False,False
5157,2026-09-19,Pretoria,Gauteng,-25.7479,28.2293,Food Stall,True,True,True,True
5158,2026-09-19,Polokwane,Limpopo,-23.9045,29.4689,Transport,True,False,False,False
5159,2026-09-19,Polokwane,Limpopo,-23.9045,29.4689,Food Stall,True,True,False,False
5160,2026-09-19,Johannesburg,Gauteng,-26.2041,28.0473,Construction,True,False,False,False
5161,2026-09-19,Cape Town,Western Cape,-33.9249,18.4241,Hair Salon,True,False,False,False
5162,2026-09-19,Cape Town,Western Cape,-33.9249,18.4241,Transport,True,True,False,False
5163,2026-09-19,East London,Eastern Cape,-33.0153,27.9116,Spaza Shop,True,False,False,False
5164,2026-09-19,Mbombela,Mpumalanga,-25.4753,30.9694,Catering,True,True,False,False
5165,2026-09-19,Durban,KwaZulu-Natal,-29.8587,31.0218,Retail,True,True,False,False
5166,2026-09-19,Pretoria,Gauteng,-25.7479,28.2293,Tech Services,True,False,False,False
5167,2026-09-19,Johannesburg,Gauteng,-26.2041,28.0473,Transport,True,False,False,False
5168,2026-09-19,Cape Town,Western Cape,-33.9249,18.4241,Spaza Shop,True,False,False,False
5169,2026-09-19,Pretoria,Gauteng,-25.7479,28.2293,Food Stall,True,True,False,False
5170,2026-09-19,Pretoria,Gauteng,-25.7479,28.2293,Construction,True,True,False,False
5171,2026-09-20,Johannesburg,Gauteng,-26.2041,28.0473,Tech Services,True,True,True,True
5172,2026-09-20,Cape Town,Western Cape,-33.9249,18.4241,Hair Salon,True,False,False,False
5173,2026-09-20,Durban,KwaZulu-Natal,-29.8587,31.0218,Tech Services,True,True,False,False
5174,2026-09-20,Cape Town,Western Cape,-33.9249,18.4241,Retail,True,False,False,False
5175,2026-09-20,Bloemfontein,Free State,-29.0852,26.1596,Food Stall,True,True,False,False
5176,2026-09-20,Cape Town,Western Cape,-33.9249,18.4241,Transport,True,True,True,False
5177,2026-09-20,Gqeberha,Eastern Cape,-33.9608,25.6022,Spaza Shop,True,False,False,False
5178,2026-09-20,Cape Town,Western Cape,-33.9249,18.4241,Tech Services,True,False,False,False
5179,2026-09-20,Johannesburg,Gauteng,-26.2041,28.0473,Food Stall,True,True,True,False
5180,2026-09-20,Kimberley,Northern Cape,-28.7282,24.7499,Transport,True,True,False,False
5181,2026-09-20,Polokwane,Limpopo,-23.9045,29.4689,Retail,True,False,False,False
5182,2026-09-20,Durban,KwaZulu-Natal,-29.8587,31.0218,Retail,True,True,True,False
5183,2026-09-20,Durban,KwaZulu-Natal,-29.8587,31.0218,Hair Salon,True,True,False,False
5184,2026-09-20,Durban,KwaZulu-Natal,-29.8587,31.0218,Spaza Shop,True,True,False,False
5185,2026-09-20,Cape Town,Western Cape,-33.9249,18.4241,Hair Salon,True,True,False,False
5186,2026-09-20,Cape Town,Western Cape,-33.9249,18.4241,Spaza Shop,True,True,False,False
5187,2026-09-20,Cape Town,Western Cape,-33.9249,18.4241,Catering,True,False,False,False
5188,2026-09-20,Bloemfontein,Free State,-29.0852,26.1596,Catering,True,True,False,False
5189,2026-09-20,Cape Town,Western Cape,-33.9249,18.4241,Construction,True,True,True,True
5190,2026-09-20,Bloemfontein,Free State,-29.0852,26.1596,Spaza Shop,True,True,True,False
5191,2026-09-20,Durban,KwaZulu-Natal,-29.8587,31.0218,Retail,True,False,False,False
5192,2026-09-20,Durban,KwaZulu-Natal,-29.8587,31.0218,Catering,True,True,False,False
5193,2026-09-20,Johannesburg,Gauteng,-26.2041,28.0473,Construction,True,False,False,False
5194,2026-09-20,Kimberley,Northern Cape,-28.7282,24.7499,Transport,True,True,False,False
5195,2026-09-20,Pretoria,Gauteng,-25.7479,28.2293,Spaza Shop,True,False,False,False
5196,2026-09-20,Johannesburg,Gauteng,-26.2041,28.0473,Tech Services,True,True,False,False
5197,2026-09-20,Cape Town,Western Cape,-33.9249,18.4241,Catering,True,False,False,False
5198,2026-09-20,Johannesburg,Gauteng,-26.2041,28.0473,Construction,True,True,False,False
